species,importance,rank,method,cv_auc_mean,cv_auc_sd
Dialister pneumosintes,0.005070647753401368,1,Extra Trees,0.7302500809994198,0.05733706763082255
Fusobacterium nucleatum,0.0033465323814258824,2,Extra Trees,0.7302500809994198,0.05733706763082255
Selenomonas sputigena,0.003220257006133035,3,Extra Trees,0.7302500809994198,0.05733706763082255
Parvimonas micra,0.0032190732108930897,4,Extra Trees,0.7302500809994198,0.05733706763082255
Dorea longicatena,0.003158433296676525,5,Extra Trees,0.7302500809994198,0.05733706763082255
Peptostreptococcus stomatis,0.003121824468684159,6,Extra Trees,0.7302500809994198,0.05733706763082255
Bacteroides timonensis,0.00276828649547426,7,Extra Trees,0.7302500809994198,0.05733706763082255
Prevotella intermedia,0.002665670927835795,8,Extra Trees,0.7302500809994198,0.05733706763082255
Gemella morbillorum,0.0023954890042893855,9,Extra Trees,0.7302500809994198,0.05733706763082255
Bacteroides uniformis,0.002300761587338371,10,Extra Trees,0.7302500809994198,0.05733706763082255
Phocaeicola massiliensis,0.002158487441268338,11,Extra Trees,0.7302500809994198,0.05733706763082255
Bacteroides thetaiotaomicron,0.002114564911960002,12,Extra Trees,0.7302500809994198,0.05733706763082255
Blautia glucerasea,0.0020713135107297536,13,Extra Trees,0.7302500809994198,0.05733706763082255
Abiotrophia sp HMSC24B09,0.0020699264971769673,14,Extra Trees,0.7302500809994198,0.05733706763082255
Ruminococcus torques,0.0020348125078428997,15,Extra Trees,0.7302500809994198,0.05733706763082255
Ruminococcus bromii,0.001984234345146281,16,Extra Trees,0.7302500809994198,0.05733706763082255
Holdemania filiformis,0.0019292648512288593,17,Extra Trees,0.7302500809994198,0.05733706763082255
Escherichia coli,0.0019234072509578995,18,Extra Trees,0.7302500809994198,0.05733706763082255
Lachnospiraceae bacterium WCA3 601 WT 6H,0.0019140540781612428,19,Extra Trees,0.7302500809994198,0.05733706763082255
Butyricicoccus sp AM29 23AC,0.0019064696968549605,20,Extra Trees,0.7302500809994198,0.05733706763082255
Peptostreptococcus anaerobius,0.0018956324265055314,21,Extra Trees,0.7302500809994198,0.05733706763082255
Blautia faecis,0.0018779933997245986,22,Extra Trees,0.7302500809994198,0.05733706763082255
Lacrimispora amygdalina,0.0018408170422884941,23,Extra Trees,0.7302500809994198,0.05733706763082255
GGB3293 SGB4348,0.0018178600246065962,24,Extra Trees,0.7302500809994198,0.05733706763082255
Lachnospiraceae unclassified SGB4894,0.0018153619895370401,25,Extra Trees,0.7302500809994198,0.05733706763082255
Clostridiales bacterium KLE1615,0.0018071684431754706,26,Extra Trees,0.7302500809994198,0.05733706763082255
Bacteroides fragilis,0.0017851266477007105,27,Extra Trees,0.7302500809994198,0.05733706763082255
Faecalicatena contorta,0.0017695180031055417,28,Extra Trees,0.7302500809994198,0.05733706763082255
Weissella confusa,0.0017641551175822106,29,Extra Trees,0.7302500809994198,0.05733706763082255
Bacteroides xylanisolvens,0.0017561437078212733,30,Extra Trees,0.7302500809994198,0.05733706763082255
GGB9642 SGB15119,0.0017347356687681722,31,Extra Trees,0.7302500809994198,0.05733706763082255
GGB9501 SGB14898,0.0017312948893085582,32,Extra Trees,0.7302500809994198,0.05733706763082255
Tyzzerella nexilis,0.0017183341983254708,33,Extra Trees,0.7302500809994198,0.05733706763082255
Ruminococcus callidus,0.0016881042203772934,34,Extra Trees,0.7302500809994198,0.05733706763082255
Eggerthella lenta,0.0016794411958869244,35,Extra Trees,0.7302500809994198,0.05733706763082255
Gemmiger formicilis,0.0016721923443913326,36,Extra Trees,0.7302500809994198,0.05733706763082255
Clostridia bacterium UC5 1 1D1,0.0016700911910552077,37,Extra Trees,0.7302500809994198,0.05733706763082255
GGB9342 SGB14306,0.0016298366609791858,38,Extra Trees,0.7302500809994198,0.05733706763082255
GGB2983 SGB3965,0.001626624736664035,39,Extra Trees,0.7302500809994198,0.05733706763082255
Clostridia unclassified SGB14844,0.0016155076881601727,40,Extra Trees,0.7302500809994198,0.05733706763082255
GGB6606 SGB9340,0.0016033416060714004,41,Extra Trees,0.7302500809994198,0.05733706763082255
Megamonas funiformis,0.0015942937676636654,42,Extra Trees,0.7302500809994198,0.05733706763082255
Ruminococcaceae bacterium,0.0015936181857130604,43,Extra Trees,0.7302500809994198,0.05733706763082255
Clostridia unclassified SGB4447,0.001591046177252713,44,Extra Trees,0.7302500809994198,0.05733706763082255
Faecalicatena fissicatena,0.0015892369716008655,45,Extra Trees,0.7302500809994198,0.05733706763082255
Streptococcus dysgalactiae,0.0015880113242950622,46,Extra Trees,0.7302500809994198,0.05733706763082255
Bacteroidaceae bacterium,0.0015742780974574387,47,Extra Trees,0.7302500809994198,0.05733706763082255
Enterocloster bolteae,0.0015721536804200755,48,Extra Trees,0.7302500809994198,0.05733706763082255
Anaerobutyricum hallii,0.0015525906275774132,49,Extra Trees,0.7302500809994198,0.05733706763082255
Candidatus Cibiobacter qucibialis,0.0015504227972461843,50,Extra Trees,0.7302500809994198,0.05733706763082255
GGB9186 SGB14125,0.001540940040367972,51,Extra Trees,0.7302500809994198,0.05733706763082255
Bifidobacterium pseudocatenulatum,0.0015389075631306501,52,Extra Trees,0.7302500809994198,0.05733706763082255
Roseburia faecis,0.0015351330086428342,53,Extra Trees,0.7302500809994198,0.05733706763082255
Alistipes communis,0.001524802149370093,54,Extra Trees,0.7302500809994198,0.05733706763082255
Sellimonas intestinalis,0.0015210462848682937,55,Extra Trees,0.7302500809994198,0.05733706763082255
Schaalia turicensis,0.0015149752011864085,56,Extra Trees,0.7302500809994198,0.05733706763082255
Sutterella wadsworthensis,0.0015135911436809423,57,Extra Trees,0.7302500809994198,0.05733706763082255
GGB3005 SGB3996,0.0015017700026924354,58,Extra Trees,0.7302500809994198,0.05733706763082255
Anaerotignum faecicola,0.0015013294879663592,59,Extra Trees,0.7302500809994198,0.05733706763082255
Phocaeicola dorei,0.0014984771988351931,60,Extra Trees,0.7302500809994198,0.05733706763082255
GGB9615 SGB15053,0.0014966276744711776,61,Extra Trees,0.7302500809994198,0.05733706763082255
Prevotella copri clade A,0.0014937011934776424,62,Extra Trees,0.7302500809994198,0.05733706763082255
GGB3746 SGB5089,0.0014915623926915482,63,Extra Trees,0.7302500809994198,0.05733706763082255
Ruminococcaceae unclassified SGB4425,0.0014812178245727614,64,Extra Trees,0.7302500809994198,0.05733706763082255
Bacteroides stercoris,0.0014792236140511949,65,Extra Trees,0.7302500809994198,0.05733706763082255
Sutterella parvirubra,0.0014770378812828447,66,Extra Trees,0.7302500809994198,0.05733706763082255
Fusicatenibacter saccharivorans,0.001475390101811406,67,Extra Trees,0.7302500809994198,0.05733706763082255
GGB9618 SGB15065,0.001469767944719267,68,Extra Trees,0.7302500809994198,0.05733706763082255
Faecalibacillus intestinalis,0.0014654512134445205,69,Extra Trees,0.7302500809994198,0.05733706763082255
Phascolarctobacterium faecium,0.0014641565812768841,70,Extra Trees,0.7302500809994198,0.05733706763082255
GGB9694 SGB15204,0.0014568219283401947,71,Extra Trees,0.7302500809994198,0.05733706763082255
Eubacterium ventriosum,0.0014566993849762441,72,Extra Trees,0.7302500809994198,0.05733706763082255
Dysosmobacter sp NSJ 60,0.0014536386851509932,73,Extra Trees,0.7302500809994198,0.05733706763082255
Alistipes putredinis,0.0014535904382759048,74,Extra Trees,0.7302500809994198,0.05733706763082255
Anaerococcus obesiensis,0.001446073793109048,75,Extra Trees,0.7302500809994198,0.05733706763082255
Clostridium sp Marseille P3244,0.001445829703374947,76,Extra Trees,0.7302500809994198,0.05733706763082255
Faecalibacterium prausnitzii,0.001436570096604172,77,Extra Trees,0.7302500809994198,0.05733706763082255
Blautia massiliensis,0.0014325372246485751,78,Extra Trees,0.7302500809994198,0.05733706763082255
Lachnoclostridium sp An118,0.001432445675745419,79,Extra Trees,0.7302500809994198,0.05733706763082255
Dorea formicigenerans,0.0014308809108540999,80,Extra Trees,0.7302500809994198,0.05733706763082255
Phocaeicola coprocola,0.0014302003757406328,81,Extra Trees,0.7302500809994198,0.05733706763082255
Bacteroides faecis,0.001423771826326172,82,Extra Trees,0.7302500809994198,0.05733706763082255
Blautia obeum,0.0014169747364377668,83,Extra Trees,0.7302500809994198,0.05733706763082255
Bifidobacterium longum,0.0014133987071997117,84,Extra Trees,0.7302500809994198,0.05733706763082255
Clostridium sp NSJ 42,0.0014118093634844504,85,Extra Trees,0.7302500809994198,0.05733706763082255
GGB6612 SGB9346,0.0014115396294374332,86,Extra Trees,0.7302500809994198,0.05733706763082255
Firmicutes bacterium AF16 15,0.0014088937953820877,87,Extra Trees,0.7302500809994198,0.05733706763082255
Evtepia gabavorous,0.0014088922645085497,88,Extra Trees,0.7302500809994198,0.05733706763082255
Clostridium sp CL 2,0.0014088471456576532,89,Extra Trees,0.7302500809994198,0.05733706763082255
Blautia wexlerae,0.001404013262647509,90,Extra Trees,0.7302500809994198,0.05733706763082255
GGB3256 SGB4303,0.0014037986384284023,91,Extra Trees,0.7302500809994198,0.05733706763082255
Bacteroides intestinalis,0.0014001942380198259,92,Extra Trees,0.7302500809994198,0.05733706763082255
Lachnospira eligens,0.0013972726778018142,93,Extra Trees,0.7302500809994198,0.05733706763082255
Eubacterium ramulus,0.0013971633145865594,94,Extra Trees,0.7302500809994198,0.05733706763082255
GGB9631 SGB15087,0.0013967993257428713,95,Extra Trees,0.7302500809994198,0.05733706763082255
Odoribacter splanchnicus,0.001396681231362097,96,Extra Trees,0.7302500809994198,0.05733706763082255
Phocaeicola vulgatus,0.0013949048075642622,97,Extra Trees,0.7302500809994198,0.05733706763082255
Massilimicrobiota timonensis,0.001389898341325501,98,Extra Trees,0.7302500809994198,0.05733706763082255
Parasutterella excrementihominis,0.0013765341621419724,99,Extra Trees,0.7302500809994198,0.05733706763082255
GGB9581 SGB14999,0.0013765041432701834,100,Extra Trees,0.7302500809994198,0.05733706763082255
Roseburia inulinivorans,0.0013658169187075978,101,Extra Trees,0.7302500809994198,0.05733706763082255
Enterococcus faecium,0.0013652685844699078,102,Extra Trees,0.7302500809994198,0.05733706763082255
Oscillibacter sp PC13,0.0013602480856601308,103,Extra Trees,0.7302500809994198,0.05733706763082255
Clostridium sp AM22 11AC,0.0013585907491757148,104,Extra Trees,0.7302500809994198,0.05733706763082255
Lachnospiraceae bacterium,0.0013560843846076238,105,Extra Trees,0.7302500809994198,0.05733706763082255
Bacteroides clarus,0.0013559976670057944,106,Extra Trees,0.7302500809994198,0.05733706763082255
Akkermansia muciniphila,0.00135584303996429,107,Extra Trees,0.7302500809994198,0.05733706763082255
Lachnoclostridium sp An131,0.001354334673333001,108,Extra Trees,0.7302500809994198,0.05733706763082255
Dielma fastidiosa,0.0013536298853575172,109,Extra Trees,0.7302500809994198,0.05733706763082255
Paraprevotella clara,0.0013484730420345536,110,Extra Trees,0.7302500809994198,0.05733706763082255
Bilophila wadsworthia,0.0013426795747812355,111,Extra Trees,0.7302500809994198,0.05733706763082255
Clostridium symbiosum,0.001341612396874476,112,Extra Trees,0.7302500809994198,0.05733706763082255
GGB2980 SGB3962,0.001340264719196692,113,Extra Trees,0.7302500809994198,0.05733706763082255
Blautia schinkii,0.001337681412668191,114,Extra Trees,0.7302500809994198,0.05733706763082255
Firmicutes bacterium,0.0013375042315894614,115,Extra Trees,0.7302500809994198,0.05733706763082255
Phascolarctobacterium succinatutens,0.0013283054611831911,116,Extra Trees,0.7302500809994198,0.05733706763082255
Aeromonas hydrophila,0.001328275857055117,117,Extra Trees,0.7302500809994198,0.05733706763082255
Clostridia unclassified SGB4121,0.0013253917412226778,118,Extra Trees,0.7302500809994198,0.05733706763082255
Bacteroides cellulosilyticus,0.0013227946941645034,119,Extra Trees,0.7302500809994198,0.05733706763082255
Parabacteroides merdae,0.0013175427983411364,120,Extra Trees,0.7302500809994198,0.05733706763082255
Escherichia marmotae,0.0013091220203920006,121,Extra Trees,0.7302500809994198,0.05733706763082255
Alistipes shahii,0.0013072376660282748,122,Extra Trees,0.7302500809994198,0.05733706763082255
Candidatus Allochristensenella caecavium,0.0013055398939326537,123,Extra Trees,0.7302500809994198,0.05733706763082255
GGB9636 SGB15107,0.0013053341753100083,124,Extra Trees,0.7302500809994198,0.05733706763082255
Coprobacter secundus,0.0012924912556356491,125,Extra Trees,0.7302500809994198,0.05733706763082255
Phocaeicola plebeius,0.0012920973117218786,126,Extra Trees,0.7302500809994198,0.05733706763082255
Eubacterium rectale,0.0012905684307275712,127,Extra Trees,0.7302500809994198,0.05733706763082255
Intestinimonas massiliensis,0.00128862296611393,128,Extra Trees,0.7302500809994198,0.05733706763082255
GGB36331 SGB53806,0.001282130356495075,129,Extra Trees,0.7302500809994198,0.05733706763082255
GGB34228 SGB72916,0.0012816235822372068,130,Extra Trees,0.7302500809994198,0.05733706763082255
GGB3887 SGB5270,0.0012815925604936023,131,Extra Trees,0.7302500809994198,0.05733706763082255
Clostridium leptum,0.001279777833693538,132,Extra Trees,0.7302500809994198,0.05733706763082255
Clostridiales bacterium,0.001277879947957235,133,Extra Trees,0.7302500809994198,0.05733706763082255
Veillonella parvula,0.0012751258744598658,134,Extra Trees,0.7302500809994198,0.05733706763082255
Ruminococcus bicirculans,0.0012724791299858526,135,Extra Trees,0.7302500809994198,0.05733706763082255
Bacteroides ovatus,0.0012723694107240723,136,Extra Trees,0.7302500809994198,0.05733706763082255
Clostridium sp AF20 17LB,0.001252308881979619,137,Extra Trees,0.7302500809994198,0.05733706763082255
GGB3278 SGB4328,0.0012495800960536294,138,Extra Trees,0.7302500809994198,0.05733706763082255
Coprococcus eutactus,0.0012477423207061477,139,Extra Trees,0.7302500809994198,0.05733706763082255
Anaerostipes hadrus,0.0012417771441307981,140,Extra Trees,0.7302500809994198,0.05733706763082255
Bifidobacterium adolescentis,0.0012387796828411562,141,Extra Trees,0.7302500809994198,0.05733706763082255
Enterocloster aldensis,0.0012363516634483853,142,Extra Trees,0.7302500809994198,0.05733706763082255
Merdimonas faecis,0.00123249011220105,143,Extra Trees,0.7302500809994198,0.05733706763082255
Ruminococcaceae unclassified SGB15260,0.0012279082846053367,144,Extra Trees,0.7302500809994198,0.05733706763082255
Clostridium SGB4751,0.0012266241053661229,145,Extra Trees,0.7302500809994198,0.05733706763082255
GGB4266 SGB5809,0.001224678898735173,146,Extra Trees,0.7302500809994198,0.05733706763082255
Candidatus Avimonas narfia,0.0012230000279597106,147,Extra Trees,0.7302500809994198,0.05733706763082255
Lancefieldella parvula,0.0012227036846152635,148,Extra Trees,0.7302500809994198,0.05733706763082255
GGB9623 SGB15076,0.001220553680859283,149,Extra Trees,0.7302500809994198,0.05733706763082255
Clostridium sp AM33 3,0.0012203901280628373,150,Extra Trees,0.7302500809994198,0.05733706763082255
Flavonifractor sp An10,0.001219276810697919,151,Extra Trees,0.7302500809994198,0.05733706763082255
Parabacteroides distasonis,0.0012131929742279196,152,Extra Trees,0.7302500809994198,0.05733706763082255
Clostridium sp AF34 10BH,0.0012105896936074085,153,Extra Trees,0.7302500809994198,0.05733706763082255
Lachnospira pectinoschiza,0.001210515816841463,154,Extra Trees,0.7302500809994198,0.05733706763082255
GGB9758 SGB15368,0.0012103460137254255,155,Extra Trees,0.7302500809994198,0.05733706763082255
Faecalicatena orotica,0.0012086746726843564,156,Extra Trees,0.7302500809994198,0.05733706763082255
GGB3571 SGB4778,0.0012079528863422004,157,Extra Trees,0.7302500809994198,0.05733706763082255
Lacrimispora celerecrescens,0.0012062067533171526,158,Extra Trees,0.7302500809994198,0.05733706763082255
Lachnospira SGB5077,0.0012050370450463722,159,Extra Trees,0.7302500809994198,0.05733706763082255
Slackia exigua,0.0012035548788574553,160,Extra Trees,0.7302500809994198,0.05733706763082255
Campylobacter rectus,0.0011952578874770761,161,Extra Trees,0.7302500809994198,0.05733706763082255
Dorea sp AF36 15AT,0.0011870843548178603,162,Extra Trees,0.7302500809994198,0.05733706763082255
Roseburia sp AM23 20,0.0011870003097171377,163,Extra Trees,0.7302500809994198,0.05733706763082255
GGB2977 SGB3959,0.0011864059540192713,164,Extra Trees,0.7302500809994198,0.05733706763082255
Ruminococcus gnavus,0.0011852410914081491,165,Extra Trees,0.7302500809994198,0.05733706763082255
Alistipes onderdonkii,0.001184781616675944,166,Extra Trees,0.7302500809994198,0.05733706763082255
Prevotella copri clade C,0.0011838533575214256,167,Extra Trees,0.7302500809994198,0.05733706763082255
GGB55957 SGB77276,0.001180602417129984,168,Extra Trees,0.7302500809994198,0.05733706763082255
Butyricimonas virosa,0.0011795859917024447,169,Extra Trees,0.7302500809994198,0.05733706763082255
Barnesiella intestinihominis,0.0011792737330019905,170,Extra Trees,0.7302500809994198,0.05733706763082255
Allisonella histaminiformans,0.001176359177922212,171,Extra Trees,0.7302500809994198,0.05733706763082255
GGB9632 SGB15089,0.0011737101184571123,172,Extra Trees,0.7302500809994198,0.05733706763082255
GGB9633 SGB15091,0.0011729316930933552,173,Extra Trees,0.7302500809994198,0.05733706763082255
Bacteroides caccae,0.0011723166433585959,174,Extra Trees,0.7302500809994198,0.05733706763082255
Dysosmobacter welbionis,0.0011678870148357848,175,Extra Trees,0.7302500809994198,0.05733706763082255
Collinsella aerofaciens,0.00116747575389143,176,Extra Trees,0.7302500809994198,0.05733706763082255
Clostridiaceae bacterium,0.001164554946707556,177,Extra Trees,0.7302500809994198,0.05733706763082255
Candidatus Avimicrobium caecorum,0.001161101304123132,178,Extra Trees,0.7302500809994198,0.05733706763082255
Prevotella SGB1680,0.0011599466823543204,179,Extra Trees,0.7302500809994198,0.05733706763082255
Bacteroides nordii,0.0011596952728623496,180,Extra Trees,0.7302500809994198,0.05733706763082255
GGB6574 SGB9289,0.0011524381101197952,181,Extra Trees,0.7302500809994198,0.05733706763082255
Prevotella pectinovora,0.001151146871119493,182,Extra Trees,0.7302500809994198,0.05733706763082255
Coprococcus catus,0.0011501582111712331,183,Extra Trees,0.7302500809994198,0.05733706763082255
Bifidobacterium catenulatum,0.0011462569027612442,184,Extra Trees,0.7302500809994198,0.05733706763082255
GGB9568 SGB14980,0.0011456752178117865,185,Extra Trees,0.7302500809994198,0.05733706763082255
Enterobacter hormaechei,0.0011429211901597504,186,Extra Trees,0.7302500809994198,0.05733706763082255
Bifidobacterium breve,0.0011413849945455658,187,Extra Trees,0.7302500809994198,0.05733706763082255
Bacteroides finegoldii,0.0011413469041144189,188,Extra Trees,0.7302500809994198,0.05733706763082255
Alistipes indistinctus,0.0011378611882044204,189,Extra Trees,0.7302500809994198,0.05733706763082255
Candidatus Saccharibacteria unclassified SGB19850,0.0011360999490746398,190,Extra Trees,0.7302500809994198,0.05733706763082255
GGB9512 SGB14909,0.0011349777522845802,191,Extra Trees,0.7302500809994198,0.05733706763082255
Clostridia bacterium,0.001134152677891744,192,Extra Trees,0.7302500809994198,0.05733706763082255
Leuconostoc mesenteroides,0.0011325344240286032,193,Extra Trees,0.7302500809994198,0.05733706763082255
Oscillibacter sp ER4,0.0011285522626214147,194,Extra Trees,0.7302500809994198,0.05733706763082255
Parabacteroides goldsteinii,0.001125384649372212,195,Extra Trees,0.7302500809994198,0.05733706763082255
Bacteroides salyersiae,0.0011249554887720551,196,Extra Trees,0.7302500809994198,0.05733706763082255
GGB9524 SGB14924,0.0011220848251415564,197,Extra Trees,0.7302500809994198,0.05733706763082255
Enterocloster citroniae,0.0011197192164596498,198,Extra Trees,0.7302500809994198,0.05733706763082255
GGB3034 SGB4030,0.0011119500379773617,199,Extra Trees,0.7302500809994198,0.05733706763082255
Desulfovibrio piger,0.0011110716030468563,200,Extra Trees,0.7302500809994198,0.05733706763082255
Ruthenibacterium lactatiformans,0.001109886197752719,201,Extra Trees,0.7302500809994198,0.05733706763082255
Klebsiella aerogenes,0.0011088234715539626,202,Extra Trees,0.7302500809994198,0.05733706763082255
Faecalibacterium SGB15346,0.0011081539030814024,203,Extra Trees,0.7302500809994198,0.05733706763082255
Megasphaera elsdenii,0.0011070340001599988,204,Extra Trees,0.7302500809994198,0.05733706763082255
Clostridium fessum,0.0011065918827325924,205,Extra Trees,0.7302500809994198,0.05733706763082255
Fusobacterium gonidiaformans,0.001106409848775707,206,Extra Trees,0.7302500809994198,0.05733706763082255
Klebsiella pneumoniae,0.0011061870944046326,207,Extra Trees,0.7302500809994198,0.05733706763082255
Gordonibacter pamelaeae,0.001102506484844669,208,Extra Trees,0.7302500809994198,0.05733706763082255
Intestinibacter bartlettii,0.0011018839229801256,209,Extra Trees,0.7302500809994198,0.05733706763082255
Alistipes sp AF17 16,0.0011001101125844882,210,Extra Trees,0.7302500809994198,0.05733706763082255
Rothia mucilaginosa,0.0010997947746825166,211,Extra Trees,0.7302500809994198,0.05733706763082255
Streptococcus anginosus,0.0010996633136356427,212,Extra Trees,0.7302500809994198,0.05733706763082255
Anaeromassilibacillus sp An250,0.00109724917782063,213,Extra Trees,0.7302500809994198,0.05733706763082255
GGB9602 SGB15031,0.0010938627688960607,214,Extra Trees,0.7302500809994198,0.05733706763082255
Roseburia hominis,0.0010894005115417865,215,Extra Trees,0.7302500809994198,0.05733706763082255
Candidatus Pararuminococcus gallinarum,0.0010876566825241195,216,Extra Trees,0.7302500809994198,0.05733706763082255
GGB9614 SGB15049,0.0010817660658952101,217,Extra Trees,0.7302500809994198,0.05733706763082255
Fusobacterium varium,0.0010811447070576449,218,Extra Trees,0.7302500809994198,0.05733706763082255
Alistipes finegoldii,0.0010810082539106736,219,Extra Trees,0.7302500809994198,0.05733706763082255
GGB3637 SGB4930,0.0010733470469795167,220,Extra Trees,0.7302500809994198,0.05733706763082255
Flavonifractor plautii,0.0010703356482620354,221,Extra Trees,0.7302500809994198,0.05733706763082255
Haemophilus parainfluenzae,0.0010686233569683198,222,Extra Trees,0.7302500809994198,0.05733706763082255
Granulicatella adiacens,0.001066977662309445,223,Extra Trees,0.7302500809994198,0.05733706763082255
Streptococcus sp A12,0.0010621191412940245,224,Extra Trees,0.7302500809994198,0.05733706763082255
Porphyromonas endodontalis,0.0010613415270885787,225,Extra Trees,0.7302500809994198,0.05733706763082255
Fusobacterium mortiferum,0.0010558525831734914,226,Extra Trees,0.7302500809994198,0.05733706763082255
Roseburia intestinalis,0.0010547065725622965,227,Extra Trees,0.7302500809994198,0.05733706763082255
Faecalibacterium SGB15345,0.001054101986625242,228,Extra Trees,0.7302500809994198,0.05733706763082255
Clostridiaceae bacterium OM08 6BH,0.0010496296999958107,229,Extra Trees,0.7302500809994198,0.05733706763082255
Actinomyces bouchesdurhonensis,0.0010496242047781305,230,Extra Trees,0.7302500809994198,0.05733706763082255
GGB1243 SGB1663,0.0010452679692162195,231,Extra Trees,0.7302500809994198,0.05733706763082255
Angelakisella massiliensis,0.0010419820010963295,232,Extra Trees,0.7302500809994198,0.05733706763082255
Citrobacter freundii,0.0010419054338131415,233,Extra Trees,0.7302500809994198,0.05733706763082255
Christensenella minuta,0.0010418726712713873,234,Extra Trees,0.7302500809994198,0.05733706763082255
Alloprevotella tannerae,0.0010402061923599696,235,Extra Trees,0.7302500809994198,0.05733706763082255
Clostridium sp AT4,0.0010360040950961786,236,Extra Trees,0.7302500809994198,0.05733706763082255
Amedibacillus dolichus,0.0010354349922316324,237,Extra Trees,0.7302500809994198,0.05733706763082255
Urinicoccus massiliensis,0.0010317975129429796,238,Extra Trees,0.7302500809994198,0.05733706763082255
Candidatus Gastranaerophilales bacterium,0.001029229621268896,239,Extra Trees,0.7302500809994198,0.05733706763082255
Lachnospira SGB5076,0.0010286248995602606,240,Extra Trees,0.7302500809994198,0.05733706763082255
Acidaminococcus massiliensis,0.0010271631144733854,241,Extra Trees,0.7302500809994198,0.05733706763082255
Clostridium spiroforme,0.0010259796569968675,242,Extra Trees,0.7302500809994198,0.05733706763082255
GGB1420 SGB1957,0.0010258454887382643,243,Extra Trees,0.7302500809994198,0.05733706763082255
Agathobaculum butyriciproducens,0.0010255029059377204,244,Extra Trees,0.7302500809994198,0.05733706763082255
Blautia SGB4815,0.0010212766981553781,245,Extra Trees,0.7302500809994198,0.05733706763082255
Prevotella stercorea,0.0010212153294106205,246,Extra Trees,0.7302500809994198,0.05733706763082255
Mesosutterella multiformis,0.0010182989357480985,247,Extra Trees,0.7302500809994198,0.05733706763082255
GGB9699 SGB15216,0.001015383355820813,248,Extra Trees,0.7302500809994198,0.05733706763082255
Lacrimispora saccharolytica,0.0010141578705171665,249,Extra Trees,0.7302500809994198,0.05733706763082255
Gemella sanguinis,0.001013582343328843,250,Extra Trees,0.7302500809994198,0.05733706763082255
Ruminococcaceae unclassified SGB15234,0.0010088073822686365,251,Extra Trees,0.7302500809994198,0.05733706763082255
Bifidobacterium bifidum,0.0010079975730182913,252,Extra Trees,0.7302500809994198,0.05733706763082255
Acidaminococcaceae bacterium,0.0010060257751641417,253,Extra Trees,0.7302500809994198,0.05733706763082255
GGB3570 SGB4777,0.0010055906312086756,254,Extra Trees,0.7302500809994198,0.05733706763082255
GGB9712 SGB15244,0.0010045410115766726,255,Extra Trees,0.7302500809994198,0.05733706763082255
Clostridium sp AF27 2AA,0.001003606033451944,256,Extra Trees,0.7302500809994198,0.05733706763082255
Clostridium sp OM07 10AC,0.001003328147505807,257,Extra Trees,0.7302500809994198,0.05733706763082255
Pseudoflavonifractor SGB15156,0.0010028797848416712,258,Extra Trees,0.7302500809994198,0.05733706763082255
Actinomyces graevenitzii,0.0010025188415066022,259,Extra Trees,0.7302500809994198,0.05733706763082255
Clostridium phoceensis,0.0009993608734789904,260,Extra Trees,0.7302500809994198,0.05733706763082255
Solobacterium SGB6833,0.000998957429266857,261,Extra Trees,0.7302500809994198,0.05733706763082255
Rikenellaceae bacterium,0.0009985512864966754,262,Extra Trees,0.7302500809994198,0.05733706763082255
Neobittarella massiliensis,0.0009978741120811603,263,Extra Trees,0.7302500809994198,0.05733706763082255
Peptostreptococcus SGB749,0.0009939423892603954,264,Extra Trees,0.7302500809994198,0.05733706763082255
Slackia isoflavoniconvertens,0.0009845600705789197,265,Extra Trees,0.7302500809994198,0.05733706763082255
Mediterraneibacter massiliensis,0.0009843715381228878,266,Extra Trees,0.7302500809994198,0.05733706763082255
Intestinimonas butyriciproducens,0.0009837632208714883,267,Extra Trees,0.7302500809994198,0.05733706763082255
Faecalimonas umbilicata,0.0009833543972338884,268,Extra Trees,0.7302500809994198,0.05733706763082255
Streptococcus gallolyticus,0.0009814259038664883,269,Extra Trees,0.7302500809994198,0.05733706763082255
Intestinimonas gabonensis,0.0009807760024807591,270,Extra Trees,0.7302500809994198,0.05733706763082255
Streptococcus salivarius,0.0009796301118665512,271,Extra Trees,0.7302500809994198,0.05733706763082255
Porphyromonas SGB1980,0.0009780687775570694,272,Extra Trees,0.7302500809994198,0.05733706763082255
Actinomyces sp ICM58,0.0009767756414430081,273,Extra Trees,0.7302500809994198,0.05733706763082255
Hungatella hathewayi,0.0009758095463934617,274,Extra Trees,0.7302500809994198,0.05733706763082255
GGB9557 SGB14966,0.0009743947558419261,275,Extra Trees,0.7302500809994198,0.05733706763082255
GGB51441 SGB71759,0.0009735045361983233,276,Extra Trees,0.7302500809994198,0.05733706763082255
Mediterraneibacter butyricigenes,0.0009704347172606869,277,Extra Trees,0.7302500809994198,0.05733706763082255
Prevotella disiens,0.0009673034078483873,278,Extra Trees,0.7302500809994198,0.05733706763082255
GGB1495 SGB2071,0.0009668965741747625,279,Extra Trees,0.7302500809994198,0.05733706763082255
Streptococcus sanguinis,0.0009644770967340892,280,Extra Trees,0.7302500809994198,0.05733706763082255
Sutterella SGB9281,0.000962431315692687,281,Extra Trees,0.7302500809994198,0.05733706763082255
Lentisphaeria bacterium,0.0009623985067048615,282,Extra Trees,0.7302500809994198,0.05733706763082255
Candidatus Neoruminococcus faecicola,0.0009618105562473973,283,Extra Trees,0.7302500809994198,0.05733706763082255
Anaerotruncus colihominis,0.0009613256195717034,284,Extra Trees,0.7302500809994198,0.05733706763082255
GGB4456 SGB6141,0.0009598436867239345,285,Extra Trees,0.7302500809994198,0.05733706763082255
Streptococcus parasanguinis,0.0009592239429187085,286,Extra Trees,0.7302500809994198,0.05733706763082255
Veillonella dispar,0.0009577804075181822,287,Extra Trees,0.7302500809994198,0.05733706763082255
Hafnia alvei,0.000956798225336631,288,Extra Trees,0.7302500809994198,0.05733706763082255
Streptococcus agalactiae,0.0009543321456762066,289,Extra Trees,0.7302500809994198,0.05733706763082255
Lactococcus petauri,0.0009535265836187792,290,Extra Trees,0.7302500809994198,0.05733706763082255
Veillonella tobetsuensis,0.0009528525653569337,291,Extra Trees,0.7302500809994198,0.05733706763082255
Candidatus Pseudobutyricicoccus lothianensis,0.0009480649400123881,292,Extra Trees,0.7302500809994198,0.05733706763082255
Adlercreutzia equolifaciens,0.0009453672777554418,293,Extra Trees,0.7302500809994198,0.05733706763082255
Hydrogeniiclostidium mannosilyticum,0.0009447876746152561,294,Extra Trees,0.7302500809994198,0.05733706763082255
Romboutsia timonensis,0.0009400403517870386,295,Extra Trees,0.7302500809994198,0.05733706763082255
Lachnospiraceae bacterium BX3,0.0009369002426652727,296,Extra Trees,0.7302500809994198,0.05733706763082255
Eubacterium sp AM28 29,0.00093682068338841,297,Extra Trees,0.7302500809994198,0.05733706763082255
Ruminococcus lactaris,0.0009362122939785232,298,Extra Trees,0.7302500809994198,0.05733706763082255
Coprococcus comes,0.0009344648858948323,299,Extra Trees,0.7302500809994198,0.05733706763082255
Lachnoclostridium sp An138,0.0009340043480838951,300,Extra Trees,0.7302500809994198,0.05733706763082255
Streptococcus equinus,0.0009317797904374065,301,Extra Trees,0.7302500809994198,0.05733706763082255
GGB3385 SGB4472,0.000931214529224173,302,Extra Trees,0.7302500809994198,0.05733706763082255
Eubacteriaceae bacterium,0.0009293782876743416,303,Extra Trees,0.7302500809994198,0.05733706763082255
Catenibacterium sp AM22 15,0.0009276859806726132,304,Extra Trees,0.7302500809994198,0.05733706763082255
Anaerofilum sp An201,0.0009265991422699887,305,Extra Trees,0.7302500809994198,0.05733706763082255
GGB260 SGB362,0.0009256550109805924,306,Extra Trees,0.7302500809994198,0.05733706763082255
Dorea sp AF24 7LB,0.0009250563426901731,307,Extra Trees,0.7302500809994198,0.05733706763082255
GGB6544 SGB9243,0.000920857715029327,308,Extra Trees,0.7302500809994198,0.05733706763082255
Enterocloster lavalensis,0.0009200361431662878,309,Extra Trees,0.7302500809994198,0.05733706763082255
Candidatus Neoanaerotignum tabaqchaliae,0.0009187392418778242,310,Extra Trees,0.7302500809994198,0.05733706763082255
Veillonella atypica,0.0009156638416597078,311,Extra Trees,0.7302500809994198,0.05733706763082255
Leuconostoc citreum,0.0009120451674622009,312,Extra Trees,0.7302500809994198,0.05733706763082255
Mogibacterium timidum,0.0009111362465336625,313,Extra Trees,0.7302500809994198,0.05733706763082255
Alistipes inops,0.0009106439788468847,314,Extra Trees,0.7302500809994198,0.05733706763082255
Clostridium sp AF34 13,0.0009104265856444912,315,Extra Trees,0.7302500809994198,0.05733706763082255
Butyricicoccus SGB14985,0.0009100931326083913,316,Extra Trees,0.7302500809994198,0.05733706763082255
GGB2982 SGB3964,0.0009091983735944978,317,Extra Trees,0.7302500809994198,0.05733706763082255
Clostridium sp SN20,0.0009084552556836888,318,Extra Trees,0.7302500809994198,0.05733706763082255
GGB9818 SGB15459,0.0009075203848901813,319,Extra Trees,0.7302500809994198,0.05733706763082255
Lachnospiraceae bacterium OM04 12BH,0.0009057908846076444,320,Extra Trees,0.7302500809994198,0.05733706763082255
Saccharomyces cerevisiae,0.0009050224945809565,321,Extra Trees,0.7302500809994198,0.05733706763082255
Enterocloster asparagiformis,0.0009041783010684165,322,Extra Trees,0.7302500809994198,0.05733706763082255
GGB9619 SGB15067,0.0009027051259037662,323,Extra Trees,0.7302500809994198,0.05733706763082255
Alistipes dispar,0.0009011110526888237,324,Extra Trees,0.7302500809994198,0.05733706763082255
GGB9635 SGB15106,0.0008993136113944125,325,Extra Trees,0.7302500809994198,0.05733706763082255
GGB9707 SGB15229,0.0008992694984845624,326,Extra Trees,0.7302500809994198,0.05733706763082255
Streptococcus constellatus,0.0008977987041828055,327,Extra Trees,0.7302500809994198,0.05733706763082255
Bacteroides eggerthii,0.0008969445268350834,328,Extra Trees,0.7302500809994198,0.05733706763082255
Christensenellaceae bacterium,0.0008952630989748991,329,Extra Trees,0.7302500809994198,0.05733706763082255
Enterococcus faecalis,0.0008949996616945321,330,Extra Trees,0.7302500809994198,0.05733706763082255
Massilimaliae timonensis,0.0008945855339162527,331,Extra Trees,0.7302500809994198,0.05733706763082255
Harryflintia acetispora,0.0008936142752761278,332,Extra Trees,0.7302500809994198,0.05733706763082255
Clostridiales unclassified SGB15145,0.0008935010953341375,333,Extra Trees,0.7302500809994198,0.05733706763082255
GGB9644 SGB15121,0.0008924037315537333,334,Extra Trees,0.7302500809994198,0.05733706763082255
Oscillospiraceae bacterium NSJ 64,0.0008922939218772225,335,Extra Trees,0.7302500809994198,0.05733706763082255
Streptococcus mitis,0.00089203601792242,336,Extra Trees,0.7302500809994198,0.05733706763082255
Actinomyces SGB17168,0.0008914537832834553,337,Extra Trees,0.7302500809994198,0.05733706763082255
Opitutales bacterium,0.0008906889436125538,338,Extra Trees,0.7302500809994198,0.05733706763082255
Hafnia paralvei,0.0008899587457528241,339,Extra Trees,0.7302500809994198,0.05733706763082255
Actinomyces sp S6 Spd3,0.0008896136839573294,340,Extra Trees,0.7302500809994198,0.05733706763082255
Turicibacter sanguinis,0.0008880458051635561,341,Extra Trees,0.7302500809994198,0.05733706763082255
GGB9494 SGB14891,0.0008875062199931831,342,Extra Trees,0.7302500809994198,0.05733706763082255
GGB9237 SGB14179,0.0008874227979904356,343,Extra Trees,0.7302500809994198,0.05733706763082255
Streptococcus sp 263 SSPC,0.0008864248914654812,344,Extra Trees,0.7302500809994198,0.05733706763082255
Clostridiaceae unclassified SGB4769,0.0008855055019729764,345,Extra Trees,0.7302500809994198,0.05733706763082255
Negativicoccus succinicivorans,0.0008847809505417095,346,Extra Trees,0.7302500809994198,0.05733706763082255
Clostridia unclassified SGB4367,0.0008838660427777338,347,Extra Trees,0.7302500809994198,0.05733706763082255
Eubacterium siraeum,0.0008807912208796511,348,Extra Trees,0.7302500809994198,0.05733706763082255
Alistipes senegalensis,0.0008800123922914595,349,Extra Trees,0.7302500809994198,0.05733706763082255
Ruminococcaceae bacterium AM07 15,0.0008775303288810811,350,Extra Trees,0.7302500809994198,0.05733706763082255
Enterocloster clostridioformis,0.0008761982625647346,351,Extra Trees,0.7302500809994198,0.05733706763082255
Actinomyces SGB17154,0.0008753270276433047,352,Extra Trees,0.7302500809994198,0.05733706763082255
Streptococcus rubneri,0.000873339056622753,353,Extra Trees,0.7302500809994198,0.05733706763082255
Erysipelatoclostridium ramosum,0.0008702047278234416,354,Extra Trees,0.7302500809994198,0.05733706763082255
Streptococcus thermophilus,0.0008697266102984293,355,Extra Trees,0.7302500809994198,0.05733706763082255
Anaerotruncus rubiinfantis,0.0008683056711520244,356,Extra Trees,0.7302500809994198,0.05733706763082255
Ruminococcaceae unclassified SGB15233,0.0008663884287958404,357,Extra Trees,0.7302500809994198,0.05733706763082255
Clostridium sp AF36 4,0.0008606767706964145,358,Extra Trees,0.7302500809994198,0.05733706763082255
Fusobacterium necrophorum,0.0008569440341306951,359,Extra Trees,0.7302500809994198,0.05733706763082255
Prevotella bivia,0.0008558277794290598,360,Extra Trees,0.7302500809994198,0.05733706763082255
GGB39918 SGB47522,0.0008537437797865819,361,Extra Trees,0.7302500809994198,0.05733706763082255
Blautia stercoris,0.0008518448051888828,362,Extra Trees,0.7302500809994198,0.05733706763082255
Faecalitalea cylindroides,0.0008465605176756742,363,Extra Trees,0.7302500809994198,0.05733706763082255
Parasutterella SGB9260,0.0008462478059614884,364,Extra Trees,0.7302500809994198,0.05733706763082255
GGB4651 SGB6438,0.0008455521643395698,365,Extra Trees,0.7302500809994198,0.05733706763082255
Candidatus Alloscillospira gallinarum,0.0008454845791872027,366,Extra Trees,0.7302500809994198,0.05733706763082255
Lactococcus lactis,0.0008451195720659045,367,Extra Trees,0.7302500809994198,0.05733706763082255
Latilactobacillus sakei,0.0008439245510414941,368,Extra Trees,0.7302500809994198,0.05733706763082255
GGB27776 SGB40190,0.0008436670353082903,369,Extra Trees,0.7302500809994198,0.05733706763082255
Holdemanella biformis,0.00084123094280775,370,Extra Trees,0.7302500809994198,0.05733706763082255
Cuneatibacter caecimuris,0.0008392168023483657,371,Extra Trees,0.7302500809994198,0.05733706763082255
Negativibacillus massiliensis,0.0008385863503968201,372,Extra Trees,0.7302500809994198,0.05733706763082255
Fretibacterium fastidiosum,0.0008380534294154073,373,Extra Trees,0.7302500809994198,0.05733706763082255
Streptococcus mutans,0.0008373172936551254,374,Extra Trees,0.7302500809994198,0.05733706763082255
Lachnospira sp NSJ 43,0.0008371860145266443,375,Extra Trees,0.7302500809994198,0.05733706763082255
Leptotrichia trevisanii,0.0008355093187725106,376,Extra Trees,0.7302500809994198,0.05733706763082255
GGB6613 SGB9347,0.0008344919598118044,377,Extra Trees,0.7302500809994198,0.05733706763082255
Longicatena caecimuris,0.0008333233333821582,378,Extra Trees,0.7302500809994198,0.05733706763082255
GGB4768 SGB6601,0.0008319663006217748,379,Extra Trees,0.7302500809994198,0.05733706763082255
GGB9593 SGB15015,0.0008317612388576544,380,Extra Trees,0.7302500809994198,0.05733706763082255
Veillonella ratti,0.0008313949505722798,381,Extra Trees,0.7302500809994198,0.05733706763082255
GGB1266 SGB1699,0.0008306703931680755,382,Extra Trees,0.7302500809994198,0.05733706763082255
Streptococcus infantis,0.0008298589228033432,383,Extra Trees,0.7302500809994198,0.05733706763082255
Clostridium sp AM42 4,0.0008298395920779507,384,Extra Trees,0.7302500809994198,0.05733706763082255
GGB9730 SGB15291,0.0008294549433892316,385,Extra Trees,0.7302500809994198,0.05733706763082255
Blautia faecicola,0.0008292380883959198,386,Extra Trees,0.7302500809994198,0.05733706763082255
GGB9059 SGB13976,0.0008288562481515834,387,Extra Trees,0.7302500809994198,0.05733706763082255
Clostridium perfringens,0.000828751036508039,388,Extra Trees,0.7302500809994198,0.05733706763082255
GGB9610 SGB15045,0.0008245813506678656,389,Extra Trees,0.7302500809994198,0.05733706763082255
Frisingicoccus caecimuris,0.0008233387382060745,390,Extra Trees,0.7302500809994198,0.05733706763082255
GGB9634 SGB15093,0.000823057212048905,391,Extra Trees,0.7302500809994198,0.05733706763082255
Intestinimonas timonensis,0.0008208392949912565,392,Extra Trees,0.7302500809994198,0.05733706763082255
Streptococcus gordonii,0.0008207053057689307,393,Extra Trees,0.7302500809994198,0.05733706763082255
Clostridium innocuum,0.0008202727168784647,394,Extra Trees,0.7302500809994198,0.05733706763082255
Peptococcaceae bacterium,0.0008186612045805942,395,Extra Trees,0.7302500809994198,0.05733706763082255
Blautia SGB4831,0.0008173842309165023,396,Extra Trees,0.7302500809994198,0.05733706763082255
GGB9774 SGB15394,0.0008167214930587498,397,Extra Trees,0.7302500809994198,0.05733706763082255
Aggregatibacter sp oral taxon 458,0.0008167189232799858,398,Extra Trees,0.7302500809994198,0.05733706763082255
Eubacterium sp AF34 35BH,0.0008164042497450901,399,Extra Trees,0.7302500809994198,0.05733706763082255
Lactobacillus gasseri,0.0008163829364664933,400,Extra Trees,0.7302500809994198,0.05733706763082255
Eikenella corrodens,0.0008163520132557316,401,Extra Trees,0.7302500809994198,0.05733706763082255
Ruminococcaceae unclassified SGB15265,0.0008152561137447688,402,Extra Trees,0.7302500809994198,0.05733706763082255
Eisenbergiella tayi,0.0008152453336777096,403,Extra Trees,0.7302500809994198,0.05733706763082255
Veillonella rogosae,0.0008148729034443399,404,Extra Trees,0.7302500809994198,0.05733706763082255
Prevotella copri clade B,0.0008146684925285627,405,Extra Trees,0.7302500809994198,0.05733706763082255
Clostridia unclassified SGB15402,0.0008132119198950261,406,Extra Trees,0.7302500809994198,0.05733706763082255
Eggerthellaceae unclassified SGB14341,0.0008125479121661123,407,Extra Trees,0.7302500809994198,0.05733706763082255
Eisenbergiella massiliensis,0.0008121090955500252,408,Extra Trees,0.7302500809994198,0.05733706763082255
GGB58233 SGB79883,0.0008088847868783255,409,Extra Trees,0.7302500809994198,0.05733706763082255
Mediterraneibacter sp gm002,0.0008076099666340366,410,Extra Trees,0.7302500809994198,0.05733706763082255
Eggerthella sinensis,0.0008073663033378619,411,Extra Trees,0.7302500809994198,0.05733706763082255
GGB9627 SGB15081,0.0008069289213169959,412,Extra Trees,0.7302500809994198,0.05733706763082255
Candidatus Nanosynsacchari sp TM7 ANC 38 39 G1 1,0.0008064287106074048,413,Extra Trees,0.7302500809994198,0.05733706763082255
GGB9615 SGB15051,0.000806239415707578,414,Extra Trees,0.7302500809994198,0.05733706763082255
Prevotellamassilia timonensis,0.0008057920253983462,415,Extra Trees,0.7302500809994198,0.05733706763082255
Phocea massiliensis,0.0008052923115413797,416,Extra Trees,0.7302500809994198,0.05733706763082255
Rothia dentocariosa,0.0008051990268513433,417,Extra Trees,0.7302500809994198,0.05733706763082255
GGB3478 SGB4643,0.0008032199039619539,418,Extra Trees,0.7302500809994198,0.05733706763082255
Catabacter hongkongensis,0.0008012197760524448,419,Extra Trees,0.7302500809994198,0.05733706763082255
Fournierella massiliensis,0.0008001567708027589,420,Extra Trees,0.7302500809994198,0.05733706763082255
Porphyromonas somerae,0.0007982824681836912,421,Extra Trees,0.7302500809994198,0.05733706763082255
Methanobrevibacter smithii,0.0007975025425643503,422,Extra Trees,0.7302500809994198,0.05733706763082255
Senegalimassilia faecalis,0.0007973836072975848,423,Extra Trees,0.7302500809994198,0.05733706763082255
GGB9695 SGB15211,0.0007973038417333284,424,Extra Trees,0.7302500809994198,0.05733706763082255
GGB9631 SGB15085,0.000797159960161399,425,Extra Trees,0.7302500809994198,0.05733706763082255
Mediterraneibacter glycyrrhizinilyticus,0.0007949819852272157,426,Extra Trees,0.7302500809994198,0.05733706763082255
GGB45491 SGB63163,0.0007939554472299042,427,Extra Trees,0.7302500809994198,0.05733706763082255
Eubacterium sp AF15 50,0.0007935475092873736,428,Extra Trees,0.7302500809994198,0.05733706763082255
GGB38171 SGB72433,0.0007925502666304157,429,Extra Trees,0.7302500809994198,0.05733706763082255
GGB58485 SGB80143,0.0007907928826834697,430,Extra Trees,0.7302500809994198,0.05733706763082255
GGB3490 SGB4664,0.0007906043728060335,431,Extra Trees,0.7302500809994198,0.05733706763082255
Candidatus Schneewindia gallinarum,0.00079051977951539,432,Extra Trees,0.7302500809994198,0.05733706763082255
Corynebacterium argentoratense,0.000789104974115456,433,Extra Trees,0.7302500809994198,0.05733706763082255
GGB3277 SGB4327,0.0007889380168397724,434,Extra Trees,0.7302500809994198,0.05733706763082255
Acidaminococcus SGB42794,0.0007884673040464103,435,Extra Trees,0.7302500809994198,0.05733706763082255
Fusobacterium pseudoperiodonticum,0.0007883119448862752,436,Extra Trees,0.7302500809994198,0.05733706763082255
Alistipes ihumii,0.0007880510907001417,437,Extra Trees,0.7302500809994198,0.05733706763082255
Pediococcus pentosaceus,0.000788003096880848,438,Extra Trees,0.7302500809994198,0.05733706763082255
Candidatus Neochristensenella gallicola,0.0007872159898877722,439,Extra Trees,0.7302500809994198,0.05733706763082255
Massilistercora timonensis,0.0007871234656526574,440,Extra Trees,0.7302500809994198,0.05733706763082255
Dialister hominis,0.0007859562037262201,441,Extra Trees,0.7302500809994198,0.05733706763082255
Coprobacter fastidiosus,0.0007842364071429682,442,Extra Trees,0.7302500809994198,0.05733706763082255
Campylobacter ureolyticus,0.0007838004881644128,443,Extra Trees,0.7302500809994198,0.05733706763082255
Victivallis vadensis,0.0007834415970892787,444,Extra Trees,0.7302500809994198,0.05733706763082255
Aggregatibacter segnis,0.0007821678208217908,445,Extra Trees,0.7302500809994198,0.05733706763082255
Comamonas kerstersii,0.0007806936197528484,446,Extra Trees,0.7302500809994198,0.05733706763082255
GGB3463 SGB4621,0.0007789518046536421,447,Extra Trees,0.7302500809994198,0.05733706763082255
GGB1250 SGB1672,0.0007783623261410208,448,Extra Trees,0.7302500809994198,0.05733706763082255
Selenomonas sp oral taxon 126,0.0007780144547189936,449,Extra Trees,0.7302500809994198,0.05733706763082255
Roseburia SGB4958,0.0007777774325489122,450,Extra Trees,0.7302500809994198,0.05733706763082255
Gemmiger SGB15295,0.0007769193727709671,451,Extra Trees,0.7302500809994198,0.05733706763082255
Abiotrophia defectiva,0.000776578646734687,452,Extra Trees,0.7302500809994198,0.05733706763082255
Candidatus Nanosynbacter lyticus,0.0007762341742245642,453,Extra Trees,0.7302500809994198,0.05733706763082255
GGB9729 SGB15288,0.0007758793455567727,454,Extra Trees,0.7302500809994198,0.05733706763082255
Rothia aeria,0.0007740783078022375,455,Extra Trees,0.7302500809994198,0.05733706763082255
Clostridium cocleatum,0.0007721306708852168,456,Extra Trees,0.7302500809994198,0.05733706763082255
Lachnospiraceae unclassified SGB71704,0.0007717507501323386,457,Extra Trees,0.7302500809994198,0.05733706763082255
GGB9559 SGB14969,0.0007714361051857892,458,Extra Trees,0.7302500809994198,0.05733706763082255
Megasphaera stantonii,0.0007691192597952627,459,Extra Trees,0.7302500809994198,0.05733706763082255
Christensenellaceae bacterium NSJ 44,0.0007672162829842344,460,Extra Trees,0.7302500809994198,0.05733706763082255
Streptococcus oralis,0.0007665194970827556,461,Extra Trees,0.7302500809994198,0.05733706763082255
GGB6561 SGB9269,0.0007647363045655461,462,Extra Trees,0.7302500809994198,0.05733706763082255
GGB45495 SGB63167,0.0007634508714339796,463,Extra Trees,0.7302500809994198,0.05733706763082255
GGB1109 SGB1423,0.0007606908593855838,464,Extra Trees,0.7302500809994198,0.05733706763082255
Eggerthellaceae unclassified SGB14322,0.0007585644545059425,465,Extra Trees,0.7302500809994198,0.05733706763082255
GGB9604 SGB15036,0.0007577723869905701,466,Extra Trees,0.7302500809994198,0.05733706763082255
Amedibacterium intestinale,0.0007571588423446117,467,Extra Trees,0.7302500809994198,0.05733706763082255
GGB3537 SGB4727,0.0007554450823922503,468,Extra Trees,0.7302500809994198,0.05733706763082255
Clostridia unclassified SGB6369,0.000755070673805197,469,Extra Trees,0.7302500809994198,0.05733706763082255
Oscillibacter SGB15077,0.0007543500711066429,470,Extra Trees,0.7302500809994198,0.05733706763082255
GGB6649 SGB9391,0.00075398008227303,471,Extra Trees,0.7302500809994198,0.05733706763082255
Senegalimassilia anaerobia,0.0007530214921266982,472,Extra Trees,0.7302500809994198,0.05733706763082255
Massilioclostridium coli,0.0007500184153669825,473,Extra Trees,0.7302500809994198,0.05733706763082255
Blautia sp AF19 10LB,0.0007496957541001646,474,Extra Trees,0.7302500809994198,0.05733706763082255
GGB9646 SGB15123,0.000748672417176414,475,Extra Trees,0.7302500809994198,0.05733706763082255
Trueperella pyogenes,0.0007478811400085181,476,Extra Trees,0.7302500809994198,0.05733706763082255
GGB3385 SGB4471,0.0007456976865077927,477,Extra Trees,0.7302500809994198,0.05733706763082255
Streptococcus cristatus,0.0007439466493495376,478,Extra Trees,0.7302500809994198,0.05733706763082255
Neisseria subflava,0.0007413674989537753,479,Extra Trees,0.7302500809994198,0.05733706763082255
Blautia hansenii,0.0007403320199077754,480,Extra Trees,0.7302500809994198,0.05733706763082255
GGB4308 SGB5895,0.0007401756183964315,481,Extra Trees,0.7302500809994198,0.05733706763082255
Paraeggerthella hongkongensis,0.0007394404950947306,482,Extra Trees,0.7302500809994198,0.05733706763082255
Clostridia unclassified SGB71368,0.0007393834518418393,483,Extra Trees,0.7302500809994198,0.05733706763082255
GGB51510 SGB71883,0.0007392600696519812,484,Extra Trees,0.7302500809994198,0.05733706763082255
Lachnospiraceae bacterium NSJ 46,0.0007389402672733707,485,Extra Trees,0.7302500809994198,0.05733706763082255
Enorma SGB14753,0.000736736258702065,486,Extra Trees,0.7302500809994198,0.05733706763082255
Desulfovibrionaceae bacterium,0.0007362506650093264,487,Extra Trees,0.7302500809994198,0.05733706763082255
GGB6566 SGB9275,0.0007344608014623367,488,Extra Trees,0.7302500809994198,0.05733706763082255
Campylobacter SGB19337,0.000733890794938561,489,Extra Trees,0.7302500809994198,0.05733706763082255
Megasphaera sp AM44 1BH,0.000733069451019266,490,Extra Trees,0.7302500809994198,0.05733706763082255
Bacteroides pyogenes,0.0007328562174377144,491,Extra Trees,0.7302500809994198,0.05733706763082255
Mogibacterium diversum,0.0007323553235625107,492,Extra Trees,0.7302500809994198,0.05733706763082255
Clostridia unclassified SGB6376,0.0007309471271717014,493,Extra Trees,0.7302500809994198,0.05733706763082255
Lactobacillus iners,0.0007299379905949495,494,Extra Trees,0.7302500809994198,0.05733706763082255
Gemella bergeri,0.0007286161270334829,495,Extra Trees,0.7302500809994198,0.05733706763082255
Dialister invisus,0.0007269893310160581,496,Extra Trees,0.7302500809994198,0.05733706763082255
Clostridium disporicum,0.0007263770386182045,497,Extra Trees,0.7302500809994198,0.05733706763082255
Meiothermus silvanus,0.000726057265750812,498,Extra Trees,0.7302500809994198,0.05733706763082255
Leclercia adecarboxylata,0.0007252727165804847,499,Extra Trees,0.7302500809994198,0.05733706763082255
Blautia producta,0.0007244833651467178,500,Extra Trees,0.7302500809994198,0.05733706763082255
Clostridia unclassified SGB66170,0.0007229667680541111,501,Extra Trees,0.7302500809994198,0.05733706763082255
Paraprevotella xylaniphila,0.0007228273590318555,502,Extra Trees,0.7302500809994198,0.05733706763082255
Lactobacillus helveticus,0.0007220619800453914,503,Extra Trees,0.7302500809994198,0.05733706763082255
Treponema succinifaciens,0.0007217904129326631,504,Extra Trees,0.7302500809994198,0.05733706763082255
Butyricimonas paravirosa,0.0007213162574782213,505,Extra Trees,0.7302500809994198,0.05733706763082255
Robinsoniella peoriensis,0.0007211405763780161,506,Extra Trees,0.7302500809994198,0.05733706763082255
Lachnospiraceae bacterium oral taxon 096,0.0007210604546322638,507,Extra Trees,0.7302500809994198,0.05733706763082255
Ruminococcus SGB4421,0.0007195138385996184,508,Extra Trees,0.7302500809994198,0.05733706763082255
GGB9597 SGB15022,0.0007181647404653001,509,Extra Trees,0.7302500809994198,0.05733706763082255
Holdemania massiliensis,0.0007181338683180435,510,Extra Trees,0.7302500809994198,0.05733706763082255
Ruminococcus sp NSJ 71,0.0007179928307633353,511,Extra Trees,0.7302500809994198,0.05733706763082255
Collinsella bouchesdurhonensis,0.0007171057171956752,512,Extra Trees,0.7302500809994198,0.05733706763082255
Lactobacillus pontis,0.0007167115937481732,513,Extra Trees,0.7302500809994198,0.05733706763082255
Clostridiales unclassified SGB15150,0.0007155245834479021,514,Extra Trees,0.7302500809994198,0.05733706763082255
GGB4538 SGB6253,0.0007145207208338824,515,Extra Trees,0.7302500809994198,0.05733706763082255
Salmonella enterica,0.0007133123211239768,516,Extra Trees,0.7302500809994198,0.05733706763082255
GGB9709 SGB15238,0.0007129423152813161,517,Extra Trees,0.7302500809994198,0.05733706763082255
Blautia sp OF03 15BH,0.0007103224344614963,518,Extra Trees,0.7302500809994198,0.05733706763082255
Gordonibacter urolithinfaciens,0.0007086527532363178,519,Extra Trees,0.7302500809994198,0.05733706763082255
Eubacterium sulci,0.0007086189151872921,520,Extra Trees,0.7302500809994198,0.05733706763082255
GGB9635 SGB15104,0.0007081083866858841,521,Extra Trees,0.7302500809994198,0.05733706763082255
Olsenella sp GAM18,0.0007057512719721761,522,Extra Trees,0.7302500809994198,0.05733706763082255
Isoptericola variabilis,0.0007056435730261506,523,Extra Trees,0.7302500809994198,0.05733706763082255
GGB12785 SGB19827,0.0007042190744070209,524,Extra Trees,0.7302500809994198,0.05733706763082255
Butyricimonas faecihominis,0.0007030910437682448,525,Extra Trees,0.7302500809994198,0.05733706763082255
Phocaeicola sartorii,0.0007004024241934737,526,Extra Trees,0.7302500809994198,0.05733706763082255
GGB9635 SGB15101,0.0006998882202772924,527,Extra Trees,0.7302500809994198,0.05733706763082255
Eggerthellaceae bacterium,0.0006989297212848488,528,Extra Trees,0.7302500809994198,0.05733706763082255
Anaerotignum lactatifermentans,0.0006987187209024536,529,Extra Trees,0.7302500809994198,0.05733706763082255
Christensenella sp NSJ 35,0.0006979198734937242,530,Extra Trees,0.7302500809994198,0.05733706763082255
Lactobacillus panis,0.000697775373739728,531,Extra Trees,0.7302500809994198,0.05733706763082255
Erysipelotrichaceae bacterium 3 1 53,0.0006976822897417415,532,Extra Trees,0.7302500809994198,0.05733706763082255
Blautia caecimuris,0.0006963076098834756,533,Extra Trees,0.7302500809994198,0.05733706763082255
GGB9694 SGB15201,0.0006950748207514028,534,Extra Trees,0.7302500809994198,0.05733706763082255
Dialister SGB5817,0.0006950620266652397,535,Extra Trees,0.7302500809994198,0.05733706763082255
GGB3433 SGB4573,0.000694081731343644,536,Extra Trees,0.7302500809994198,0.05733706763082255
Filifactor alocis,0.0006936930011503427,537,Extra Trees,0.7302500809994198,0.05733706763082255
GGB9590 SGB15012,0.0006932791719298349,538,Extra Trees,0.7302500809994198,0.05733706763082255
Lachnospiraceae bacterium NSJ 29,0.0006921285780894971,539,Extra Trees,0.7302500809994198,0.05733706763082255
Blautia sp MSK 21 1,0.0006919275711335107,540,Extra Trees,0.7302500809994198,0.05733706763082255
GGB6132 SGB8779,0.0006914217310206494,541,Extra Trees,0.7302500809994198,0.05733706763082255
Morganella morganii,0.0006899780898320304,542,Extra Trees,0.7302500809994198,0.05733706763082255
Clostridia bacterium 12CBH8,0.0006894551782403386,543,Extra Trees,0.7302500809994198,0.05733706763082255
GGB4566 SGB6305,0.0006894162865321871,544,Extra Trees,0.7302500809994198,0.05733706763082255
Megamonas hypermegale,0.0006888980528421432,545,Extra Trees,0.7302500809994198,0.05733706763082255
Candidatus Metalachnospira gallinarum,0.0006878685565881257,546,Extra Trees,0.7302500809994198,0.05733706763082255
Clostridiales Family XIII Incertae Sedis unclassified SGB3978,0.0006875156204329961,547,Extra Trees,0.7302500809994198,0.05733706763082255
GGB9635 SGB15103,0.000687408869960227,548,Extra Trees,0.7302500809994198,0.05733706763082255
Anaerostipes caccae,0.0006873505096256594,549,Extra Trees,0.7302500809994198,0.05733706763082255
Prevotella SGB1589,0.0006870801723771786,550,Extra Trees,0.7302500809994198,0.05733706763082255
Leuconostoc lactis,0.0006870489010991814,551,Extra Trees,0.7302500809994198,0.05733706763082255
Clostridia unclassified SGB71281,0.0006867174533102061,552,Extra Trees,0.7302500809994198,0.05733706763082255
Blautia hydrogenotrophica,0.0006860064251848075,553,Extra Trees,0.7302500809994198,0.05733706763082255
Candidatus Metaruminococcus gallistercoris,0.0006850949024765938,554,Extra Trees,0.7302500809994198,0.05733706763082255
Brachyspira aalborgi,0.0006847671817030712,555,Extra Trees,0.7302500809994198,0.05733706763082255
GGB3491 SGB4665,0.0006842288951596628,556,Extra Trees,0.7302500809994198,0.05733706763082255
GGB9695 SGB15210,0.0006830861077481273,557,Extra Trees,0.7302500809994198,0.05733706763082255
Clostridium paraputrificum,0.0006824894323324484,558,Extra Trees,0.7302500809994198,0.05733706763082255
GGB4482 SGB6176,0.0006816994543651988,559,Extra Trees,0.7302500809994198,0.05733706763082255
GGB3614 SGB4886,0.000680047377628934,560,Extra Trees,0.7302500809994198,0.05733706763082255
Prevotella histicola,0.0006798564065728789,561,Extra Trees,0.7302500809994198,0.05733706763082255
GGB58158 SGB79798,0.0006795851835748984,562,Extra Trees,0.7302500809994198,0.05733706763082255
Bittarella massiliensis,0.000678068994777622,563,Extra Trees,0.7302500809994198,0.05733706763082255
Parabacteroides johnsonii,0.0006779326159251425,564,Extra Trees,0.7302500809994198,0.05733706763082255
Oribacterium parvum,0.0006777579741650884,565,Extra Trees,0.7302500809994198,0.05733706763082255
Prevotella oris,0.0006776506680086331,566,Extra Trees,0.7302500809994198,0.05733706763082255
Odoribacter laneus,0.000676083994598436,567,Extra Trees,0.7302500809994198,0.05733706763082255
Oscillibacter ruminantium,0.0006757143343483405,568,Extra Trees,0.7302500809994198,0.05733706763082255
Clostridium sp AF32 12BH,0.0006755510879071532,569,Extra Trees,0.7302500809994198,0.05733706763082255
Intestinibacter SGB6139,0.0006750022551098867,570,Extra Trees,0.7302500809994198,0.05733706763082255
Microbacterium SGB53518,0.0006749703343642555,571,Extra Trees,0.7302500809994198,0.05733706763082255
TM7 phylum sp oral taxon 348,0.0006745834767545592,572,Extra Trees,0.7302500809994198,0.05733706763082255
Klebsiella michiganensis,0.0006738320833333748,573,Extra Trees,0.7302500809994198,0.05733706763082255
Enorma burkinafasonensis,0.0006738287843101535,574,Extra Trees,0.7302500809994198,0.05733706763082255
Prevotella multiformis,0.000672465685068095,575,Extra Trees,0.7302500809994198,0.05733706763082255
Bifidobacterium dentium,0.00067199287585515,576,Extra Trees,0.7302500809994198,0.05733706763082255
GGB9620 SGB15068,0.0006717074435431704,577,Extra Trees,0.7302500809994198,0.05733706763082255
Bacteroides pectinophilus,0.0006711025932877954,578,Extra Trees,0.7302500809994198,0.05733706763082255
Anaerococcus lactolyticus,0.0006710312158223463,579,Extra Trees,0.7302500809994198,0.05733706763082255
Eubacterium sp An11,0.0006710113519275967,580,Extra Trees,0.7302500809994198,0.05733706763082255
GGB3677 SGB4990,0.0006706073478049187,581,Extra Trees,0.7302500809994198,0.05733706763082255
Ligilactobacillus salivarius,0.0006698142599819275,582,Extra Trees,0.7302500809994198,0.05733706763082255
Lacticaseibacillus rhamnosus,0.0006693563043591859,583,Extra Trees,0.7302500809994198,0.05733706763082255
GGB9667 SGB15164,0.0006688147824641709,584,Extra Trees,0.7302500809994198,0.05733706763082255
GGB4557 SGB6288,0.0006686555772790474,585,Extra Trees,0.7302500809994198,0.05733706763082255
GGB2732 SGB58358,0.0006681901313098235,586,Extra Trees,0.7302500809994198,0.05733706763082255
GGB35068 SGB47850,0.0006678339725772969,587,Extra Trees,0.7302500809994198,0.05733706763082255
GGB9523 SGB14922,0.0006668700854353087,588,Extra Trees,0.7302500809994198,0.05733706763082255
Clostridium tertium,0.0006662831895316365,589,Extra Trees,0.7302500809994198,0.05733706763082255
Actinomyces sp ICM47,0.0006644926342254746,590,Extra Trees,0.7302500809994198,0.05733706763082255
Alphaproteobacteria bacterium,0.0006639608556371376,591,Extra Trees,0.7302500809994198,0.05733706763082255
Oribacterium sinus,0.0006630023666954941,592,Extra Trees,0.7302500809994198,0.05733706763082255
Porphyromonas gingivalis,0.0006628818872809449,593,Extra Trees,0.7302500809994198,0.05733706763082255
Enterococcus avium,0.0006628241485187123,594,Extra Trees,0.7302500809994198,0.05733706763082255
Dialister succinatiphilus,0.0006617196161792021,595,Extra Trees,0.7302500809994198,0.05733706763082255
Faecalicoccus pleomorphus,0.0006614770776477941,596,Extra Trees,0.7302500809994198,0.05733706763082255
GGB9615 SGB15052,0.0006614626652440049,597,Extra Trees,0.7302500809994198,0.05733706763082255
Agathobaculum sp Marseille P7918,0.0006610243330453146,598,Extra Trees,0.7302500809994198,0.05733706763082255
Clostridia unclassified SGB6276,0.0006609751499307875,599,Extra Trees,0.7302500809994198,0.05733706763082255
GGB9633 SGB15090,0.0006559741070036112,600,Extra Trees,0.7302500809994198,0.05733706763082255
GGB33432 SGB47280,0.0006553000481881437,601,Extra Trees,0.7302500809994198,0.05733706763082255
Candidatus Pseudoruminococcus merdavium,0.0006551566469780001,602,Extra Trees,0.7302500809994198,0.05733706763082255
Anaerosacchariphilus sp NSJ 68,0.0006545030435327972,603,Extra Trees,0.7302500809994198,0.05733706763082255
GGB41458 SGB58520,0.0006540364378734983,604,Extra Trees,0.7302500809994198,0.05733706763082255
Oscillibacter sp NSJ 62,0.0006539945096236167,605,Extra Trees,0.7302500809994198,0.05733706763082255
GGB32463 SGB47515,0.000653717371260473,606,Extra Trees,0.7302500809994198,0.05733706763082255
GGB45432 SGB63101,0.0006536906189597502,607,Extra Trees,0.7302500809994198,0.05733706763082255
Erysipelotrichaceae bacterium,0.0006517629460575655,608,Extra Trees,0.7302500809994198,0.05733706763082255
Pseudoflavonifractor sp Marseille P3106,0.0006516617181891937,609,Extra Trees,0.7302500809994198,0.05733706763082255
Bacilli bacterium,0.0006512913293681046,610,Extra Trees,0.7302500809994198,0.05733706763082255
GGB4549 SGB6271,0.0006479492468860099,611,Extra Trees,0.7302500809994198,0.05733706763082255
Clostridium scindens,0.0006471093204894432,612,Extra Trees,0.7302500809994198,0.05733706763082255
Coprococcus sp OM04 5BH,0.0006465714454189342,613,Extra Trees,0.7302500809994198,0.05733706763082255
GGB9361 SGB14336,0.0006437074334450755,614,Extra Trees,0.7302500809994198,0.05733706763082255
GGB9608 SGB15041,0.0006427001165951204,615,Extra Trees,0.7302500809994198,0.05733706763082255
Candidatus Alloruminococcus vanvlietii,0.0006411834678626344,616,Extra Trees,0.7302500809994198,0.05733706763082255
Prevotella sp oral taxon 376,0.0006397654916819962,617,Extra Trees,0.7302500809994198,0.05733706763082255
GGB36472 SGB47660,0.0006394168442609898,618,Extra Trees,0.7302500809994198,0.05733706763082255
Phocaeicola barnesiae,0.0006366034021028303,619,Extra Trees,0.7302500809994198,0.05733706763082255
Gemella haemolysans,0.0006363587969126948,620,Extra Trees,0.7302500809994198,0.05733706763082255
Fusobacterium naviforme,0.0006362896928482934,621,Extra Trees,0.7302500809994198,0.05733706763082255
GGB9621 SGB15073,0.0006350903556929403,622,Extra Trees,0.7302500809994198,0.05733706763082255
Fusobacterium ulcerans,0.0006333792398205589,623,Extra Trees,0.7302500809994198,0.05733706763082255
Olsenella sp oral taxon 807,0.0006329824047948217,624,Extra Trees,0.7302500809994198,0.05733706763082255
Oxalobacter formigenes,0.0006307185217160774,625,Extra Trees,0.7302500809994198,0.05733706763082255
Butyricicoccus SGB14990,0.000630637368743228,626,Extra Trees,0.7302500809994198,0.05733706763082255
GGB1244 SGB1664,0.0006298106557079468,627,Extra Trees,0.7302500809994198,0.05733706763082255
Eubacterium sp NSJ 61,0.0006296380076945352,628,Extra Trees,0.7302500809994198,0.05733706763082255
Candidatus Parachristensenella avicola,0.0006290600538122433,629,Extra Trees,0.7302500809994198,0.05733706763082255
Gemmiger SGB15299,0.0006288832819970182,630,Extra Trees,0.7302500809994198,0.05733706763082255
Clostridium sp AM49 4BH,0.0006266175424992554,631,Extra Trees,0.7302500809994198,0.05733706763082255
Ruminococcaceae unclassified SGB15309,0.0006259250136270353,632,Extra Trees,0.7302500809994198,0.05733706763082255
Candidatus Pseudolachnospira avium,0.0006253296901871452,633,Extra Trees,0.7302500809994198,0.05733706763082255
Selenomonadales bacterium,0.0006252880258596835,634,Extra Trees,0.7302500809994198,0.05733706763082255
Prevotella sp oral taxon 473,0.0006251517235405731,635,Extra Trees,0.7302500809994198,0.05733706763082255
Anaeroglobus geminatus,0.0006250418802685694,636,Extra Trees,0.7302500809994198,0.05733706763082255
Ruminococcaceae bacterium D5,0.0006243872605561478,637,Extra Trees,0.7302500809994198,0.05733706763082255
Clostridiales bacterium Choco116,0.0006242211814814433,638,Extra Trees,0.7302500809994198,0.05733706763082255
Lachnoanaerobaculum orale,0.0006240725950649734,639,Extra Trees,0.7302500809994198,0.05733706763082255
Ruminococcus sp AF41 9,0.0006239089959528062,640,Extra Trees,0.7302500809994198,0.05733706763082255
GGB9705 SGB15225,0.000621739750572009,641,Extra Trees,0.7302500809994198,0.05733706763082255
Lachnospiraceae bacterium 2 1 46FAA,0.0006213783530731583,642,Extra Trees,0.7302500809994198,0.05733706763082255
Megasphaera micronuciformis,0.0006197274953034088,643,Extra Trees,0.7302500809994198,0.05733706763082255
GGB13134 SGB20337,0.0006184818642701046,644,Extra Trees,0.7302500809994198,0.05733706763082255
Clostridium sp AF15 49,0.0006177041014223611,645,Extra Trees,0.7302500809994198,0.05733706763082255
Clostridioides difficile,0.0006172687268476358,646,Extra Trees,0.7302500809994198,0.05733706763082255
GGB12785 SGB19823,0.0006166840598638516,647,Extra Trees,0.7302500809994198,0.05733706763082255
Prevotella SGB1675,0.0006161500576766253,648,Extra Trees,0.7302500809994198,0.05733706763082255
GGB9561 SGB14972,0.0006156815494254041,649,Extra Trees,0.7302500809994198,0.05733706763082255
Mitsuokella multacida,0.0006133245043244953,650,Extra Trees,0.7302500809994198,0.05733706763082255
Aggregatibacter aphrophilus,0.0006125507469906496,651,Extra Trees,0.7302500809994198,0.05733706763082255
Eubacterium callanderi,0.000612504955488896,652,Extra Trees,0.7302500809994198,0.05733706763082255
Coprobacillus cateniformis,0.0006124829868394812,653,Extra Trees,0.7302500809994198,0.05733706763082255
Ruminococcaceae unclassified SGB15236,0.0006114565606558039,654,Extra Trees,0.7302500809994198,0.05733706763082255
GGB1551 SGB2136,0.0006110323056634965,655,Extra Trees,0.7302500809994198,0.05733706763082255
GGB9522 SGB14921,0.0006108104568202951,656,Extra Trees,0.7302500809994198,0.05733706763082255
Kluyvera cryocrescens,0.0006098770994000474,657,Extra Trees,0.7302500809994198,0.05733706763082255
Scardovia wiggsiae,0.0006093935743498723,658,Extra Trees,0.7302500809994198,0.05733706763082255
Lactonifactor sp BIOML A6,0.0006075849699351526,659,Extra Trees,0.7302500809994198,0.05733706763082255
Treponema SGB69443,0.0006074010833449162,660,Extra Trees,0.7302500809994198,0.05733706763082255
GGB781 SGB1024,0.0006070661646638758,661,Extra Trees,0.7302500809994198,0.05733706763082255
Candidatus Heritagella gallinarum,0.000606620579747149,662,Extra Trees,0.7302500809994198,0.05733706763082255
Parascardovia denticolens,0.0006058953438493573,663,Extra Trees,0.7302500809994198,0.05733706763082255
Roseburia sp AF02 12,0.0006047404532308955,664,Extra Trees,0.7302500809994198,0.05733706763082255
Porphyromonas SGB1977,0.0006040662561596006,665,Extra Trees,0.7302500809994198,0.05733706763082255
Prevotella bergensis,0.0006035912338338261,666,Extra Trees,0.7302500809994198,0.05733706763082255
GGB9742 SGB15348,0.0006032943928973249,667,Extra Trees,0.7302500809994198,0.05733706763082255
Bacteroides faecalis,0.0006031212050436827,668,Extra Trees,0.7302500809994198,0.05733706763082255
GGB3892 SGB5290,0.000602218857833459,669,Extra Trees,0.7302500809994198,0.05733706763082255
Slackia piriformis,0.0006021588528015237,670,Extra Trees,0.7302500809994198,0.05733706763082255
Clostridiales bacterium 1 7 47FAA,0.000602119561477711,671,Extra Trees,0.7302500809994198,0.05733706763082255
Acidaminococcaceae unclassified SGB5785,0.000601995599604152,672,Extra Trees,0.7302500809994198,0.05733706763082255
GGB9239 SGB14181,0.0006016488041746832,673,Extra Trees,0.7302500809994198,0.05733706763082255
GGB9695 SGB15209,0.0006012785782031982,674,Extra Trees,0.7302500809994198,0.05733706763082255
Streptococcus pneumoniae,0.0006011236360304413,675,Extra Trees,0.7302500809994198,0.05733706763082255
GGB49418 SGB69331,0.0006005888308326102,676,Extra Trees,0.7302500809994198,0.05733706763082255
Eubacterium brachy,0.0006005566772160461,677,Extra Trees,0.7302500809994198,0.05733706763082255
GGB38987 SGB63305,0.0006000547168539026,678,Extra Trees,0.7302500809994198,0.05733706763082255
Campylobacter showae,0.0005975663341881677,679,Extra Trees,0.7302500809994198,0.05733706763082255
Enterococcus raffinosus,0.0005969963235566443,680,Extra Trees,0.7302500809994198,0.05733706763082255
Ruminococcaceae bacterium UBA1375,0.0005968951211813411,681,Extra Trees,0.7302500809994198,0.05733706763082255
Campylobacter concisus,0.0005967512725385492,682,Extra Trees,0.7302500809994198,0.05733706763082255
GGB1387 SGB1894,0.0005953117961820353,683,Extra Trees,0.7302500809994198,0.05733706763082255
Massilicoli timonensis,0.0005943507571446516,684,Extra Trees,0.7302500809994198,0.05733706763082255
Clostridium methylpentosum,0.0005939009402261766,685,Extra Trees,0.7302500809994198,0.05733706763082255
GGB9532 SGB14933,0.0005928517586790449,686,Extra Trees,0.7302500809994198,0.05733706763082255
Bacillus subtilis,0.0005920096987041325,687,Extra Trees,0.7302500809994198,0.05733706763082255
Collinsella sp AF08 23,0.0005919395668178632,688,Extra Trees,0.7302500809994198,0.05733706763082255
Prevotella veroralis,0.0005915183519929479,689,Extra Trees,0.7302500809994198,0.05733706763082255
Bacilli unclassified SGB6540,0.000591030452353828,690,Extra Trees,0.7302500809994198,0.05733706763082255
GGB12796 SGB19893,0.00059078249086161,691,Extra Trees,0.7302500809994198,0.05733706763082255
Treponema medium,0.0005896877042830924,692,Extra Trees,0.7302500809994198,0.05733706763082255
Lancefieldella rimae,0.0005893727138301463,693,Extra Trees,0.7302500809994198,0.05733706763082255
Prevotella jejuni,0.0005891279164859993,694,Extra Trees,0.7302500809994198,0.05733706763082255
Enterobacter mori,0.0005876191198443435,695,Extra Trees,0.7302500809994198,0.05733706763082255
Leptotrichia sp oral taxon 212,0.0005862644428135156,696,Extra Trees,0.7302500809994198,0.05733706763082255
GGB9637 SGB15111,0.0005861567478236426,697,Extra Trees,0.7302500809994198,0.05733706763082255
Lachnoclostridium sp An14,0.0005858457939480676,698,Extra Trees,0.7302500809994198,0.05733706763082255
Candidatus Metaruminococcus caecorum,0.0005856353353642254,699,Extra Trees,0.7302500809994198,0.05733706763082255
Porphyromonas sp HMSC065F10,0.0005845423219535472,700,Extra Trees,0.7302500809994198,0.05733706763082255
Raoultella ornithinolytica,0.0005845404766795671,701,Extra Trees,0.7302500809994198,0.05733706763082255
GGB3569 SGB4776,0.0005843347718236441,702,Extra Trees,0.7302500809994198,0.05733706763082255
Candidatus Alangreenwoodia gallinarii,0.0005843342974381187,703,Extra Trees,0.7302500809994198,0.05733706763082255
Butyricimonas faecalis,0.0005832741717814161,704,Extra Trees,0.7302500809994198,0.05733706763082255
Streptococcus sinensis,0.000581782840288824,705,Extra Trees,0.7302500809994198,0.05733706763082255
Streptococcus sobrinus,0.0005816077753166425,706,Extra Trees,0.7302500809994198,0.05733706763082255
Lawsonibacter sp NSJ 51,0.0005804348838933902,707,Extra Trees,0.7302500809994198,0.05733706763082255
Lactobacillus vaginalis,0.0005803521551147635,708,Extra Trees,0.7302500809994198,0.05733706763082255
Bilophila SGB15450,0.0005796169527978944,709,Extra Trees,0.7302500809994198,0.05733706763082255
Edwardsiella tarda,0.0005790468407701441,710,Extra Trees,0.7302500809994198,0.05733706763082255
Limosilactobacillus fermentum,0.0005775625638381572,711,Extra Trees,0.7302500809994198,0.05733706763082255
Schaalia odontolytica,0.0005773771847982071,712,Extra Trees,0.7302500809994198,0.05733706763082255
Bacilli unclassified SGB6478,0.0005771969783902435,713,Extra Trees,0.7302500809994198,0.05733706763082255
Ruminococcaceae unclassified SGB15257,0.0005768196640472684,714,Extra Trees,0.7302500809994198,0.05733706763082255
Clostridium saccharogumia,0.0005740361791796887,715,Extra Trees,0.7302500809994198,0.05733706763082255
GGB12790 SGB19845,0.0005736980626374491,716,Extra Trees,0.7302500809994198,0.05733706763082255
GGB9705 SGB15224,0.0005728292288575736,717,Extra Trees,0.7302500809994198,0.05733706763082255
GGB4603 SGB6367,0.000572666983293078,718,Extra Trees,0.7302500809994198,0.05733706763082255
GGB42389 SGB59559,0.0005719415243586635,719,Extra Trees,0.7302500809994198,0.05733706763082255
Butyrivibrio crossotus,0.000570451716941107,720,Extra Trees,0.7302500809994198,0.05733706763082255
Clostridium cadaveris,0.0005702927494884508,721,Extra Trees,0.7302500809994198,0.05733706763082255
Candidatus Paralachnospira caecorum,0.0005698635895548634,722,Extra Trees,0.7302500809994198,0.05733706763082255
Lachnoanaerobaculum sp ICM7,0.0005696767908597519,723,Extra Trees,0.7302500809994198,0.05733706763082255
GGB1662 SGB2276,0.0005695362590127459,724,Extra Trees,0.7302500809994198,0.05733706763082255
Bacteroides sp Marseille P3684,0.0005695053748128872,725,Extra Trees,0.7302500809994198,0.05733706763082255
Helicobacter cinaedi,0.0005674058898891964,726,Extra Trees,0.7302500809994198,0.05733706763082255
Clostridium SGB6179,0.0005670992563576567,727,Extra Trees,0.7302500809994198,0.05733706763082255
Clostridiales bacterium Marseille P5551,0.0005661185937237184,728,Extra Trees,0.7302500809994198,0.05733706763082255
Lactobacillus delbrueckii,0.0005651061797585729,729,Extra Trees,0.7302500809994198,0.05733706763082255
Klebsiella grimontii,0.0005646679240363525,730,Extra Trees,0.7302500809994198,0.05733706763082255
GGB9628 SGB15082,0.0005638678237827311,731,Extra Trees,0.7302500809994198,0.05733706763082255
Blautia sp MSK 20 85,0.0005638353113805004,732,Extra Trees,0.7302500809994198,0.05733706763082255
Prevotella sp Marseille P4119,0.0005625772575229334,733,Extra Trees,0.7302500809994198,0.05733706763082255
Clostridiales Family XIII bacterium WCA MUC 591 APC 4B,0.0005607490848492173,734,Extra Trees,0.7302500809994198,0.05733706763082255
Lachnospiraceae unclassified SGB4882,0.0005595288348610311,735,Extra Trees,0.7302500809994198,0.05733706763082255
Anaerotruncus massiliensis,0.0005582881429397746,736,Extra Trees,0.7302500809994198,0.05733706763082255
GGB9677 SGB15180,0.0005563993358184229,737,Extra Trees,0.7302500809994198,0.05733706763082255
Actinomyces sp oral taxon 897,0.0005555545578859385,738,Extra Trees,0.7302500809994198,0.05733706763082255
Candidatus Aristotella avistercoris,0.0005550832415836509,739,Extra Trees,0.7302500809994198,0.05733706763082255
Prevotella corporis,0.0005550797449933468,740,Extra Trees,0.7302500809994198,0.05733706763082255
GGB1460 SGB2023,0.0005550511000535577,741,Extra Trees,0.7302500809994198,0.05733706763082255
Aeromonas veronii,0.0005524048097554438,742,Extra Trees,0.7302500809994198,0.05733706763082255
Coriobacteriia bacterium,0.0005522264955269131,743,Extra Trees,0.7302500809994198,0.05733706763082255
Gordonibacter sp 28C,0.0005508314185145568,744,Extra Trees,0.7302500809994198,0.05733706763082255
Catenibacillus scindens,0.0005493684224633626,745,Extra Trees,0.7302500809994198,0.05733706763082255
Candidatus Nanoperiomorbus periodonticus,0.0005493177410590397,746,Extra Trees,0.7302500809994198,0.05733706763082255
Intestinibacillus sp Marseille P6563,0.0005481553969291412,747,Extra Trees,0.7302500809994198,0.05733706763082255
GGB3523 SGB4703,0.000547789013908288,748,Extra Trees,0.7302500809994198,0.05733706763082255
Alistipes sp An66,0.0005474431099808283,749,Extra Trees,0.7302500809994198,0.05733706763082255
Massilimaliae massiliensis,0.0005465777023094182,750,Extra Trees,0.7302500809994198,0.05733706763082255
GGB9104 SGB14037,0.0005435128158387446,751,Extra Trees,0.7302500809994198,0.05733706763082255
Lachnoclostridium edouardi,0.0005435108171111583,752,Extra Trees,0.7302500809994198,0.05733706763082255
GGB4395 SGB6050,0.0005428952354591019,753,Extra Trees,0.7302500809994198,0.05733706763082255
Megasphaera sp BL7,0.0005428172855653634,754,Extra Trees,0.7302500809994198,0.05733706763082255
Candidatus Heritagella intestinalis,0.0005427253183840406,755,Extra Trees,0.7302500809994198,0.05733706763082255
Alistipes provencensis,0.0005426176386346424,756,Extra Trees,0.7302500809994198,0.05733706763082255
Massilimicrobiota sp An134,0.0005424153722187559,757,Extra Trees,0.7302500809994198,0.05733706763082255
GGB9454 SGB14846,0.0005422540201076023,758,Extra Trees,0.7302500809994198,0.05733706763082255
GGB6012 SGB8640,0.0005411356191405281,759,Extra Trees,0.7302500809994198,0.05733706763082255
Monoglobus pectinilyticus,0.0005410632608426034,760,Extra Trees,0.7302500809994198,0.05733706763082255
Eubacterium saphenum,0.000540051834728905,761,Extra Trees,0.7302500809994198,0.05733706763082255
Frisingicoccus SGB4674,0.0005399133840082092,762,Extra Trees,0.7302500809994198,0.05733706763082255
Alloscardovia omnicolens,0.0005396776863749353,763,Extra Trees,0.7302500809994198,0.05733706763082255
GGB9640 SGB15115,0.0005395465312848962,764,Extra Trees,0.7302500809994198,0.05733706763082255
Lactococcus piscium,0.0005395390630458685,765,Extra Trees,0.7302500809994198,0.05733706763082255
Anaeromassilibacillus sp An172,0.000539160851646384,766,Extra Trees,0.7302500809994198,0.05733706763082255
GGB3817 SGB5182,0.0005387074228524254,767,Extra Trees,0.7302500809994198,0.05733706763082255
Faecalibacillus faecis,0.0005373960852487111,768,Extra Trees,0.7302500809994198,0.05733706763082255
Actinobaculum sp oral taxon 183,0.0005367386784858183,769,Extra Trees,0.7302500809994198,0.05733706763082255
Prevotella hominis,0.000536562275905065,770,Extra Trees,0.7302500809994198,0.05733706763082255
GGB5997 SGB8620,0.0005360066340388289,771,Extra Trees,0.7302500809994198,0.05733706763082255
Fructilactobacillus sanfranciscensis,0.0005359540758290074,772,Extra Trees,0.7302500809994198,0.05733706763082255
Mitsuokella jalaludinii,0.0005342132877444612,773,Extra Trees,0.7302500809994198,0.05733706763082255
Actinomyces oris,0.0005321370271784366,774,Extra Trees,0.7302500809994198,0.05733706763082255
Stomatobaculum SGB5266,0.0005320560023716503,775,Extra Trees,0.7302500809994198,0.05733706763082255
Clostridia unclassified SGB4317,0.0005320152134243843,776,Extra Trees,0.7302500809994198,0.05733706763082255
Clostridia bacterium UC5 1 1E11,0.0005317631113901284,777,Extra Trees,0.7302500809994198,0.05733706763082255
Clostridium sp chh4 2,0.0005314438379515177,778,Extra Trees,0.7302500809994198,0.05733706763082255
Raoultibacter timonensis,0.0005313901905870077,779,Extra Trees,0.7302500809994198,0.05733706763082255
Enterococcus gallinarum,0.0005305969841855882,780,Extra Trees,0.7302500809994198,0.05733706763082255
GGB1249 SGB1670,0.0005298623034529433,781,Extra Trees,0.7302500809994198,0.05733706763082255
GGB9694 SGB15203,0.0005297072744099969,782,Extra Trees,0.7302500809994198,0.05733706763082255
Desulfovibrio sp ZJ200,0.0005286775214419261,783,Extra Trees,0.7302500809994198,0.05733706763082255
Oscillospiraceae bacterium N12,0.0005280254901714903,784,Extra Trees,0.7302500809994198,0.05733706763082255
GGB33516 SGB54347,0.0005261398895711489,785,Extra Trees,0.7302500809994198,0.05733706763082255
Acidaminococcus intestini,0.0005258817458667077,786,Extra Trees,0.7302500809994198,0.05733706763082255
Clostridium sp C5 48,0.000525682111878038,787,Extra Trees,0.7302500809994198,0.05733706763082255
Bacteroides mediterraneensis,0.0005251555042448967,788,Extra Trees,0.7302500809994198,0.05733706763082255
GGB51960 SGB72480,0.0005250631140071222,789,Extra Trees,0.7302500809994198,0.05733706763082255
Christensenella massiliensis,0.0005239706784816413,790,Extra Trees,0.7302500809994198,0.05733706763082255
GGB9621 SGB15072,0.0005228670159982878,791,Extra Trees,0.7302500809994198,0.05733706763082255
Prevotella copri clade D,0.0005225773592032863,792,Extra Trees,0.7302500809994198,0.05733706763082255
Bacteroides oleiciplenus,0.00052249423985362,793,Extra Trees,0.7302500809994198,0.05733706763082255
Bacteroides gallinarum,0.0005224541884859309,794,Extra Trees,0.7302500809994198,0.05733706763082255
GGB45537 SGB63217,0.0005216553349043322,795,Extra Trees,0.7302500809994198,0.05733706763082255
Bacilliculturomica massiliensis,0.0005213692352188998,796,Extra Trees,0.7302500809994198,0.05733706763082255
GGB9209 SGB14148,0.0005199346288686125,797,Extra Trees,0.7302500809994198,0.05733706763082255
Parabacteroides acidifaciens,0.0005183410028698222,798,Extra Trees,0.7302500809994198,0.05733706763082255
Clostridium baratii,0.0005181792831417513,799,Extra Trees,0.7302500809994198,0.05733706763082255
Acidaminococcus provencensis,0.0005178695560360666,800,Extra Trees,0.7302500809994198,0.05733706763082255
GGB4588 SGB6347,0.000517351169786401,801,Extra Trees,0.7302500809994198,0.05733706763082255
Eubacterium tenue,0.0005150709715089641,802,Extra Trees,0.7302500809994198,0.05733706763082255
Collinsella intestinalis,0.0005150444443575454,803,Extra Trees,0.7302500809994198,0.05733706763082255
Christensenella sp Marseille P3954,0.000514596375583058,804,Extra Trees,0.7302500809994198,0.05733706763082255
GGB9691 SGB15198,0.0005138822129297932,805,Extra Trees,0.7302500809994198,0.05733706763082255
GGB9347 SGB14313,0.000513790741190452,806,Extra Trees,0.7302500809994198,0.05733706763082255
GGB4482 SGB6177,0.0005119750923863668,807,Extra Trees,0.7302500809994198,0.05733706763082255
Lachnoclostridium SGB4598,0.0005119645900596374,808,Extra Trees,0.7302500809994198,0.05733706763082255
GGB13135 SGB20338,0.0005118871970868651,809,Extra Trees,0.7302500809994198,0.05733706763082255
GGB9581 SGB79823,0.0005117659500409232,810,Extra Trees,0.7302500809994198,0.05733706763082255
Parabacteroides gordonii,0.0005117316875019678,811,Extra Trees,0.7302500809994198,0.05733706763082255
Ruminococcaceae unclassified SGB4191,0.0005117261763233069,812,Extra Trees,0.7302500809994198,0.05733706763082255
Porphyromonas asaccharolytica,0.0005111745321953612,813,Extra Trees,0.7302500809994198,0.05733706763082255
Kluyvera georgiana,0.0005109597165920652,814,Extra Trees,0.7302500809994198,0.05733706763082255
Gemmiger SGB15292,0.0005106469916841296,815,Extra Trees,0.7302500809994198,0.05733706763082255
Candidatus Cryptoclostridium obscurum,0.0005105847782062708,816,Extra Trees,0.7302500809994198,0.05733706763082255
Cloacibacillus evryensis,0.0005098520625910652,817,Extra Trees,0.7302500809994198,0.05733706763082255
Treponema denticola,0.0005093545416425539,818,Extra Trees,0.7302500809994198,0.05733706763082255
GGB9634 SGB15099,0.000509050197601971,819,Extra Trees,0.7302500809994198,0.05733706763082255
Desulfovibrio fairfieldensis,0.000508981164349061,820,Extra Trees,0.7302500809994198,0.05733706763082255
GGB4585 SGB6340,0.000508581843939107,821,Extra Trees,0.7302500809994198,0.05733706763082255
GGB12762 SGB19792,0.0005085808939738683,822,Extra Trees,0.7302500809994198,0.05733706763082255
Fusobacteriaceae bacterium,0.0005085031094855671,823,Extra Trees,0.7302500809994198,0.05733706763082255
Clostridiales bacterium UBA1390,0.0005084478169002038,824,Extra Trees,0.7302500809994198,0.05733706763082255
GGB3623 SGB4900,0.0005082541236723949,825,Extra Trees,0.7302500809994198,0.05733706763082255
Extibacter muris,0.0005067681973168105,826,Extra Trees,0.7302500809994198,0.05733706763082255
Parabacteroides chinchillae,0.0005064141182132375,827,Extra Trees,0.7302500809994198,0.05733706763082255
Candidatus Pseudoscilispira faecavium,0.0005063972050202111,828,Extra Trees,0.7302500809994198,0.05733706763082255
GGB4599 SGB6362,0.0005058965653353174,829,Extra Trees,0.7302500809994198,0.05733706763082255
GGB9595 SGB15019,0.0005055172661310026,830,Extra Trees,0.7302500809994198,0.05733706763082255
Bacilli unclassified SGB6473,0.0005054664056450001,831,Extra Trees,0.7302500809994198,0.05733706763082255
Ligilactobacillus ruminis,0.0005049449296828069,832,Extra Trees,0.7302500809994198,0.05733706763082255
GGB4277 SGB5832,0.000504750628747763,833,Extra Trees,0.7302500809994198,0.05733706763082255
Limosilactobacillus oris,0.000504614160720555,834,Extra Trees,0.7302500809994198,0.05733706763082255
GGB9603 SGB15035,0.000504372964148284,835,Extra Trees,0.7302500809994198,0.05733706763082255
GGB29535 SGB42321,0.0005043014948257585,836,Extra Trees,0.7302500809994198,0.05733706763082255
Candidatus Gallimonas merdae,0.0005038691095542307,837,Extra Trees,0.7302500809994198,0.05733706763082255
Clostridia unclassified SGB14951,0.0005031817820651137,838,Extra Trees,0.7302500809994198,0.05733706763082255
GGB9634 SGB15095,0.0005026821438746732,839,Extra Trees,0.7302500809994198,0.05733706763082255
GGB12785 SGB19825,0.0005025690531884358,840,Extra Trees,0.7302500809994198,0.05733706763082255
Parvimonas SGB6649,0.0005019169746307985,841,Extra Trees,0.7302500809994198,0.05733706763082255
GGB9537 SGB14940,0.0005012398974037627,842,Extra Trees,0.7302500809994198,0.05733706763082255
GGB45599 SGB63311,0.000499195782046471,843,Extra Trees,0.7302500809994198,0.05733706763082255
Candidatus Methanomethylophilus alvus,0.0004990392626693877,844,Extra Trees,0.7302500809994198,0.05733706763082255
Olsenella uli,0.0004988950150900804,845,Extra Trees,0.7302500809994198,0.05733706763082255
Klebsiella oxytoca,0.0004982567921046425,846,Extra Trees,0.7302500809994198,0.05733706763082255
GGB3486 SGB4658,0.0004978272238744394,847,Extra Trees,0.7302500809994198,0.05733706763082255
Lachnospiraceae bacterium oral taxon 500,0.0004958157418669677,848,Extra Trees,0.7302500809994198,0.05733706763082255
GGB1153 SGB1481,0.0004957726061834733,849,Extra Trees,0.7302500809994198,0.05733706763082255
Prevotella lascolaii,0.0004946615262229381,850,Extra Trees,0.7302500809994198,0.05733706763082255
Haemophilus parahaemolyticus,0.0004943384027177517,851,Extra Trees,0.7302500809994198,0.05733706763082255
Lachnoanaerobaculum umeaense,0.0004932749265348031,852,Extra Trees,0.7302500809994198,0.05733706763082255
Prevotella melaninogenica,0.0004926639495903683,853,Extra Trees,0.7302500809994198,0.05733706763082255
Emergencia timonensis,0.0004923462750190957,854,Extra Trees,0.7302500809994198,0.05733706763082255
GGB9278 SGB14230,0.0004921262744136183,855,Extra Trees,0.7302500809994198,0.05733706763082255
Lachnospiraceae unclassified SGB5104,0.0004919264396095475,856,Extra Trees,0.7302500809994198,0.05733706763082255
GGB4272 SGB5822,0.000491878077380458,857,Extra Trees,0.7302500809994198,0.05733706763082255
Eubacterium infirmum,0.0004912069095709801,858,Extra Trees,0.7302500809994198,0.05733706763082255
Anaerofustis stercorihominis,0.0004877207824451516,859,Extra Trees,0.7302500809994198,0.05733706763082255
Sutterella SGB9293,0.0004871643061920831,860,Extra Trees,0.7302500809994198,0.05733706763082255
Clostridiaceae bacterium NSJ 33,0.000485779976806781,861,Extra Trees,0.7302500809994198,0.05733706763082255
Candidatus Heteroclostridium caecigallinarum,0.0004857688254249327,862,Extra Trees,0.7302500809994198,0.05733706763082255
Selenomonas bovis,0.00048441414260438,863,Extra Trees,0.7302500809994198,0.05733706763082255
Prevotella timonensis,0.00048435206672629275,864,Extra Trees,0.7302500809994198,0.05733706763082255
GGB3303 SGB4364,0.00048393304486834865,865,Extra Trees,0.7302500809994198,0.05733706763082255
GGB9787 SGB15410,0.0004834054259084021,866,Extra Trees,0.7302500809994198,0.05733706763082255
Desulfovibrio desulfuricans,0.000483364851975681,867,Extra Trees,0.7302500809994198,0.05733706763082255
GGB1237 SGB1623,0.00048212856906512956,868,Extra Trees,0.7302500809994198,0.05733706763082255
Pseudoruminococcus massiliensis,0.0004805459444353325,869,Extra Trees,0.7302500809994198,0.05733706763082255
Lachnospiraceae unclassified SGB4892,0.0004803500764082545,870,Extra Trees,0.7302500809994198,0.05733706763082255
Muribaculum gordoncarteri,0.0004803051901018199,871,Extra Trees,0.7302500809994198,0.05733706763082255
GGB1629 SGB2237,0.0004793248792645489,872,Extra Trees,0.7302500809994198,0.05733706763082255
Clostridia unclassified SGB4373,0.00047919007791211366,873,Extra Trees,0.7302500809994198,0.05733706763082255
Fannyhessea vaginae,0.0004791461485944111,874,Extra Trees,0.7302500809994198,0.05733706763082255
Prevotella sp P4 51,0.0004789149748304345,875,Extra Trees,0.7302500809994198,0.05733706763082255
Weissella cibaria,0.00047800874681262485,876,Extra Trees,0.7302500809994198,0.05733706763082255
Blautia SGB4805,0.0004780051221288209,877,Extra Trees,0.7302500809994198,0.05733706763082255
Flavobacteriales bacterium,0.0004774061566475827,878,Extra Trees,0.7302500809994198,0.05733706763082255
GGB9622 SGB15074,0.000477138350918303,879,Extra Trees,0.7302500809994198,0.05733706763082255
Roseburia sp AM59 24XD,0.00047618883491849773,880,Extra Trees,0.7302500809994198,0.05733706763082255
Haemophilus haemolyticus,0.0004749271568982279,881,Extra Trees,0.7302500809994198,0.05733706763082255
Enterococcus casseliflavus,0.0004749149081404818,882,Extra Trees,0.7302500809994198,0.05733706763082255
GGB9589 SGB15011,0.000472928182626489,883,Extra Trees,0.7302500809994198,0.05733706763082255
Blautia sp Marseille P3201T,0.0004729033237667343,884,Extra Trees,0.7302500809994198,0.05733706763082255
Ruminococcaceae unclassified SGB15251,0.0004712553482500827,885,Extra Trees,0.7302500809994198,0.05733706763082255
GGB6554 SGB9256,0.00047102261296512666,886,Extra Trees,0.7302500809994198,0.05733706763082255
Helicobacter pylori,0.00047019897172860027,887,Extra Trees,0.7302500809994198,0.05733706763082255
Fusobacterium hwasookii,0.00046994900798077766,888,Extra Trees,0.7302500809994198,0.05733706763082255
Merdibacter massiliensis,0.00046942606861840035,889,Extra Trees,0.7302500809994198,0.05733706763082255
Candidatus Geddesella stercoravicola,0.0004688995415230351,890,Extra Trees,0.7302500809994198,0.05733706763082255
GGB1681 SGB2313,0.0004682230898138076,891,Extra Trees,0.7302500809994198,0.05733706763082255
GGB1235 SGB1614,0.00046817654195607116,892,Extra Trees,0.7302500809994198,0.05733706763082255
Mailhella massiliensis,0.00046787625682919495,893,Extra Trees,0.7302500809994198,0.05733706763082255
Peptococcus niger,0.00046728391705340216,894,Extra Trees,0.7302500809994198,0.05733706763082255
Ruminococcus gauvreauii,0.00046723434659953083,895,Extra Trees,0.7302500809994198,0.05733706763082255
GGB6567 SGB9277,0.00046679165989053657,896,Extra Trees,0.7302500809994198,0.05733706763082255
Roseburia SGB4939,0.0004667321827866651,897,Extra Trees,0.7302500809994198,0.05733706763082255
Prevotella nigrescens,0.00046646694356042816,898,Extra Trees,0.7302500809994198,0.05733706763082255
Bacteroides cutis,0.0004637118340666146,899,Extra Trees,0.7302500809994198,0.05733706763082255
Sanguibacteroides justesenii,0.0004636449418876914,900,Extra Trees,0.7302500809994198,0.05733706763082255
Anaerofilum sp BX8,0.00046313067499162766,901,Extra Trees,0.7302500809994198,0.05733706763082255
Citrobacter koseri,0.00046309388122860173,902,Extra Trees,0.7302500809994198,0.05733706763082255
GGB9594 SGB15016,0.0004629193008478618,903,Extra Trees,0.7302500809994198,0.05733706763082255
Corynebacterium variabile,0.00046257045338186676,904,Extra Trees,0.7302500809994198,0.05733706763082255
Bifidobacterium animalis,0.00046217053041219596,905,Extra Trees,0.7302500809994198,0.05733706763082255
GGB9332 SGB14295,0.0004598306920959035,906,Extra Trees,0.7302500809994198,0.05733706763082255
Bacilli unclassified SGB6428,0.00045909006043497327,907,Extra Trees,0.7302500809994198,0.05733706763082255
Butyricimonas sp Marseille P3923,0.00045788263560071703,908,Extra Trees,0.7302500809994198,0.05733706763082255
GGB4687 SGB6484,0.00045626323234356934,909,Extra Trees,0.7302500809994198,0.05733706763082255
GGB9580 SGB14996,0.00045544669002662815,910,Extra Trees,0.7302500809994198,0.05733706763082255
Rhodobacteraceae unclassified SGB53807,0.0004551221813774104,911,Extra Trees,0.7302500809994198,0.05733706763082255
GGB1123 SGB1437,0.0004551144943558107,912,Extra Trees,0.7302500809994198,0.05733706763082255
Candidatus Borkfalkia ceftriaxoniphila,0.0004548979800019848,913,Extra Trees,0.7302500809994198,0.05733706763082255
Pseudoflavonifractor sp AF19 9AC,0.0004548732306298011,914,Extra Trees,0.7302500809994198,0.05733706763082255
GGB6007 SGB8634,0.00045444587023445155,915,Extra Trees,0.7302500809994198,0.05733706763082255
GGB3510 SGB4687,0.0004537496547962365,916,Extra Trees,0.7302500809994198,0.05733706763082255
Marvinbryantia SGB4691,0.00045269027205583587,917,Extra Trees,0.7302500809994198,0.05733706763082255
Pseudoflavonifractor capillosus,0.00045240114701761787,918,Extra Trees,0.7302500809994198,0.05733706763082255
GGB4491 SGB6188,0.0004519472580881745,919,Extra Trees,0.7302500809994198,0.05733706763082255
Clostridiaceae bacterium NSJ 31,0.000451431369309516,920,Extra Trees,0.7302500809994198,0.05733706763082255
Pauljensenia hongkongensis,0.0004512194778445868,921,Extra Trees,0.7302500809994198,0.05733706763082255
Lachnoclostridium phocaeense,0.00045001042587131373,922,Extra Trees,0.7302500809994198,0.05733706763082255
Roseburia SGB4949,0.0004499345357640028,923,Extra Trees,0.7302500809994198,0.05733706763082255
Clostridiales bacterium NSJ 40,0.000449874036625844,924,Extra Trees,0.7302500809994198,0.05733706763082255
Lawsonibacter sp NSJ 52,0.00044805578282671707,925,Extra Trees,0.7302500809994198,0.05733706763082255
Collinsella tanakaei,0.00044755577452721285,926,Extra Trees,0.7302500809994198,0.05733706763082255
GGB4569 SGB6310,0.00044745347570661196,927,Extra Trees,0.7302500809994198,0.05733706763082255
GGB9270 SGB14221,0.00044730900509760426,928,Extra Trees,0.7302500809994198,0.05733706763082255
GGB9288 SGB14243,0.0004459304108224823,929,Extra Trees,0.7302500809994198,0.05733706763082255
GGB4964 SGB6927,0.0004449801911353171,930,Extra Trees,0.7302500809994198,0.05733706763082255
Flavonifractor sp An100,0.0004448833886697436,931,Extra Trees,0.7302500809994198,0.05733706763082255
Alistipes timonensis,0.0004442369684742278,932,Extra Trees,0.7302500809994198,0.05733706763082255
Gemella SGB7284,0.0004441874999409987,933,Extra Trees,0.7302500809994198,0.05733706763082255
GGB3859 SGB5234,0.0004440469489361633,934,Extra Trees,0.7302500809994198,0.05733706763082255
Clostridium butyricum,0.000443909925998008,935,Extra Trees,0.7302500809994198,0.05733706763082255
GGB3751 SGB5099,0.0004431490640054537,936,Extra Trees,0.7302500809994198,0.05733706763082255
GGB1407 SGB1930,0.0004422599566847634,937,Extra Trees,0.7302500809994198,0.05733706763082255
Olsenella provencensis,0.00044164429487183354,938,Extra Trees,0.7302500809994198,0.05733706763082255
Oribacterium sp oral taxon 078,0.0004413773906890003,939,Extra Trees,0.7302500809994198,0.05733706763082255
Cutibacterium acnes,0.0004412714900206151,940,Extra Trees,0.7302500809994198,0.05733706763082255
Clostridia unclassified SGB6385,0.00044108133246902406,941,Extra Trees,0.7302500809994198,0.05733706763082255
Candidatus Gallimonas faecium,0.00044098682577064076,942,Extra Trees,0.7302500809994198,0.05733706763082255
Gardnerella vaginalis,0.00044091156143019616,943,Extra Trees,0.7302500809994198,0.05733706763082255
GGB9673 SGB15172,0.0004407509137922612,944,Extra Trees,0.7302500809994198,0.05733706763082255
GGB9574 SGB14987,0.0004400706133664673,945,Extra Trees,0.7302500809994198,0.05733706763082255
GGB2734 SGB3677,0.0004399766528524163,946,Extra Trees,0.7302500809994198,0.05733706763082255
Candidatus Woodwardibium gallinarum,0.0004396987698730596,947,Extra Trees,0.7302500809994198,0.05733706763082255
Actinomyces massiliensis,0.0004392425924369243,948,Extra Trees,0.7302500809994198,0.05733706763082255
Lactobacillus mucosae,0.00043922997869119695,949,Extra Trees,0.7302500809994198,0.05733706763082255
Blautia sp An81,0.0004387287620992492,950,Extra Trees,0.7302500809994198,0.05733706763082255
GGB4602 SGB6365,0.0004384540570023843,951,Extra Trees,0.7302500809994198,0.05733706763082255
GGB6601 SGB9333,0.0004380995320408877,952,Extra Trees,0.7302500809994198,0.05733706763082255
Prevotella SGB1653,0.00043793276138249447,953,Extra Trees,0.7302500809994198,0.05733706763082255
Candidatus Neoclostridium roslinense,0.00043778389182883335,954,Extra Trees,0.7302500809994198,0.05733706763082255
GGB6648 SGB9389,0.00043732985928108024,955,Extra Trees,0.7302500809994198,0.05733706763082255
Candidatus Gallimonas caecicola,0.00043661455698730344,956,Extra Trees,0.7302500809994198,0.05733706763082255
Drancourtella sp An57,0.0004364819806429142,957,Extra Trees,0.7302500809994198,0.05733706763082255
Ruminococcus sp JE7A12,0.00043645994013771317,958,Extra Trees,0.7302500809994198,0.05733706763082255
GGB9333 SGB14296,0.0004358805005175982,959,Extra Trees,0.7302500809994198,0.05733706763082255
Kytococcus sedentarius,0.00043436361128640556,960,Extra Trees,0.7302500809994198,0.05733706763082255
GGB51959 SGB72479,0.00043422814059013203,961,Extra Trees,0.7302500809994198,0.05733706763082255
Mediterraneibacter SGB4586,0.00043355399304968327,962,Extra Trees,0.7302500809994198,0.05733706763082255
GGB6565 SGB9274,0.0004335199688650125,963,Extra Trees,0.7302500809994198,0.05733706763082255
GGB4769 SGB6602,0.0004334938954726203,964,Extra Trees,0.7302500809994198,0.05733706763082255
Treponema sp Marseille Q4130,0.0004332504178769238,965,Extra Trees,0.7302500809994198,0.05733706763082255
GGB4750 SGB6579,0.00043279647286454846,966,Extra Trees,0.7302500809994198,0.05733706763082255
GGB4533 SGB6246,0.0004326941591128781,967,Extra Trees,0.7302500809994198,0.05733706763082255
Bacilli unclassified SGB6571,0.00043240459932360285,968,Extra Trees,0.7302500809994198,0.05733706763082255
Parvimonas sp KA00067,0.00043142582912447734,969,Extra Trees,0.7302500809994198,0.05733706763082255
GGB9696 SGB15212,0.00043106572829909405,970,Extra Trees,0.7302500809994198,0.05733706763082255
GGB1246 SGB1667,0.000430923125492032,971,Extra Trees,0.7302500809994198,0.05733706763082255
Holdemania sp Marseille P2844,0.0004307797003442972,972,Extra Trees,0.7302500809994198,0.05733706763082255
Haemophilus sputorum,0.00043061411725994064,973,Extra Trees,0.7302500809994198,0.05733706763082255
GGB9694 SGB15202,0.00043029127836263596,974,Extra Trees,0.7302500809994198,0.05733706763082255
Dialister SGB5820,0.00042986946850318675,975,Extra Trees,0.7302500809994198,0.05733706763082255
GGB1222 SGB1592,0.000429722393912465,976,Extra Trees,0.7302500809994198,0.05733706763082255
Gemmiger sp An120,0.00042925834514177634,977,Extra Trees,0.7302500809994198,0.05733706763082255
Prevotella marseillensis,0.00042889155599352047,978,Extra Trees,0.7302500809994198,0.05733706763082255
Blautia sp An249,0.00042848383450801435,979,Extra Trees,0.7302500809994198,0.05733706763082255
Corynebacterium matruchotii,0.0004274829477687524,980,Extra Trees,0.7302500809994198,0.05733706763082255
Stomatobaculum longum,0.0004269437514598059,981,Extra Trees,0.7302500809994198,0.05733706763082255
Neglecta timonensis,0.00042674704927694163,982,Extra Trees,0.7302500809994198,0.05733706763082255
Lactobacillus crispatus,0.00042651247244520545,983,Extra Trees,0.7302500809994198,0.05733706763082255
GGB1631 SGB2239,0.0004263984955732901,984,Extra Trees,0.7302500809994198,0.05733706763082255
Culturomica massiliensis,0.0004255280505869337,985,Extra Trees,0.7302500809994198,0.05733706763082255
Pediococcus acidilactici,0.00042546558577352233,986,Extra Trees,0.7302500809994198,0.05733706763082255
GGB1219 SGB1586,0.00042536715172945323,987,Extra Trees,0.7302500809994198,0.05733706763082255
Phocaeicola abscessus,0.0004250586408299737,988,Extra Trees,0.7302500809994198,0.05733706763082255
Porphyromonas uenonis,0.0004247378677615823,989,Extra Trees,0.7302500809994198,0.05733706763082255
GGB6608 SGB9342,0.00042415885668358806,990,Extra Trees,0.7302500809994198,0.05733706763082255
Gordonibacter sp An232A,0.0004237729306637601,991,Extra Trees,0.7302500809994198,0.05733706763082255
Collinsella phocaeensis,0.00042195503692512345,992,Extra Trees,0.7302500809994198,0.05733706763082255
Pseudoflavonifractor sp An176,0.00042026890166980393,993,Extra Trees,0.7302500809994198,0.05733706763082255
Dorea phocaeensis,0.0004198948805085671,994,Extra Trees,0.7302500809994198,0.05733706763082255
GGB4608 SGB6382,0.0004193921964672595,995,Extra Trees,0.7302500809994198,0.05733706763082255
Atlantibacter hermannii,0.0004192360683990281,996,Extra Trees,0.7302500809994198,0.05733706763082255
GGB45597 SGB72777,0.0004189779689763487,997,Extra Trees,0.7302500809994198,0.05733706763082255
Leptotrichia wadei,0.00041773446646539215,998,Extra Trees,0.7302500809994198,0.05733706763082255
Prevotella ihumii,0.0004164000042882603,999,Extra Trees,0.7302500809994198,0.05733706763082255
Prevotella sp 885,0.00041485789055502494,1000,Extra Trees,0.7302500809994198,0.05733706763082255
Lachnospiraceae unclassified SGB4924,0.0004141423048952549,1001,Extra Trees,0.7302500809994198,0.05733706763082255
GGB9710 SGB15239,0.00041293547653905866,1002,Extra Trees,0.7302500809994198,0.05733706763082255
GGB1567 SGB2154,0.000412178736231611,1003,Extra Trees,0.7302500809994198,0.05733706763082255
Bacteroides bouchesdurhonensis,0.0004120161805533177,1004,Extra Trees,0.7302500809994198,0.05733706763082255
Olsenella timonensis,0.000410993792690123,1005,Extra Trees,0.7302500809994198,0.05733706763082255
GGB9716 SGB15269,0.00041028360134363835,1006,Extra Trees,0.7302500809994198,0.05733706763082255
Pyramidobacter piscolens,0.000410053160332991,1007,Extra Trees,0.7302500809994198,0.05733706763082255
Sutterella sp AM11 39,0.00040956290439826145,1008,Extra Trees,0.7302500809994198,0.05733706763082255
Prevotella denticola,0.000409540666367135,1009,Extra Trees,0.7302500809994198,0.05733706763082255
GGB4596 SGB6358,0.0004091954187434649,1010,Extra Trees,0.7302500809994198,0.05733706763082255
GGB1689 SGB2321,0.00040854386025730916,1011,Extra Trees,0.7302500809994198,0.05733706763082255
Candidatus Allobutyricicoccus pentlandensis,0.0004083225021957387,1012,Extra Trees,0.7302500809994198,0.05733706763082255
GGB4713 SGB6526,0.00040795849677356894,1013,Extra Trees,0.7302500809994198,0.05733706763082255
Atopobium deltae,0.00040782078101221614,1014,Extra Trees,0.7302500809994198,0.05733706763082255
GGB12790 SGB19844,0.0004066619724506572,1015,Extra Trees,0.7302500809994198,0.05733706763082255
Eubacterium nodatum,0.0004060394697971329,1016,Extra Trees,0.7302500809994198,0.05733706763082255
GGB3341 SGB4420,0.00040584373719979147,1017,Extra Trees,0.7302500809994198,0.05733706763082255
Bacteroidales unclassified SGB2135,0.00040488516916786386,1018,Extra Trees,0.7302500809994198,0.05733706763082255
GGB4584 SGB6338,0.00040259185316087967,1019,Extra Trees,0.7302500809994198,0.05733706763082255
GGB10022 SGB15896,0.0004021058354085466,1020,Extra Trees,0.7302500809994198,0.05733706763082255
bacterium OL 1,0.0004014250285263441,1021,Extra Trees,0.7302500809994198,0.05733706763082255
Treponema maltophilum,0.00040052555719669264,1022,Extra Trees,0.7302500809994198,0.05733706763082255
Ruminococcaceae unclassified SGB14835,0.00040036656879524266,1023,Extra Trees,0.7302500809994198,0.05733706763082255
GGB9176 SGB14114,0.00039926572568359036,1024,Extra Trees,0.7302500809994198,0.05733706763082255
GGB48169 SGB66172,0.00039921298548406694,1025,Extra Trees,0.7302500809994198,0.05733706763082255
Raoultibacter massiliensis,0.00039840580563950704,1026,Extra Trees,0.7302500809994198,0.05733706763082255
GGB1582 SGB2173,0.0003981116686686214,1027,Extra Trees,0.7302500809994198,0.05733706763082255
GGB9591 SGB15013,0.0003970059937348643,1028,Extra Trees,0.7302500809994198,0.05733706763082255
GGB3733 SGB5066,0.0003967608421274558,1029,Extra Trees,0.7302500809994198,0.05733706763082255
Bulleidia extructa,0.0003964054618103621,1030,Extra Trees,0.7302500809994198,0.05733706763082255
GGB9635 SGB15102,0.00039609704607482195,1031,Extra Trees,0.7302500809994198,0.05733706763082255
GGB12788 SGB19831,0.0003957454435247816,1032,Extra Trees,0.7302500809994198,0.05733706763082255
Sneathia amnii,0.00039556009840641235,1033,Extra Trees,0.7302500809994198,0.05733706763082255
Murimonas intestini,0.00039538637781843025,1034,Extra Trees,0.7302500809994198,0.05733706763082255
Lautropia mirabilis,0.00039529041084739817,1035,Extra Trees,0.7302500809994198,0.05733706763082255
Enorma phocaeensis,0.00039489045943853264,1036,Extra Trees,0.7302500809994198,0.05733706763082255
Enterococcus dispar,0.0003939819466204711,1037,Extra Trees,0.7302500809994198,0.05733706763082255
Acholeplasmatales unclassified SGB6584,0.0003933436803284867,1038,Extra Trees,0.7302500809994198,0.05733706763082255
Akkermansia sp KLE1605,0.0003930693096511023,1039,Extra Trees,0.7302500809994198,0.05733706763082255
GGB1223 SGB1593,0.00039306111123943563,1040,Extra Trees,0.7302500809994198,0.05733706763082255
Parvimonas sp oral taxon 393,0.0003915688759880941,1041,Extra Trees,0.7302500809994198,0.05733706763082255
Bacteroides sp GM023,0.00039154718249540037,1042,Extra Trees,0.7302500809994198,0.05733706763082255
Clostridia unclassified SGB3983,0.0003912181831703879,1043,Extra Trees,0.7302500809994198,0.05733706763082255
GGB9694 SGB15207,0.0003903456095662749,1044,Extra Trees,0.7302500809994198,0.05733706763082255
Bacteroides heparinolyticus,0.00039010341337995824,1045,Extra Trees,0.7302500809994198,0.05733706763082255
Candidatus Saccharibacteria unclassified SGB19782,0.0003900545924560324,1046,Extra Trees,0.7302500809994198,0.05733706763082255
Bacilli unclassified SGB6502,0.0003899290041003632,1047,Extra Trees,0.7302500809994198,0.05733706763082255
Oribacterium SGB5283,0.00038948727061867834,1048,Extra Trees,0.7302500809994198,0.05733706763082255
Clostridia unclassified SGB6293,0.0003887348186324701,1049,Extra Trees,0.7302500809994198,0.05733706763082255
GGB3632 SGB4921,0.00038842104634752566,1050,Extra Trees,0.7302500809994198,0.05733706763082255
Christensenella timonensis,0.00038828603864924695,1051,Extra Trees,0.7302500809994198,0.05733706763082255
Clostridiales Family XIII bacterium RF 744 FAT WT 3,0.0003880999092814129,1052,Extra Trees,0.7302500809994198,0.05733706763082255
Candidatus Saccharibacteria bacterium oral taxon 488,0.00038788628897285714,1053,Extra Trees,0.7302500809994198,0.05733706763082255
Phocaeicola coprophilus,0.0003875246069092708,1054,Extra Trees,0.7302500809994198,0.05733706763082255
Lachnospiraceae bacterium OF09 6,0.00038742561070129287,1055,Extra Trees,0.7302500809994198,0.05733706763082255
Prevotella sp A2879,0.0003873623738985662,1056,Extra Trees,0.7302500809994198,0.05733706763082255
GGB1270 SGB1705,0.00038676277495611623,1057,Extra Trees,0.7302500809994198,0.05733706763082255
Clostridiales bacterium BX7,0.00038674346223794415,1058,Extra Trees,0.7302500809994198,0.05733706763082255
Coriobacteriia unclassified SGB14764,0.00038610709115418425,1059,Extra Trees,0.7302500809994198,0.05733706763082255
Eggerthellaceae unclassified SGB14332,0.00038579863185764246,1060,Extra Trees,0.7302500809994198,0.05733706763082255
Rikenellaceae unclassified SGB2230,0.0003854612054256053,1061,Extra Trees,0.7302500809994198,0.05733706763082255
Eggerthia catenaformis,0.0003848598526795627,1062,Extra Trees,0.7302500809994198,0.05733706763082255
Desulfovibrio sp OH1186 COT 070,0.0003847304910652809,1063,Extra Trees,0.7302500809994198,0.05733706763082255
GGB1239 SGB1657,0.0003846259630303448,1064,Extra Trees,0.7302500809994198,0.05733706763082255
Candidatus Flemingibacterium merdigallinarum,0.0003840445669579107,1065,Extra Trees,0.7302500809994198,0.05733706763082255
Parolsenella catena,0.00038397288893193875,1066,Extra Trees,0.7302500809994198,0.05733706763082255
Cloacibacillus porcorum,0.0003838701378349774,1067,Extra Trees,0.7302500809994198,0.05733706763082255
Clostridiales bacterium S5 A14a,0.000383035627738113,1068,Extra Trees,0.7302500809994198,0.05733706763082255
GGB26634 SGB38814,0.00038257728013704284,1069,Extra Trees,0.7302500809994198,0.05733706763082255
Selenomonas SGB5880,0.00038247156792795434,1070,Extra Trees,0.7302500809994198,0.05733706763082255
Citrobacter farmeri,0.000382368008881573,1071,Extra Trees,0.7302500809994198,0.05733706763082255
GGB3640 SGB4937,0.0003822501747411763,1072,Extra Trees,0.7302500809994198,0.05733706763082255
Mitsuokella sp AF21 1AC,0.0003816955626056535,1073,Extra Trees,0.7302500809994198,0.05733706763082255
Bacteroidales bacterium,0.00038151550687283306,1074,Extra Trees,0.7302500809994198,0.05733706763082255
Intestinibacillus massiliensis,0.00037991208445890877,1075,Extra Trees,0.7302500809994198,0.05733706763082255
GGB3678 SGB4991,0.0003796001051450472,1076,Extra Trees,0.7302500809994198,0.05733706763082255
Coriobacteriales unclassified SGB72475,0.00037952708052692974,1077,Extra Trees,0.7302500809994198,0.05733706763082255
GGB3118 SGB4130,0.00037943650739839823,1078,Extra Trees,0.7302500809994198,0.05733706763082255
Bifidobacterium pseudolongum,0.0003791908026806426,1079,Extra Trees,0.7302500809994198,0.05733706763082255
GGB42689 SGB59892,0.0003790631052993577,1080,Extra Trees,0.7302500809994198,0.05733706763082255
Synergistaceae bacterium,0.0003789112290159448,1081,Extra Trees,0.7302500809994198,0.05733706763082255
Parabacteroides sp TM07 1AC,0.00037861560222147896,1082,Extra Trees,0.7302500809994198,0.05733706763082255
GGB1116 SGB1430,0.0003785607335080686,1083,Extra Trees,0.7302500809994198,0.05733706763082255
Acidaminococcus fermentans,0.0003781217064403403,1084,Extra Trees,0.7302500809994198,0.05733706763082255
GGB9480 SGB14875,0.00037808078770942567,1085,Extra Trees,0.7302500809994198,0.05733706763082255
Bacteroides congonensis,0.00037726486479692503,1086,Extra Trees,0.7302500809994198,0.05733706763082255
Clostridium neonatale,0.00037709576998281447,1087,Extra Trees,0.7302500809994198,0.05733706763082255
Streptococcus lutetiensis,0.0003767784755099548,1088,Extra Trees,0.7302500809994198,0.05733706763082255
Actinomyces SGB15893,0.0003766605628738546,1089,Extra Trees,0.7302500809994198,0.05733706763082255
Succinatimonas hippei,0.000376578706364505,1090,Extra Trees,0.7302500809994198,0.05733706763082255
Clostridium ventriculi,0.00037549504444720513,1091,Extra Trees,0.7302500809994198,0.05733706763082255
Turicimonas muris,0.00037506804665714526,1092,Extra Trees,0.7302500809994198,0.05733706763082255
GGB4700 SGB6506,0.0003740485314599223,1093,Extra Trees,0.7302500809994198,0.05733706763082255
Christensenellaceae bacterium NSJ 53,0.00037395562031557504,1094,Extra Trees,0.7302500809994198,0.05733706763082255
Ralstonia pickettii,0.0003736819624974882,1095,Extra Trees,0.7302500809994198,0.05733706763082255
Traorella massiliensis,0.0003734040250906479,1096,Extra Trees,0.7302500809994198,0.05733706763082255
GGB6128 SGB8774,0.0003727646954232797,1097,Extra Trees,0.7302500809994198,0.05733706763082255
Megasphaera hexanoica,0.00037245813365658405,1098,Extra Trees,0.7302500809994198,0.05733706763082255
GGB1621 SGB2219,0.000372326515142026,1099,Extra Trees,0.7302500809994198,0.05733706763082255
Actinomyces gerencseriae,0.00037192374718579113,1100,Extra Trees,0.7302500809994198,0.05733706763082255
Streptococcus intermedius,0.0003717413672620341,1101,Extra Trees,0.7302500809994198,0.05733706763082255
Olsenella umbonata,0.00037153105256934317,1102,Extra Trees,0.7302500809994198,0.05733706763082255
Corynebacterium aurimucosum,0.0003711662145185239,1103,Extra Trees,0.7302500809994198,0.05733706763082255
Bacilli unclassified SGB6422,0.0003706281084016926,1104,Extra Trees,0.7302500809994198,0.05733706763082255
GGB9778 SGB15398,0.00037041568299465337,1105,Extra Trees,0.7302500809994198,0.05733706763082255
Shewanella algae,0.00037021819566781665,1106,Extra Trees,0.7302500809994198,0.05733706763082255
Clostridia unclassified SGB14196,0.0003701330755105413,1107,Extra Trees,0.7302500809994198,0.05733706763082255
Propionibacterium acidifaciens,0.0003698331804292874,1108,Extra Trees,0.7302500809994198,0.05733706763082255
Peptoniphilus duerdenii,0.000369796475027497,1109,Extra Trees,0.7302500809994198,0.05733706763082255
Clostridium sp AM58 1XD,0.00036967829422992945,1110,Extra Trees,0.7302500809994198,0.05733706763082255
Actinomyces dentalis,0.0003695121360436307,1111,Extra Trees,0.7302500809994198,0.05733706763082255
Parolsenella SGB14378,0.0003689545266933231,1112,Extra Trees,0.7302500809994198,0.05733706763082255
GGB3737 SGB5071,0.0003688012132801899,1113,Extra Trees,0.7302500809994198,0.05733706763082255
GGB8965 SGB13825,0.000368587648059853,1114,Extra Trees,0.7302500809994198,0.05733706763082255
Eggerthella sp YY7918,0.0003682514857913016,1115,Extra Trees,0.7302500809994198,0.05733706763082255
Peptoniphilus lacrimalis,0.00036812585350991516,1116,Extra Trees,0.7302500809994198,0.05733706763082255
GGB6567 SGB9278,0.0003671345590063817,1117,Extra Trees,0.7302500809994198,0.05733706763082255
GGB9618 SGB15064,0.00036706033257457324,1118,Extra Trees,0.7302500809994198,0.05733706763082255
Olsenella profusa,0.0003670382621561164,1119,Extra Trees,0.7302500809994198,0.05733706763082255
Christensenella sp AF73 05CM02,0.0003670218595702636,1120,Extra Trees,0.7302500809994198,0.05733706763082255
Lachnospiraceae bacterium NSJ 38,0.00036669845492716326,1121,Extra Trees,0.7302500809994198,0.05733706763082255
GGB4569 SGB6312,0.00036467995861254044,1122,Extra Trees,0.7302500809994198,0.05733706763082255
Leuconostoc pseudomesenteroides,0.00036459144156823683,1123,Extra Trees,0.7302500809994198,0.05733706763082255
GGB9634 SGB15097,0.00036402272983829725,1124,Extra Trees,0.7302500809994198,0.05733706763082255
Lelliottia amnigena,0.0003636493753424527,1125,Extra Trees,0.7302500809994198,0.05733706763082255
GGB9348 SGB14315,0.0003633670138352517,1126,Extra Trees,0.7302500809994198,0.05733706763082255
GGB5980 SGB8599,0.0003625217222439739,1127,Extra Trees,0.7302500809994198,0.05733706763082255
Arachnia SGB15899,0.0003621971802690386,1128,Extra Trees,0.7302500809994198,0.05733706763082255
GGB9559 SGB14968,0.00036183276580189296,1129,Extra Trees,0.7302500809994198,0.05733706763082255
Eggerthellaceae unclassified SGB14330,0.00036176343121978045,1130,Extra Trees,0.7302500809994198,0.05733706763082255
GGB1632 SGB2240,0.00036174790647449306,1131,Extra Trees,0.7302500809994198,0.05733706763082255
Candidatus Roslinia caecavium,0.000361417241027192,1132,Extra Trees,0.7302500809994198,0.05733706763082255
Enorma massiliensis,0.0003610146598085903,1133,Extra Trees,0.7302500809994198,0.05733706763082255
GGB3583 SGB4799,0.00036080812251060665,1134,Extra Trees,0.7302500809994198,0.05733706763082255
Bacteroides fluxus,0.0003607572830244634,1135,Extra Trees,0.7302500809994198,0.05733706763082255
Lachnospiraceae unclassified SGB4890,0.0003601823574732474,1136,Extra Trees,0.7302500809994198,0.05733706763082255
Clostridia unclassified SGB13972,0.0003596658289242805,1137,Extra Trees,0.7302500809994198,0.05733706763082255
Clostridiaceae bacterium DONG20 135,0.00035909130480413367,1138,Extra Trees,0.7302500809994198,0.05733706763082255
GGB6010 SGB8637,0.00035797643448833705,1139,Extra Trees,0.7302500809994198,0.05733706763082255
GGB9369 SGB14350,0.0003570186044155214,1140,Extra Trees,0.7302500809994198,0.05733706763082255
TM7 phylum sp oral taxon 351,0.00035688408948212605,1141,Extra Trees,0.7302500809994198,0.05733706763082255
GGB1215 SGB1581,0.0003552751836137135,1142,Extra Trees,0.7302500809994198,0.05733706763082255
Paraclostridium bifermentans,0.0003540797974816831,1143,Extra Trees,0.7302500809994198,0.05733706763082255
Parabacteroides massiliensis,0.00035377991072213955,1144,Extra Trees,0.7302500809994198,0.05733706763082255
Schaalia cardiffensis,0.00035336213399387955,1145,Extra Trees,0.7302500809994198,0.05733706763082255
GGB9551 SGB14958,0.00035311742506748757,1146,Extra Trees,0.7302500809994198,0.05733706763082255
GGB3185 SGB4208,0.0003530012306939366,1147,Extra Trees,0.7302500809994198,0.05733706763082255
Candidatus Heteroscilispira lomanii,0.000352811995757318,1148,Extra Trees,0.7302500809994198,0.05733706763082255
GGB9530 SGB14930,0.00035207917327796906,1149,Extra Trees,0.7302500809994198,0.05733706763082255
Rikenellaceae unclassified SGB2227,0.00035201373116918323,1150,Extra Trees,0.7302500809994198,0.05733706763082255
Brachyspira pilosicoli,0.00035180751756515896,1151,Extra Trees,0.7302500809994198,0.05733706763082255
Staphylococcus aureus,0.0003516950694094175,1152,Extra Trees,0.7302500809994198,0.05733706763082255
GGB3004 SGB3995,0.0003515298807584241,1153,Extra Trees,0.7302500809994198,0.05733706763082255
Prevotella buccae,0.00035032235850757906,1154,Extra Trees,0.7302500809994198,0.05733706763082255
Shuttleworthia satelles,0.0003502007649899503,1155,Extra Trees,0.7302500809994198,0.05733706763082255
GGB35551 SGB53794,0.0003498836008124833,1156,Extra Trees,0.7302500809994198,0.05733706763082255
GGB6547 SGB9247,0.00034982588821874845,1157,Extra Trees,0.7302500809994198,0.05733706763082255
Prevotella salivae,0.0003484448656815483,1158,Extra Trees,0.7302500809994198,0.05733706763082255
GGB3424 SGB4551,0.0003472427391530958,1159,Extra Trees,0.7302500809994198,0.05733706763082255
GGB9730 SGB15290,0.0003470490446654065,1160,Extra Trees,0.7302500809994198,0.05733706763082255
Clostridia unclassified SGB6317,0.0003468566142609826,1161,Extra Trees,0.7302500809994198,0.05733706763082255
Clostridium transplantifaecale,0.00034641093925135075,1162,Extra Trees,0.7302500809994198,0.05733706763082255
Coprococcus SGB5116,0.0003461898048740334,1163,Extra Trees,0.7302500809994198,0.05733706763082255
Coprobacillus sp AF33 1AC,0.0003454632262771407,1164,Extra Trees,0.7302500809994198,0.05733706763082255
Terrisporobacter othiniensis,0.00034544933837862054,1165,Extra Trees,0.7302500809994198,0.05733706763082255
Bariatricus massiliensis,0.00034478480970898134,1166,Extra Trees,0.7302500809994198,0.05733706763082255
Clostridiales unclassified SGB15148,0.0003447260277728272,1167,Extra Trees,0.7302500809994198,0.05733706763082255
Peptoniphilus senegalensis,0.000344479107166505,1168,Extra Trees,0.7302500809994198,0.05733706763082255
Alloprevotella rava,0.00034371932527327883,1169,Extra Trees,0.7302500809994198,0.05733706763082255
Granulicatella elegans,0.00034339606906262264,1170,Extra Trees,0.7302500809994198,0.05733706763082255
Eggerthella sp HF 1101,0.00034337774239784965,1171,Extra Trees,0.7302500809994198,0.05733706763082255
Prevotella pallens,0.00034310976639669223,1172,Extra Trees,0.7302500809994198,0.05733706763082255
Bacilli unclassified SGB6487,0.00034295368268015216,1173,Extra Trees,0.7302500809994198,0.05733706763082255
Lacticaseibacillus paracasei,0.0003423653260047468,1174,Extra Trees,0.7302500809994198,0.05733706763082255
Olsenella phocaeensis,0.0003414416234524822,1175,Extra Trees,0.7302500809994198,0.05733706763082255
GGB38987 SGB66207,0.0003409373460606821,1176,Extra Trees,0.7302500809994198,0.05733706763082255
GGB3523 SGB4702,0.00034069643277860075,1177,Extra Trees,0.7302500809994198,0.05733706763082255
Lactobacillus johnsonii,0.0003403889661197205,1178,Extra Trees,0.7302500809994198,0.05733706763082255
Methanomassiliicoccales archaeon,0.00033961901895695286,1179,Extra Trees,0.7302500809994198,0.05733706763082255
GGB9524 SGB14923,0.0003393396731697686,1180,Extra Trees,0.7302500809994198,0.05733706763082255
Flavonifractor SGB15137,0.0003392133833425521,1181,Extra Trees,0.7302500809994198,0.05733706763082255
Corynebacterium durum,0.00033830035224687076,1182,Extra Trees,0.7302500809994198,0.05733706763082255
Rikenellaceae bacterium DSM 108975,0.00033804808551751166,1183,Extra Trees,0.7302500809994198,0.05733706763082255
Pseudomonas aeruginosa,0.0003376221735780524,1184,Extra Trees,0.7302500809994198,0.05733706763082255
GGB4669 SGB6458,0.00033751226004697125,1185,Extra Trees,0.7302500809994198,0.05733706763082255
Collinsella stercoris,0.00033716869268259097,1186,Extra Trees,0.7302500809994198,0.05733706763082255
Bacteroides sp AM10 21B,0.00033644971939544334,1187,Extra Trees,0.7302500809994198,0.05733706763082255
Actinomyces naeslundii,0.0003360696028490896,1188,Extra Trees,0.7302500809994198,0.05733706763082255
Candidatus Absconditabacteria unclassified SGB6894,0.00033562676383681894,1189,Extra Trees,0.7302500809994198,0.05733706763082255
GGB1630 SGB2238,0.00033491310104905253,1190,Extra Trees,0.7302500809994198,0.05733706763082255
GGB9045 SGB13947,0.0003347714613005201,1191,Extra Trees,0.7302500809994198,0.05733706763082255
Lawsonella clevelandensis,0.00033449347414786637,1192,Extra Trees,0.7302500809994198,0.05733706763082255
Bifidobacterium angulatum,0.00033425834656253115,1193,Extra Trees,0.7302500809994198,0.05733706763082255
GGB9560 SGB69175,0.0003323469196567389,1194,Extra Trees,0.7302500809994198,0.05733706763082255
Atopobium minutum,0.00033233495744044636,1195,Extra Trees,0.7302500809994198,0.05733706763082255
Bacteroides sp OF04 15BH,0.00033205389108942297,1196,Extra Trees,0.7302500809994198,0.05733706763082255
Prevotella sp F0091,0.0003316409512500389,1197,Extra Trees,0.7302500809994198,0.05733706763082255
Eubacterium limosum,0.00033142659259149845,1198,Extra Trees,0.7302500809994198,0.05733706763082255
GGB9631 SGB15086,0.00033048089630310755,1199,Extra Trees,0.7302500809994198,0.05733706763082255
Anaerostipes rhamnosivorans,0.00033046659598034197,1200,Extra Trees,0.7302500809994198,0.05733706763082255
Ruminococcaceae bacterium Marseille P2935,0.0003298862676732136,1201,Extra Trees,0.7302500809994198,0.05733706763082255
Actinomyces sp oral taxon 448,0.0003296754127705641,1202,Extra Trees,0.7302500809994198,0.05733706763082255
Giardia intestinalis,0.000329614311073065,1203,Extra Trees,0.7302500809994198,0.05733706763082255
Eubacterium sp ER2,0.00032891491840891373,1204,Extra Trees,0.7302500809994198,0.05733706763082255
Citrobacter werkmanii,0.0003280992983191663,1205,Extra Trees,0.7302500809994198,0.05733706763082255
Candidatus Nanogingivalis gingivitcus,0.0003265703553757111,1206,Extra Trees,0.7302500809994198,0.05733706763082255
Leptotrichia sp oral taxon 223,0.0003265578064886803,1207,Extra Trees,0.7302500809994198,0.05733706763082255
Candidatus Stoquefichus sp SB1,0.00032644952285702854,1208,Extra Trees,0.7302500809994198,0.05733706763082255
GGB3643 SGB4948,0.0003263903968036882,1209,Extra Trees,0.7302500809994198,0.05733706763082255
Alistipes SGB2305,0.00032562992047816447,1210,Extra Trees,0.7302500809994198,0.05733706763082255
GGB4698 SGB6498,0.00032494266495297874,1211,Extra Trees,0.7302500809994198,0.05733706763082255
Pyramidobacter sp C12 8,0.0003243272053626786,1212,Extra Trees,0.7302500809994198,0.05733706763082255
Duodenibacillus massiliensis,0.0003237830705238045,1213,Extra Trees,0.7302500809994198,0.05733706763082255
Slackia equolifaciens,0.0003237042518735049,1214,Extra Trees,0.7302500809994198,0.05733706763082255
GGB4727 SGB6548,0.00032327395263577686,1215,Extra Trees,0.7302500809994198,0.05733706763082255
Ruminococcus champanellensis,0.00032312560731965226,1216,Extra Trees,0.7302500809994198,0.05733706763082255
Alistipes SGB2310,0.000323096413978759,1217,Extra Trees,0.7302500809994198,0.05733706763082255
GGB10852 SGB17523,0.000322804096832489,1218,Extra Trees,0.7302500809994198,0.05733706763082255
Longibaculum muris,0.0003218742547829192,1219,Extra Trees,0.7302500809994198,0.05733706763082255
Oribacterium asaccharolyticum,0.00032157663616343184,1220,Extra Trees,0.7302500809994198,0.05733706763082255
Megasphaera sp MJR8396C,0.0003215024371258381,1221,Extra Trees,0.7302500809994198,0.05733706763082255
Clostridium sp WCA 389 WT 23D1,0.0003206365577631155,1222,Extra Trees,0.7302500809994198,0.05733706763082255
GGB9104 SGB14036,0.00031987623852714375,1223,Extra Trees,0.7302500809994198,0.05733706763082255
Pseudoramibacter alactolyticus,0.00031854055724567004,1224,Extra Trees,0.7302500809994198,0.05733706763082255
GGB1410 SGB1935,0.0003180994475560572,1225,Extra Trees,0.7302500809994198,0.05733706763082255
Kluyvera sichuanensis,0.0003177615906168969,1226,Extra Trees,0.7302500809994198,0.05733706763082255
Proteus mirabilis,0.00031747833511027183,1227,Extra Trees,0.7302500809994198,0.05733706763082255
Lactiplantibacillus plantarum,0.00031615287683303147,1228,Extra Trees,0.7302500809994198,0.05733706763082255
Clostridium hylemonae,0.000315963040282145,1229,Extra Trees,0.7302500809994198,0.05733706763082255
GGB3189 SGB4212,0.00031570259476659194,1230,Extra Trees,0.7302500809994198,0.05733706763082255
Candidatus Avispirillum faecium,0.00031555728366004847,1231,Extra Trees,0.7302500809994198,0.05733706763082255
GGB4243 SGB5738,0.0003154097835727172,1232,Extra Trees,0.7302500809994198,0.05733706763082255
Candidatus Neoanaerotignum galli,0.00031408993205562586,1233,Extra Trees,0.7302500809994198,0.05733706763082255
Levyella massiliensis,0.0003139748597778409,1234,Extra Trees,0.7302500809994198,0.05733706763082255
Subdoligranulum SGB15305,0.0003134683881151982,1235,Extra Trees,0.7302500809994198,0.05733706763082255
Bacteroides sp AF16 49,0.00031275773498520214,1236,Extra Trees,0.7302500809994198,0.05733706763082255
Parabacteroides faecis,0.0003125314894036555,1237,Extra Trees,0.7302500809994198,0.05733706763082255
GGB4579 SGB6329,0.00031225763838193366,1238,Extra Trees,0.7302500809994198,0.05733706763082255
Finegoldia magna,0.0003118553590130338,1239,Extra Trees,0.7302500809994198,0.05733706763082255
Collinsella sp An268,0.00031177953425211,1240,Extra Trees,0.7302500809994198,0.05733706763082255
GGB1405 SGB1928,0.0003114385190087819,1241,Extra Trees,0.7302500809994198,0.05733706763082255
GGB9697 SGB15213,0.0003111640834083344,1242,Extra Trees,0.7302500809994198,0.05733706763082255
Campylobacter gracilis,0.0003111532927664622,1243,Extra Trees,0.7302500809994198,0.05733706763082255
GGB1538 SGB2121,0.00031094197895615796,1244,Extra Trees,0.7302500809994198,0.05733706763082255
Sutterella seckii,0.00031093769548362204,1245,Extra Trees,0.7302500809994198,0.05733706763082255
GGB3654 SGB4965,0.0003098255225861242,1246,Extra Trees,0.7302500809994198,0.05733706763082255
Collinsella SGB14754,0.00030979122901050713,1247,Extra Trees,0.7302500809994198,0.05733706763082255
GGB9636 SGB15109,0.00030971144104368904,1248,Extra Trees,0.7302500809994198,0.05733706763082255
GGB9350 SGB14317,0.00030901160727464863,1249,Extra Trees,0.7302500809994198,0.05733706763082255
Mobiluncus SGB15488,0.00030789933087810165,1250,Extra Trees,0.7302500809994198,0.05733706763082255
Erysipelatoclostridium sp An15,0.0003076465272848498,1251,Extra Trees,0.7302500809994198,0.05733706763082255
GGB9291 SGB14248,0.00030724474074569094,1252,Extra Trees,0.7302500809994198,0.05733706763082255
Blastocystis sp subtype 1,0.00030666597372873856,1253,Extra Trees,0.7302500809994198,0.05733706763082255
GGB3360 SGB4444,0.00030607304883180673,1254,Extra Trees,0.7302500809994198,0.05733706763082255
Candidatus Howiella intestinavium,0.00030594787081861306,1255,Extra Trees,0.7302500809994198,0.05733706763082255
Flavonifractor sp An112,0.0003057747901406865,1256,Extra Trees,0.7302500809994198,0.05733706763082255
GGB3606 SGB4870,0.00030467183718362945,1257,Extra Trees,0.7302500809994198,0.05733706763082255
Subdoligranulum sp DSM 109015,0.0003043739829919698,1258,Extra Trees,0.7302500809994198,0.05733706763082255
GGB9169 SGB14107,0.0003043123799975126,1259,Extra Trees,0.7302500809994198,0.05733706763082255
GGB9052 SGB13957,0.0003036414007042482,1260,Extra Trees,0.7302500809994198,0.05733706763082255
Synergistes jonesii,0.0003035772919179817,1261,Extra Trees,0.7302500809994198,0.05733706763082255
GGB4487 SGB6184,0.000303431497950698,1262,Extra Trees,0.7302500809994198,0.05733706763082255
Prevotella oralis,0.00030199255537485207,1263,Extra Trees,0.7302500809994198,0.05733706763082255
Bacteroidaceae unclassified SGB1468,0.00030182427624684865,1264,Extra Trees,0.7302500809994198,0.05733706763082255
Firmicutes bacterium AM41 11,0.0003012027246068019,1265,Extra Trees,0.7302500809994198,0.05733706763082255
Odoribacter sp AF15 53,0.0002995064383279183,1266,Extra Trees,0.7302500809994198,0.05733706763082255
GGB4721 SGB6537,0.0002990154432293042,1267,Extra Trees,0.7302500809994198,0.05733706763082255
GGB2945 SGB3918,0.00029892739341983056,1268,Extra Trees,0.7302500809994198,0.05733706763082255
GGB4676 SGB6465,0.00029872708677306187,1269,Extra Trees,0.7302500809994198,0.05733706763082255
GGB4711 SGB6524,0.0002986626103294338,1270,Extra Trees,0.7302500809994198,0.05733706763082255
GGB9636 SGB15108,0.00029843462530045896,1271,Extra Trees,0.7302500809994198,0.05733706763082255
GGB1455 SGB2018,0.000298090195995197,1272,Extra Trees,0.7302500809994198,0.05733706763082255
Urmitella timonensis,0.0002978941855575862,1273,Extra Trees,0.7302500809994198,0.05733706763082255
Peptostreptococcus russellii,0.0002973737906311104,1274,Extra Trees,0.7302500809994198,0.05733706763082255
GGB9260 SGB14208,0.00029727360675155733,1275,Extra Trees,0.7302500809994198,0.05733706763082255
Leptotrichia hongkongensis,0.00029658556775216693,1276,Extra Trees,0.7302500809994198,0.05733706763082255
Atopobium sp oral taxon 810,0.00029640786253056384,1277,Extra Trees,0.7302500809994198,0.05733706763082255
Citrobacter murliniae,0.0002959277200929127,1278,Extra Trees,0.7302500809994198,0.05733706763082255
GGB9423 SGB14792,0.00029531197585179003,1279,Extra Trees,0.7302500809994198,0.05733706763082255
GGB9687 SGB15191,0.0002943008808586064,1280,Extra Trees,0.7302500809994198,0.05733706763082255
Bacilli unclassified SGB6493,0.00029338797152627874,1281,Extra Trees,0.7302500809994198,0.05733706763082255
Desulfovibrio legallii,0.0002933785410402593,1282,Extra Trees,0.7302500809994198,0.05733706763082255
Leuconostoc carnosum,0.00029277784861697577,1283,Extra Trees,0.7302500809994198,0.05733706763082255
Latilactobacillus curvatus,0.00029137636871790596,1284,Extra Trees,0.7302500809994198,0.05733706763082255
GGB9101 SGB14033,0.0002903268772234808,1285,Extra Trees,0.7302500809994198,0.05733706763082255
GGB1227 SGB1600,0.0002899750867966225,1286,Extra Trees,0.7302500809994198,0.05733706763082255
GGB1543 SGB2126,0.0002898379814507561,1287,Extra Trees,0.7302500809994198,0.05733706763082255
Lachnospiraceae bacterium WCA 693 APC MOT I,0.000289507260995903,1288,Extra Trees,0.7302500809994198,0.05733706763082255
GGB1380 SGB1883,0.00028897226275482357,1289,Extra Trees,0.7302500809994198,0.05733706763082255
Clostridium celatum,0.00028844223743587367,1290,Extra Trees,0.7302500809994198,0.05733706763082255
GGB3123 SGB4135,0.00028817783116246907,1291,Extra Trees,0.7302500809994198,0.05733706763082255
GGB27774 SGB40188,0.00028811503579010843,1292,Extra Trees,0.7302500809994198,0.05733706763082255
Tyzzerella sp An114,0.0002880513718038849,1293,Extra Trees,0.7302500809994198,0.05733706763082255
TM7 phylum sp oral taxon 350,0.0002872588310460326,1294,Extra Trees,0.7302500809994198,0.05733706763082255
Megasphaera hominis,0.00028671656633720777,1295,Extra Trees,0.7302500809994198,0.05733706763082255
Arachnia SGB15898,0.0002853205814623309,1296,Extra Trees,0.7302500809994198,0.05733706763082255
GGB18559 SGB27424,0.000285069652462293,1297,Extra Trees,0.7302500809994198,0.05733706763082255
GGB9815 SGB15449,0.00028447812396605634,1298,Extra Trees,0.7302500809994198,0.05733706763082255
Bacteroidales bacterium Oil RF 744 WCA WT 10,0.0002841503506488176,1299,Extra Trees,0.7302500809994198,0.05733706763082255
Scardovia inopinata,0.0002834667042696004,1300,Extra Trees,0.7302500809994198,0.05733706763082255
Clostridia unclassified SGB13993,0.0002831212211830473,1301,Extra Trees,0.7302500809994198,0.05733706763082255
Methanosphaera stadtmanae,0.0002826975172171133,1302,Extra Trees,0.7302500809994198,0.05733706763082255
Peptoniphilus sp Marseille P3761,0.0002817368748933355,1303,Extra Trees,0.7302500809994198,0.05733706763082255
Ezakiella coagulans,0.0002802935294344092,1304,Extra Trees,0.7302500809994198,0.05733706763082255
Alistipes sp An31A,0.00028012875477883615,1305,Extra Trees,0.7302500809994198,0.05733706763082255
Flavonifractor sp An135,0.00027896905467570673,1306,Extra Trees,0.7302500809994198,0.05733706763082255
GGB12761 SGB19791,0.00027889745419351733,1307,Extra Trees,0.7302500809994198,0.05733706763082255
Lactobacillus amylovorus,0.00027865670164713645,1308,Extra Trees,0.7302500809994198,0.05733706763082255
Campylobacter hominis,0.0002778024930449408,1309,Extra Trees,0.7302500809994198,0.05733706763082255
Lactococcus laudensis,0.0002770644472858651,1310,Extra Trees,0.7302500809994198,0.05733706763082255
Clostridia unclassified SGB13999,0.000276480091203011,1311,Extra Trees,0.7302500809994198,0.05733706763082255
Clostridia unclassified SGB6307,0.00027635695722881255,1312,Extra Trees,0.7302500809994198,0.05733706763082255
GGB1332 SGB1789,0.00027622131780181725,1313,Extra Trees,0.7302500809994198,0.05733706763082255
Porphyromonas pasteri,0.0002761263852812989,1314,Extra Trees,0.7302500809994198,0.05733706763082255
GGB3717 SGB5040,0.0002760640278778601,1315,Extra Trees,0.7302500809994198,0.05733706763082255
Bacteroides togonis,0.0002749146682520242,1316,Extra Trees,0.7302500809994198,0.05733706763082255
GGB9528 SGB14928,0.0002739058551208135,1317,Extra Trees,0.7302500809994198,0.05733706763082255
GGB4598 SGB6360,0.00027337846974122585,1318,Extra Trees,0.7302500809994198,0.05733706763082255
Desulfovibrio sp PG 178 WT 4,0.00027154162246676784,1319,Extra Trees,0.7302500809994198,0.05733706763082255
Akkermansia sp BIOML A40,0.00027144824670040856,1320,Extra Trees,0.7302500809994198,0.05733706763082255
GGB9623 SGB15075,0.0002706362625747317,1321,Extra Trees,0.7302500809994198,0.05733706763082255
Candidatus Pseudoscilispira falkowii,0.0002696904809690752,1322,Extra Trees,0.7302500809994198,0.05733706763082255
Actinomyces israelii,0.0002696259862421783,1323,Extra Trees,0.7302500809994198,0.05733706763082255
GGB45620 SGB63333,0.0002692674276886555,1324,Extra Trees,0.7302500809994198,0.05733706763082255
Streptococcus peroris,0.0002689640657628996,1325,Extra Trees,0.7302500809994198,0.05733706763082255
GGB4538 SGB6256,0.0002685247836948566,1326,Extra Trees,0.7302500809994198,0.05733706763082255
Oribacterium sp oral taxon 102,0.0002676939007388945,1327,Extra Trees,0.7302500809994198,0.05733706763082255
Enteroscipio rubneri,0.00026749992026637405,1328,Extra Trees,0.7302500809994198,0.05733706763082255
GGB4550 SGB6272,0.00026745683564878347,1329,Extra Trees,0.7302500809994198,0.05733706763082255
Subdoligranulum variabile,0.0002668624363125956,1330,Extra Trees,0.7302500809994198,0.05733706763082255
GGB9701 SGB15218,0.0002639120739332734,1331,Extra Trees,0.7302500809994198,0.05733706763082255
Blautia SGB71764,0.00026371582550513547,1332,Extra Trees,0.7302500809994198,0.05733706763082255
Prevotella nanceiensis,0.00026349773592957717,1333,Extra Trees,0.7302500809994198,0.05733706763082255
GGB3226 SGB4260,0.0002630212140210575,1334,Extra Trees,0.7302500809994198,0.05733706763082255
GGB9086 SGB14014,0.0002625792168876203,1335,Extra Trees,0.7302500809994198,0.05733706763082255
Candidatus Gallimonas intestinalis,0.00026241087065224017,1336,Extra Trees,0.7302500809994198,0.05733706763082255
GGB6133 SGB8780,0.0002620164225403612,1337,Extra Trees,0.7302500809994198,0.05733706763082255
GGB4702 SGB6509,0.0002616826881013482,1338,Extra Trees,0.7302500809994198,0.05733706763082255
Clostridiales bacterium CHKCI006,0.0002616391578473609,1339,Extra Trees,0.7302500809994198,0.05733706763082255
GGB1691 SGB2323,0.0002613227931291616,1340,Extra Trees,0.7302500809994198,0.05733706763082255
GGB9434 SGB14812,0.00026119137998306875,1341,Extra Trees,0.7302500809994198,0.05733706763082255
Veillonella denticariosi,0.0002607398235340285,1342,Extra Trees,0.7302500809994198,0.05733706763082255
GGB9739 SGB15313,0.0002605048919830708,1343,Extra Trees,0.7302500809994198,0.05733706763082255
GGB9582 SGB15000,0.00026026710810787064,1344,Extra Trees,0.7302500809994198,0.05733706763082255
GGB1247 SGB1668,0.0002580855886789132,1345,Extra Trees,0.7302500809994198,0.05733706763082255
GGB6544 SGB9242,0.0002577990692996102,1346,Extra Trees,0.7302500809994198,0.05733706763082255
GGB3343 SGB4423,0.00025758741396592413,1347,Extra Trees,0.7302500809994198,0.05733706763082255
Peptoniphilus harei,0.0002571216146541154,1348,Extra Trees,0.7302500809994198,0.05733706763082255
Ligilactobacillus agilis,0.0002557567829946375,1349,Extra Trees,0.7302500809994198,0.05733706763082255
Varibaculum SGB15480,0.00025568657946774124,1350,Extra Trees,0.7302500809994198,0.05733706763082255
Eisenbergiella sp OF01 20,0.0002529295271113159,1351,Extra Trees,0.7302500809994198,0.05733706763082255
Elizabethkingia bruuniana,0.0002524951739818687,1352,Extra Trees,0.7302500809994198,0.05733706763082255
Terrisporobacter mayombei,0.00025247296346913916,1353,Extra Trees,0.7302500809994198,0.05733706763082255
GGB1680 SGB2312,0.00025221625815535537,1354,Extra Trees,0.7302500809994198,0.05733706763082255
Haemophilus paraphrohaemolyticus,0.0002517205909181281,1355,Extra Trees,0.7302500809994198,0.05733706763082255
Parabacteroides bouchesdurhonensis,0.00025166034205286017,1356,Extra Trees,0.7302500809994198,0.05733706763082255
GGB28319 SGB40892,0.0002510765343766942,1357,Extra Trees,0.7302500809994198,0.05733706763082255
Porphyromonas bennonis,0.0002507243623056486,1358,Extra Trees,0.7302500809994198,0.05733706763082255
Alterileibacterium massiliense,0.0002503625702654346,1359,Extra Trees,0.7302500809994198,0.05733706763082255
GGB1407 SGB1931,0.0002492847740791708,1360,Extra Trees,0.7302500809994198,0.05733706763082255
GGB18384 SGB72500,0.00024921862942728996,1361,Extra Trees,0.7302500809994198,0.05733706763082255
Coprococcus sp AF21 14LB,0.00024854146360337744,1362,Extra Trees,0.7302500809994198,0.05733706763082255
GGB30311 SGB43288,0.00024829548003679834,1363,Extra Trees,0.7302500809994198,0.05733706763082255
Peptidiphaga gingivicola,0.0002482952254597991,1364,Extra Trees,0.7302500809994198,0.05733706763082255
GGB1250 SGB1673,0.0002482479422067498,1365,Extra Trees,0.7302500809994198,0.05733706763082255
GGB3003 SGB3994,0.00024797413125998295,1366,Extra Trees,0.7302500809994198,0.05733706763082255
GGB1219 SGB1587,0.0002473529156112323,1367,Extra Trees,0.7302500809994198,0.05733706763082255
GGB6522 SGB9214,0.0002461416240573597,1368,Extra Trees,0.7302500809994198,0.05733706763082255
Bacteroides ndongoniae,0.0002456864826520874,1369,Extra Trees,0.7302500809994198,0.05733706763082255
GGB4888 SGB6837,0.00024562213449977555,1370,Extra Trees,0.7302500809994198,0.05733706763082255
Peptoniphilus coxii,0.000244701992768167,1371,Extra Trees,0.7302500809994198,0.05733706763082255
Selenomonas noxia,0.00024425064832504914,1372,Extra Trees,0.7302500809994198,0.05733706763082255
Prevotella colorans,0.0002436993741687498,1373,Extra Trees,0.7302500809994198,0.05733706763082255
GGB4239 SGB5731,0.00024361532154906787,1374,Extra Trees,0.7302500809994198,0.05733706763082255
Fenollaria timonensis,0.0002434274827196773,1375,Extra Trees,0.7302500809994198,0.05733706763082255
Fusobacteriaceae unclassified SGB6035,0.00024342559996326458,1376,Extra Trees,0.7302500809994198,0.05733706763082255
Aeromonas caviae,0.00024324378801782566,1377,Extra Trees,0.7302500809994198,0.05733706763082255
GGB3236 SGB4274,0.00024293652234178513,1378,Extra Trees,0.7302500809994198,0.05733706763082255
GGB9379 SGB14372,0.0002428106633246614,1379,Extra Trees,0.7302500809994198,0.05733706763082255
Clostridia unclassified SGB14024,0.00024277579021792024,1380,Extra Trees,0.7302500809994198,0.05733706763082255
GGB9303 SGB14264,0.00024130421211689826,1381,Extra Trees,0.7302500809994198,0.05733706763082255
Butyricimonas synergistica,0.0002410150553902914,1382,Extra Trees,0.7302500809994198,0.05733706763082255
GGB1264 SGB1697,0.00024046799669021518,1383,Extra Trees,0.7302500809994198,0.05733706763082255
Slackia SGB14778,0.00023997699538983236,1384,Extra Trees,0.7302500809994198,0.05733706763082255
Pseudopropionibacterium propionicum,0.00023963685102636976,1385,Extra Trees,0.7302500809994198,0.05733706763082255
Haemophilus pittmaniae,0.00023855552211529004,1386,Extra Trees,0.7302500809994198,0.05733706763082255
Actinomyces radicidentis,0.0002365528702274705,1387,Extra Trees,0.7302500809994198,0.05733706763082255
Klebsiella indica,0.00023642248039717662,1388,Extra Trees,0.7302500809994198,0.05733706763082255
GGB9668 SGB15165,0.00023636181191237092,1389,Extra Trees,0.7302500809994198,0.05733706763082255
Megasphaera massiliensis,0.00023552902706739672,1390,Extra Trees,0.7302500809994198,0.05733706763082255
GGB3474 SGB4637,0.00023538908497195725,1391,Extra Trees,0.7302500809994198,0.05733706763082255
GGB4773 SGB6607,0.00023485921980765084,1392,Extra Trees,0.7302500809994198,0.05733706763082255
Lachnospiraceae unclassified SGB5063,0.0002348423292631646,1393,Extra Trees,0.7302500809994198,0.05733706763082255
Prevotellaceae unclassified SGB1688,0.00023392099191027075,1394,Extra Trees,0.7302500809994198,0.05733706763082255
Leuconostoc gelidum,0.00023387587991073778,1395,Extra Trees,0.7302500809994198,0.05733706763082255
GGB45540 SGB63220,0.0002336639986401712,1396,Extra Trees,0.7302500809994198,0.05733706763082255
Atopobium sp oral taxon 199,0.00023318371987894062,1397,Extra Trees,0.7302500809994198,0.05733706763082255
Prevotella dentalis,0.0002309556282281995,1398,Extra Trees,0.7302500809994198,0.05733706763082255
Lactobacillus acidophilus,0.00023077328329030596,1399,Extra Trees,0.7302500809994198,0.05733706763082255
GGB9608 SGB15042,0.00023056845193802482,1400,Extra Trees,0.7302500809994198,0.05733706763082255
GGB4701 SGB6508,0.0002305579027788861,1401,Extra Trees,0.7302500809994198,0.05733706763082255
Prevotella koreensis,0.00023031830976340855,1402,Extra Trees,0.7302500809994198,0.05733706763082255
GGB9635 SGB15100,0.00023028895182831328,1403,Extra Trees,0.7302500809994198,0.05733706763082255
Campylobacter curvus,0.00022976262162134332,1404,Extra Trees,0.7302500809994198,0.05733706763082255
Eubacterium sp AF22 8LB,0.00022965055664836187,1405,Extra Trees,0.7302500809994198,0.05733706763082255
Bacteroides stercorirosoris,0.0002291141217609861,1406,Extra Trees,0.7302500809994198,0.05733706763082255
Candidatus Protoclostridium gallicola,0.0002290799326095192,1407,Extra Trees,0.7302500809994198,0.05733706763082255
Cryptobacterium curtum,0.00022882961257792177,1408,Extra Trees,0.7302500809994198,0.05733706763082255
Enterococcus durans,0.0002280635453824498,1409,Extra Trees,0.7302500809994198,0.05733706763082255
Ruminococcaceae unclassified SGB20776,0.00022796230242881106,1410,Extra Trees,0.7302500809994198,0.05733706763082255
Candidatus Timburyella stercoris,0.00022744441247034126,1411,Extra Trees,0.7302500809994198,0.05733706763082255
Dialister micraerophilus,0.00022723883601542417,1412,Extra Trees,0.7302500809994198,0.05733706763082255
GGB4554 SGB6285,0.00022715643308151472,1413,Extra Trees,0.7302500809994198,0.05733706763082255
GGB4616 SGB6391,0.00022702334869745757,1414,Extra Trees,0.7302500809994198,0.05733706763082255
Propionibacterium freudenreichii,0.00022671763018279454,1415,Extra Trees,0.7302500809994198,0.05733706763082255
Peptostreptococcus sp MV1,0.0002258107462397364,1416,Extra Trees,0.7302500809994198,0.05733706763082255
GGB3617 SGB4891,0.0002255843298568845,1417,Extra Trees,0.7302500809994198,0.05733706763082255
GGB6127 SGB8773,0.00022499886702577704,1418,Extra Trees,0.7302500809994198,0.05733706763082255
Enterobacter cloacae,0.0002247025514304812,1419,Extra Trees,0.7302500809994198,0.05733706763082255
GGB3532 SGB4720,0.00022454443869645768,1420,Extra Trees,0.7302500809994198,0.05733706763082255
Lactonifactor longoviformis,0.00022440503560402602,1421,Extra Trees,0.7302500809994198,0.05733706763082255
GGB3862 SGB5239,0.00022427199201271168,1422,Extra Trees,0.7302500809994198,0.05733706763082255
Neisseria sicca,0.00022368173198744658,1423,Extra Trees,0.7302500809994198,0.05733706763082255
Catonella morbi,0.0002235788455180019,1424,Extra Trees,0.7302500809994198,0.05733706763082255
GGB45461 SGB63131,0.00022259326825877046,1425,Extra Trees,0.7302500809994198,0.05733706763082255
Ezakiella SGB6726,0.00022063214260691693,1426,Extra Trees,0.7302500809994198,0.05733706763082255
GGB9727 SGB15285,0.0002195883089279531,1427,Extra Trees,0.7302500809994198,0.05733706763082255
Candidatus Heteroruminococcus faecigallinarum,0.00021925734598938858,1428,Extra Trees,0.7302500809994198,0.05733706763082255
GGB3738 SGB5072,0.00021898274284922565,1429,Extra Trees,0.7302500809994198,0.05733706763082255
GGB6546 SGB9245,0.00021864134568157844,1430,Extra Trees,0.7302500809994198,0.05733706763082255
GGB9058 SGB13975,0.00021857853877707903,1431,Extra Trees,0.7302500809994198,0.05733706763082255
Citrobacter amalonaticus,0.00021847957437608895,1432,Extra Trees,0.7302500809994198,0.05733706763082255
GGB9580 SGB14998,0.00021748535855985017,1433,Extra Trees,0.7302500809994198,0.05733706763082255
Criibacterium bergeronii,0.00021746555051555035,1434,Extra Trees,0.7302500809994198,0.05733706763082255
Mogibacterium pumilum,0.0002174053621332953,1435,Extra Trees,0.7302500809994198,0.05733706763082255
Oxalobacter SGB9385,0.00021735884317717496,1436,Extra Trees,0.7302500809994198,0.05733706763082255
GGB4739 SGB6564,0.0002163783480889614,1437,Extra Trees,0.7302500809994198,0.05733706763082255
Dellaglioa algida,0.00021499520750952757,1438,Extra Trees,0.7302500809994198,0.05733706763082255
Bacteroides sp An19,0.00021497397464790595,1439,Extra Trees,0.7302500809994198,0.05733706763082255
GGB4710 SGB6522,0.00021345711942159735,1440,Extra Trees,0.7302500809994198,0.05733706763082255
Limosilactobacillus reuteri,0.00021303808555890916,1441,Extra Trees,0.7302500809994198,0.05733706763082255
Bacteroidales unclassified SGB2076,0.0002102891772025846,1442,Extra Trees,0.7302500809994198,0.05733706763082255
GGB9768 SGB15386,0.00020999436072485734,1443,Extra Trees,0.7302500809994198,0.05733706763082255
GGB4672 SGB6461,0.00020926858816715,1444,Extra Trees,0.7302500809994198,0.05733706763082255
Phoenicibacter congonensis,0.00020924970949959504,1445,Extra Trees,0.7302500809994198,0.05733706763082255
Peptoanaerobacter stomatis,0.0002062405906302598,1446,Extra Trees,0.7302500809994198,0.05733706763082255
GGB9452 SGB14843,0.0002057609551745533,1447,Extra Trees,0.7302500809994198,0.05733706763082255
GGB1267 SGB1701,0.00020529138119818247,1448,Extra Trees,0.7302500809994198,0.05733706763082255
GGB4674 SGB6463,0.0002043610508275997,1449,Extra Trees,0.7302500809994198,0.05733706763082255
GGB9540 SGB14943,0.00020427040348937634,1450,Extra Trees,0.7302500809994198,0.05733706763082255
GGB9457 SGB14849,0.0002040847009341947,1451,Extra Trees,0.7302500809994198,0.05733706763082255
Collinsella sp An7,0.00020382316760070282,1452,Extra Trees,0.7302500809994198,0.05733706763082255
Elusimicrobiales bacterium,0.00020364379331158552,1453,Extra Trees,0.7302500809994198,0.05733706763082255
Peptoniphilus grossensis,0.00020362002193429849,1454,Extra Trees,0.7302500809994198,0.05733706763082255
GGB3394 SGB4498,0.0002030299526441104,1455,Extra Trees,0.7302500809994198,0.05733706763082255
GGB1456 SGB2019,0.00020300509583218385,1456,Extra Trees,0.7302500809994198,0.05733706763082255
GGB52930 SGB73859,0.00020183834013832872,1457,Extra Trees,0.7302500809994198,0.05733706763082255
Eubacteriaceae bacterium CHKCI004,0.000200901235168101,1458,Extra Trees,0.7302500809994198,0.05733706763082255
Prevotella baroniae,0.00020078366891381781,1459,Extra Trees,0.7302500809994198,0.05733706763082255
GGB27792 SGB40208,0.00020039584764926918,1460,Extra Trees,0.7302500809994198,0.05733706763082255
Lachnospiraceae unclassified SGB66069,0.00020035417590852229,1461,Extra Trees,0.7302500809994198,0.05733706763082255
Blautia argi,0.00019995866119463385,1462,Extra Trees,0.7302500809994198,0.05733706763082255
Clostridia unclassified SGB6344,0.0001996868149896659,1463,Extra Trees,0.7302500809994198,0.05733706763082255
Absicoccus porci,0.0001985257026823502,1464,Extra Trees,0.7302500809994198,0.05733706763082255
GGB9686 SGB15190,0.0001983096840242809,1465,Extra Trees,0.7302500809994198,0.05733706763082255
Enterorhabdus sp P55,0.00019814769494428067,1466,Extra Trees,0.7302500809994198,0.05733706763082255
GGB4667 SGB6456,0.00019809230268396234,1467,Extra Trees,0.7302500809994198,0.05733706763082255
GGB4706 SGB6513,0.00019807086536607413,1468,Extra Trees,0.7302500809994198,0.05733706763082255
GGB4751 SGB6580,0.00019610724948432683,1469,Extra Trees,0.7302500809994198,0.05733706763082255
Sanguibacteroides SGB1777,0.00019587218418104388,1470,Extra Trees,0.7302500809994198,0.05733706763082255
Actinomyces johnsonii,0.00019432843799469887,1471,Extra Trees,0.7302500809994198,0.05733706763082255
GGB1503 SGB2082,0.00019366710967958495,1472,Extra Trees,0.7302500809994198,0.05733706763082255
GGB13418 SGB20686,0.00019160316454301302,1473,Extra Trees,0.7302500809994198,0.05733706763082255
GGB1843 SGB2524,0.00019159816735980664,1474,Extra Trees,0.7302500809994198,0.05733706763082255
GGB9285 SGB14238,0.0001908089667032747,1475,Extra Trees,0.7302500809994198,0.05733706763082255
Kluyvera ascorbata,0.0001905181878056278,1476,Extra Trees,0.7302500809994198,0.05733706763082255
GGB9712 SGB20770,0.00019021199543788774,1477,Extra Trees,0.7302500809994198,0.05733706763082255
Fenollaria massiliensis,0.00018839401422966217,1478,Extra Trees,0.7302500809994198,0.05733706763082255
Leptotrichia sp oral taxon 215,0.00018829528416501796,1479,Extra Trees,0.7302500809994198,0.05733706763082255
GGB9583 SGB15004,0.00018829133925327263,1480,Extra Trees,0.7302500809994198,0.05733706763082255
Methanomassiliicoccaceae unclassified SGB380,0.0001880132704064335,1481,Extra Trees,0.7302500809994198,0.05733706763082255
Blautia hominis,0.0001874458812674723,1482,Extra Trees,0.7302500809994198,0.05733706763082255
GGB6554 SGB9257,0.0001866102442731761,1483,Extra Trees,0.7302500809994198,0.05733706763082255
GGB6574 SGB9290,0.00018588849703606895,1484,Extra Trees,0.7302500809994198,0.05733706763082255
Prevotella buccalis,0.0001851889175579203,1485,Extra Trees,0.7302500809994198,0.05733706763082255
Lawsonella SGB3665,0.00018260767905846112,1486,Extra Trees,0.7302500809994198,0.05733706763082255
Candidatus Paralachnospira avium,0.00018230916244033667,1487,Extra Trees,0.7302500809994198,0.05733706763082255
Gemmiger sp An194,0.00018229406195457293,1488,Extra Trees,0.7302500809994198,0.05733706763082255
GGB9677 SGB15179,0.00018227543990271983,1489,Extra Trees,0.7302500809994198,0.05733706763082255
GGB35456 SGB47582,0.0001816446773546763,1490,Extra Trees,0.7302500809994198,0.05733706763082255
Lachnoclostridium SGB59850,0.00018150265304586678,1491,Extra Trees,0.7302500809994198,0.05733706763082255
GGB4770 SGB6604,0.0001790550598284925,1492,Extra Trees,0.7302500809994198,0.05733706763082255
Adlercreutzia mucosicola,0.0001789145832901622,1493,Extra Trees,0.7302500809994198,0.05733706763082255
GGB2731 SGB3673,0.00017851386588530916,1494,Extra Trees,0.7302500809994198,0.05733706763082255
Clostridiales bacterium Marseille P2846,0.0001772379409278998,1495,Extra Trees,0.7302500809994198,0.05733706763082255
Methanobacteriaceae archaeon,0.0001772118319980652,1496,Extra Trees,0.7302500809994198,0.05733706763082255
Gemmiger sp An50,0.00017675037574435435,1497,Extra Trees,0.7302500809994198,0.05733706763082255
GGB1102 SGB1416,0.00017625754843687548,1498,Extra Trees,0.7302500809994198,0.05733706763082255
GGB1617 SGB2214,0.00017603080855127032,1499,Extra Trees,0.7302500809994198,0.05733706763082255
Lentisphaeria unclassified SGB9198,0.00017459645261779058,1500,Extra Trees,0.7302500809994198,0.05733706763082255
GGB6521 SGB9212,0.0001742182031747622,1501,Extra Trees,0.7302500809994198,0.05733706763082255
GGB3678 SGB4992,0.00017341702039794154,1502,Extra Trees,0.7302500809994198,0.05733706763082255
GGB4671 SGB6460,0.00017266280668761996,1503,Extra Trees,0.7302500809994198,0.05733706763082255
Clostridia unclassified SGB6371,0.00017153468678928564,1504,Extra Trees,0.7302500809994198,0.05733706763082255
GGB1110 SGB1424,0.0001704084045464866,1505,Extra Trees,0.7302500809994198,0.05733706763082255
GGB9331 SGB14294,0.0001689934078429707,1506,Extra Trees,0.7302500809994198,0.05733706763082255
Candidatus Gastranaerophilales unclassified SGB8630,0.00016841597000843175,1507,Extra Trees,0.7302500809994198,0.05733706763082255
GGB9582 SGB15002,0.00016763030060547564,1508,Extra Trees,0.7302500809994198,0.05733706763082255
GGB9689 SGB15194,0.0001672964685068135,1509,Extra Trees,0.7302500809994198,0.05733706763082255
GGB9272 SGB14224,0.00016569572073830602,1510,Extra Trees,0.7302500809994198,0.05733706763082255
Haemophilus influenzae,0.00016484719192865873,1511,Extra Trees,0.7302500809994198,0.05733706763082255
Bacteroides acidifaciens,0.00016474436928659198,1512,Extra Trees,0.7302500809994198,0.05733706763082255
Corynebacterium casei,0.0001647177370936301,1513,Extra Trees,0.7302500809994198,0.05733706763082255
Pygmaiobacter massiliensis,0.0001621675550351499,1514,Extra Trees,0.7302500809994198,0.05733706763082255
Enterococcus hirae,0.00016201581860580575,1515,Extra Trees,0.7302500809994198,0.05733706763082255
Fusobacteriaceae unclassified SGB59307,0.00015854702113012894,1516,Extra Trees,0.7302500809994198,0.05733706763082255
GGB3528 SGB4713,0.00015792842595191084,1517,Extra Trees,0.7302500809994198,0.05733706763082255
Butyricimonas SGB1783,0.0001563304846443698,1518,Extra Trees,0.7302500809994198,0.05733706763082255
Eubacterium maltosivorans,0.0001542518008182013,1519,Extra Trees,0.7302500809994198,0.05733706763082255
Lactobacillus timonensis,0.0001525225700135687,1520,Extra Trees,0.7302500809994198,0.05733706763082255
GGB26772 SGB38957,0.00015193008422536048,1521,Extra Trees,0.7302500809994198,0.05733706763082255
Clostridia unclassified SGB6302,0.00015024198875912437,1522,Extra Trees,0.7302500809994198,0.05733706763082255
Collinsella massiliensis,0.00014990954516069614,1523,Extra Trees,0.7302500809994198,0.05733706763082255
GGB9702 SGB15220,0.00014888624145372286,1524,Extra Trees,0.7302500809994198,0.05733706763082255
GGB4979 SGB6973,0.00014850996167942393,1525,Extra Trees,0.7302500809994198,0.05733706763082255
GGB4263 SGB5801,0.00014358584500872825,1526,Extra Trees,0.7302500809994198,0.05733706763082255
GGB6529 SGB9222,0.0001431270407405299,1527,Extra Trees,0.7302500809994198,0.05733706763082255
Candidatus Saccharibacteria bacterium oral taxon 955,0.0001428401533192978,1528,Extra Trees,0.7302500809994198,0.05733706763082255
Alistipes megaguti,0.00014117037715257128,1529,Extra Trees,0.7302500809994198,0.05733706763082255
GGB1387 SGB1895,0.00014084056020128078,1530,Extra Trees,0.7302500809994198,0.05733706763082255
Cardiobacterium valvarum,0.00013894958243700772,1531,Extra Trees,0.7302500809994198,0.05733706763082255
GGB9284 SGB14237,0.0001357356369588043,1532,Extra Trees,0.7302500809994198,0.05733706763082255
Cetobacterium somerae,0.00012895831838351859,1533,Extra Trees,0.7302500809994198,0.05733706763082255
GGB4641 SGB6420,0.00012773993825989716,1534,Extra Trees,0.7302500809994198,0.05733706763082255
GGB42711 SGB59916,0.0001244669378849505,1535,Extra Trees,0.7302500809994198,0.05733706763082255
Mediterranea massiliensis,0.00012284498766964766,1536,Extra Trees,0.7302500809994198,0.05733706763082255
Pseudomonas sp PH1b,0.00012269952303686904,1537,Extra Trees,0.7302500809994198,0.05733706763082255
Paraburkholderia bryophila,0.00011147379042168756,1538,Extra Trees,0.7302500809994198,0.05733706763082255
Bifidobacterium pullorum,0.00010908297090739755,1539,Extra Trees,0.7302500809994198,0.05733706763082255
Clostridia unclassified SGB20792,0.0001058944213597319,1540,Extra Trees,0.7302500809994198,0.05733706763082255
GGB4686 SGB6483,0.00010048498597272485,1541,Extra Trees,0.7302500809994198,0.05733706763082255
Campylobacteraceae bacterium,9.7179123910894e-05,1542,Extra Trees,0.7302500809994198,0.05733706763082255
GGB5989 SGB21098,8.684847776054312e-05,1543,Extra Trees,0.7302500809994198,0.05733706763082255
Clostridia unclassified SGB14308,7.239475515616149e-05,1544,Extra Trees,0.7302500809994198,0.05733706763082255
GGB1511 SGB2091,7.026431040467503e-05,1545,Extra Trees,0.7302500809994198,0.05733706763082255
Gordonibacter massiliensis,6.115909366318395e-05,1546,Extra Trees,0.7302500809994198,0.05733706763082255
