species,mean_early_raw_abundance,mean_advanced_raw_abundance,direction,mannwhitney_u,p_value,fdr,minus_log10_fdr,rank
Dialister pneumosintes,0.008727665369649805,0.04642764563106797,advanced_high,38339.5,1.010799769265467e-12,1.5626964432844119e-09,8.806125376305893,1
Fusobacterium nucleatum,0.01877684824902724,0.07117135922330098,advanced_high,39022.0,1.8455496220061143e-09,1.4266098578107263e-06,5.845694779349395,2
Peptostreptococcus stomatis,0.013645369649805448,0.07272191747572816,advanced_high,41259.0,6.983407461856384e-08,3.598782645343323e-05,4.443844382515901,3
Intestinimonas massiliensis,0.005674785992217898,0.025879830097087376,advanced_high,42027.0,2.848520963407814e-07,0.000110095335235712,3.9582310817939845,4
Parvimonas micra,0.022817821011673158,0.1654419660194175,advanced_high,41496.0,5.2192453181693e-07,0.00016137906523779475,3.7921528044429236,5
Porphyromonas asaccharolytica,0.0018618677042801558,0.028853567961165054,advanced_high,46624.0,1.0029536692680518e-06,0.0002584277287814013,3.587660889242497,6
Ruminococcaceae bacterium,0.3517349027237354,0.6672137135922331,advanced_high,41265.0,1.4070856025878209e-06,0.00031076490594296734,3.5075680311061976,7
Bacteroides fragilis,1.366761673151751,1.4943298058252426,advanced_high,41479.5,1.973480786266639e-06,0.00038137516194602797,3.418647594931965,8
Bacteroides salyersiae,0.09585976653696497,0.1729026213592233,advanced_high,44031.0,6.6676339384369805e-06,0.0011453513409803969,2.941061271364644,9
Prevotella intermedia,0.04827599221789883,0.21166660194174755,advanced_high,45689.0,8.211758823650416e-06,0.0012695379141363543,2.8963543246017367,10
Gemella morbillorum,0.008467976653696498,0.03671070388349514,advanced_high,43305.0,1.5582259530181597e-05,0.0021900157485146136,2.6595527621149486,11
Christensenella minuta,0.0024177431906614788,0.004845922330097088,advanced_high,44739.0,2.1561619251166095e-05,0.0027778552801918984,2.556290383742841,12
Alistipes indistinctus,0.025766342412451362,0.0547033495145631,advanced_high,43619.5,4.3210597620862744e-05,0.005138737224757986,2.289143589895176,13
Ruminococcaceae unclassified SGB15260,0.060945486381322966,0.16792259708737864,advanced_high,44406.5,5.4140735580826176e-05,0.005978684086282662,2.2233943940976535,14
Lentisphaeria bacterium,0.01638715953307393,0.035574417475728155,advanced_high,45340.0,6.634913950921189e-05,0.006813992960370661,2.1665983194434797,15
Victivallis vadensis,0.0008132684824902724,0.005289878640776699,advanced_high,47024.0,7.051997889128757e-05,0.006813992960370661,2.1665983194434797,16
Gemella haemolysans,0.002581245136186771,0.0013014320388349517,early_high,59374.5,9.009642919910732e-05,0.008193475267165877,2.0865318529129575,17
Clostridiales bacterium KLE1615,0.056727392996108954,0.09798516990291262,advanced_high,43843.5,0.0001579728778590687,0.013568114953895568,1.8674804855744611,18
Faecalicatena contorta,0.0037261867704280155,0.0063891019417475735,advanced_high,43965.0,0.00016777497412854807,0.013651584736986069,1.8648169308518232,19
Firmicutes bacterium,0.006849455252918288,0.011152281553398058,advanced_high,45564.0,0.00021133103048094683,0.01600335669219039,1.795788914844103,20
Porphyromonas SGB1980,0.1444152140077821,0.09683485436893205,early_high,47460.0,0.0002173806536455357,0.01600335669219039,1.795788914844103,21
Peptostreptococcus anaerobius,0.005531050583657587,0.020262864077669904,advanced_high,47983.0,0.00023308955621759202,0.016379838814199875,1.7856903762293233,22
GGB9694 SGB15201,0.023879455252918288,0.12410140776699029,advanced_high,46185.5,0.0002478848457898955,0.016662172677877323,1.7782683690462289,23
Streptococcus sp 263 SSPC,0.013331089494163425,0.00816133495145631,early_high,61465.5,0.00026135821509021414,0.016835825022061292,1.7737655966058954,24
Veillonella dispar,0.17393801556420235,0.051967742718446605,early_high,61059.0,0.00033539915306660936,0.02074108362563912,1.683168557477275,25
GGB9342 SGB14306,0.17323517509727626,0.570369781553398,advanced_high,45429.5,0.00038666054721065346,0.022296568710330793,1.651761966764768,26
Lachnospiraceae unclassified SGB4894,0.030921439688715954,0.047848009708737864,advanced_high,45924.0,0.00038939673685571243,0.022296568710330793,1.651761966764768,27
GGB9712 SGB15244,0.03612050583657587,0.10377856796116505,advanced_high,46223.5,0.00046764652450395085,0.0251674744318688,1.5991603639246383,28
Agathobaculum butyriciproducens,0.18918155642023346,0.13340631067961164,early_high,61403.5,0.000491226090461923,0.0251674744318688,1.5991603639246383,29
Hungatella hathewayi,0.054543968871595336,0.14051080097087376,advanced_high,44527.5,0.0004948380225987753,0.0251674744318688,1.5991603639246383,30
Butyricimonas faecalis,0.01340264591439689,0.02374449029126214,advanced_high,48286.0,0.0005104059415575867,0.0251674744318688,1.5991603639246383,31
Megasphaera micronuciformis,0.041650194552529184,0.04158233009708738,early_high,59554.5,0.0005209309067398458,0.0251674744318688,1.5991603639246383,32
Streptococcus parasanguinis,0.23936949416342415,0.13458417475728154,early_high,61268.0,0.0005918153339498456,0.027725651705650344,1.5571182367444891,33
Eubacterium siraeum,0.33859626459143966,0.37893240291262137,advanced_high,45148.5,0.0006338509603107135,0.028821576018834203,1.5402822748208136,34
Clostridium symbiosum,0.051853190661478595,0.08367373786407767,advanced_high,44908.5,0.0007557562415935226,0.0333828328429596,1.4764768121785425,35
Streptococcus sp A12,0.03526404669260701,0.017835873786407767,early_high,60839.5,0.0007862217907973446,0.033763858015908185,1.4715479346977365,36
Ruminococcaceae unclassified SGB15257,0.001839377431906615,0.008557014563106796,advanced_high,47466.0,0.0008575979763591395,0.03529223539355433,1.452320832761049,37
GGB9537 SGB14940,0.0016487159533073931,0.0021247815533980583,advanced_high,47525.5,0.0008674676228687353,0.03529223539355433,1.452320832761049,38
Blautia faecis,0.17984875486381321,0.22503808252427182,advanced_high,44927.5,0.0009676809066743781,0.037879272842546455,1.4215983666144003,39
Intestinimonas gabonensis,0.001281089494163424,0.001735242718446602,advanced_high,46171.5,0.0009800588057579938,0.037879272842546455,1.4215983666144003,40
Lachnospiraceae unclassified SGB4882,0.018670661478599217,0.07040864077669903,advanced_high,47830.0,0.0010312394130076803,0.03888527152463107,1.4102148641452135,41
GGB33516 SGB54347,0.0006201945525291829,0.0014488349514563106,advanced_high,47976.5,0.0012579669655545752,0.046305164970175554,1.334370564210106,42
Prevotella stercorea,0.7217945525291828,0.8717857281553397,advanced_high,47504.5,0.0015166214924365816,0.05452783319318501,1.2633817598033685,43
Streptococcus mitis,0.04537902723735408,0.022060145631067958,early_high,60452.0,0.0015750913440421412,0.05534298222475341,1.2569374420715065,44
Alistipes communis,0.0626182879377432,0.11129223300970872,advanced_high,45705.5,0.0017893367025891929,0.0614736564933976,1.2113109539902982,45
Clostridia unclassified SGB4367,0.292166653696498,0.4348604126213592,advanced_high,46381.5,0.0019634441984337243,0.06538076220557963,1.1845500207432946,46
Clostridia bacterium,1.6007958365758754,2.220583883495146,advanced_high,45435.0,0.0020153527609476584,0.06538076220557963,1.1845500207432946,47
Neisseria subflava,0.003634785992217899,0.0015025970873786408,early_high,56877.0,0.0020299331085820325,0.06538076220557963,1.1845500207432946,48
GGB3293 SGB4348,0.7824423735408561,1.3437353398058254,advanced_high,45824.5,0.002116852511710122,0.06678885679803773,1.175295990141389,49
Coprococcus eutactus,0.3379106614785992,0.33891953883495146,advanced_high,46340.5,0.0022465863123405003,0.06894067743818316,1.161524453358891,50
Ruminococcus bicirculans,0.4873389494163424,0.5801328155339807,advanced_high,45907.5,0.0022742396826308806,0.06894067743818316,1.161524453358891,51
Ruminococcus bromii,0.9870724902723735,1.1949125485436891,advanced_high,45702.0,0.002522788516246104,0.07381421125065406,1.1318600165837964,52
GGB9237 SGB14179,0.004989416342412452,0.010270412621359224,advanced_high,47048.0,0.002530500126962914,0.07381421125065406,1.1318600165837964,53
Ruminococcaceae unclassified SGB15234,0.12139354085603114,0.21765910194174753,advanced_high,46810.0,0.0029086397395917574,0.08190532335974697,1.0866878707593424,54
GGB1266 SGB1699,0.08674482490272376,0.2378327427184466,advanced_high,48117.0,0.002913837506329938,0.08190532335974697,1.0866878707593424,55
Mogibacterium diversum,0.02278089494163424,0.011424393203883495,early_high,59865.5,0.0035624369624590252,0.09834870614217238,1.0072313492068825,56
Methanobrevibacter smithii,0.17687350194552529,0.2041191262135922,advanced_high,47024.0,0.003668429652182566,0.09949810951358329,1.0021851708685328,57
Bacilli bacterium,0.10515821011673153,0.15529174757281552,advanced_high,47531.5,0.0037704645371730836,0.10050238231844116,0.997823643561994,58
Lawsonibacter sp NSJ 51,0.006008560311284047,0.01685004854368932,advanced_high,47518.0,0.004049306539669975,0.10514283610033404,0.9782203125932907,59
Eisenbergiella massiliensis,0.018829999999999996,0.027000606796116506,advanced_high,47027.0,0.004080575786558889,0.10514283610033404,0.9782203125932907,60
GGB9710 SGB15239,0.005629610894941634,0.07712344660194174,advanced_high,50188.5,0.004258469193421158,0.10710421687682713,0.9701934299124544,61
Roseburia faecis,0.6118096887159533,0.643266067961165,advanced_high,46115.0,0.004316717118072169,0.10710421687682713,0.9701934299124544,62
Clostridia unclassified SGB4121,0.07600400778210117,0.06516303398058253,early_high,59810.0,0.004364531476869411,0.10710421687682713,0.9701934299124544,63
Catabacter hongkongensis,0.0028261867704280153,0.003116480582524272,advanced_high,47207.5,0.004631478418030658,0.11050590782211808,0.9566145032823945,64
Lachnospira sp NSJ 43,0.09275575875486379,0.1278132281553398,advanced_high,47184.5,0.004646108672986853,0.11050590782211808,0.9566145032823945,65
Alistipes senegalensis,0.013101750972762645,0.02352368932038835,advanced_high,47152.5,0.004881892930924802,0.11435464350317794,0.9417461956670957,66
Clostridium sp AF36 4,0.07624015564202336,0.1111548300970874,advanced_high,46820.0,0.004971915895097335,0.11472510408687284,0.940341539609908,67
Acidaminococcaceae unclassified SGB5785,0.04499229571984435,0.06789417475728156,advanced_high,49392.0,0.00507245971667653,0.11532386355855757,0.9380808163874109,68
Bacilli unclassified SGB6428,9.17898832684825e-05,0.0152975,advanced_high,50714.0,0.005302376951197421,0.11760847012009175,0.9295613993997558,69
Haemophilus parainfluenzae,0.27552828793774314,0.11810648058252426,early_high,59635.0,0.005325092437520325,0.11760847012009175,0.9295613993997558,70
Dialister hominis,0.12123700389105059,0.1710462621359223,advanced_high,48912.5,0.005643314135239897,0.12151796231910672,0.9153595215760427,71
Abiotrophia sp HMSC24B09,0.0008928793774319065,0.000229247572815534,early_high,56251.5,0.005659310017448696,0.12151796231910672,0.9153595215760427,72
GGB9633 SGB15090,0.08356607003891052,0.19275759708737866,advanced_high,48236.5,0.005773979273731123,0.12228180763271666,0.9126381499335865,73
Christensenellaceae bacterium,0.01849249027237354,0.020923932038834952,advanced_high,46502.5,0.00587744354449514,0.12279091513229037,0.9108337639266804,74
Oribacterium parvum,0.0010857198443579767,0.00042936893203883496,early_high,56577.0,0.006046680824138699,0.12464224738824571,0.904334728962954,75
Alistipes timonensis,0.0014954863813229572,0.005193470873786408,advanced_high,49855.0,0.00671831192692577,0.13666460840825315,0.8643439387097018,76
Campylobacter ureolyticus,0.0001356031128404669,0.0013878155339805823,advanced_high,50115.0,0.007421022619501207,0.14370237514051812,0.8425360537036574,77
GGB9705 SGB15224,0.00737704280155642,0.026955752427184464,advanced_high,48652.5,0.00749668788422971,0.14370237514051812,0.8425360537036574,78
Bacteroidaceae bacterium,0.5274998443579766,0.4961078883495146,early_high,47386.5,0.007525661295368783,0.14370237514051812,0.8425360537036574,79
Ruminococcaceae bacterium D5,0.010905836575875487,0.016583665048543687,advanced_high,47953.5,0.007567169435577765,0.14370237514051812,0.8425360537036574,80
Veillonella rogosae,0.05159727626459144,0.037873033980582525,early_high,58716.0,0.0075892112232546485,0.14370237514051812,0.8425360537036574,81
Eubacterium sp AF15 50,0.007670350194552529,0.017385315533980584,advanced_high,48099.5,0.007621988849626446,0.14370237514051812,0.8425360537036574,82
Streptococcus anginosus,0.019902801556420234,0.023269466019417474,advanced_high,46994.5,0.007766252114620561,0.14465814179763117,0.8396571179214564,83
Peptostreptococcus SGB749,0.010121984435797666,0.030307233009708737,advanced_high,57392.0,0.008058425066859349,0.14688360480711204,0.8330266775873716,84
GGB9646 SGB15123,0.004607120622568093,0.005205679611650485,advanced_high,47675.5,0.008075748000391025,0.14688360480711204,0.8330266775873716,85
GGB9627 SGB15081,0.026423891050583653,0.03991944174757282,advanced_high,47821.0,0.008817646797448416,0.15451326992063694,0.8110342165250408,86
Lancefieldella parvula,0.019461478599221788,0.005872475728155339,early_high,58860.5,0.008925644684704803,0.15451326992063694,0.8110342165250408,87
GGB9632 SGB15089,0.14962042801556422,0.23593757281553396,advanced_high,46706.5,0.008988038414914247,0.15451326992063694,0.8110342165250408,88
GGB9635 SGB15106,0.13786019455252918,0.21691757281553395,advanced_high,47756.5,0.008992195969143985,0.15451326992063694,0.8110342165250408,89
GGB9631 SGB15085,0.012547120622568094,0.02836519417475728,advanced_high,49018.5,0.008994951030308748,0.15451326992063694,0.8110342165250408,90
Ruminococcaceae unclassified SGB4191,0.04085941634241245,0.023701699029126215,early_high,49063.0,0.009186950867837045,0.15607720924918758,0.8066605089807464,91
Clostridiaceae bacterium NSJ 31,0.0002441634241245136,0.0006803155339805826,advanced_high,49182.5,0.00981342137195761,0.1639885155026478,0.7851865655405454,92
Oribacterium sp oral taxon 102,0.0006803891050583659,0.0037574271844660195,advanced_high,50803.5,0.00991083085477606,0.1639885155026478,0.7851865655405454,93
Candidatus Parachristensenella avicola,0.0015012451361867706,0.0012101456310679613,early_high,48486.5,0.009970841175452065,0.1639885155026478,0.7851865655405454,94
GGB6649 SGB9391,0.002810350194552529,0.00417007281553398,advanced_high,49044.5,0.011030173393286073,0.17950155858968703,0.7459317761443698,95
Actinomyces sp S6 Spd3,0.0027496108949416342,0.0015101699029126214,early_high,58370.0,0.011389264190634947,0.1834146087366836,0.7365660762938211,96
GGB9758 SGB15368,0.15688108949416343,0.23814283980582526,advanced_high,47831.5,0.011865886957850527,0.18912021893646302,0.7232620380342303,97
Clostridium sp AF20 17LB,0.030121284046692606,0.06413325242718446,advanced_high,47421.5,0.012227990583917662,0.1929027902320072,0.7146614904815689,98
Flavonifractor plautii,0.3448003501945525,0.2695930582524272,early_high,58983.5,0.012965220171932707,0.20246697359401983,0.6936458087734642,99
Lactococcus petauri,0.0028701556420233465,0.053838422330097085,advanced_high,55035.0,0.013122109400332949,0.20286781132914739,0.6927868562249713,100
Bacilli unclassified SGB6473,0.057621828793774324,0.10182677184466017,advanced_high,48918.0,0.013358572862691622,0.20447874896753712,0.6893518205940596,101
Butyrivibrio crossotus,0.1460743968871595,0.13330774271844661,early_high,48973.0,0.01368316454461183,0.20718461141659308,0.6836425048391955,102
Ruminococcaceae unclassified SGB15236,0.06063785992217899,0.09287218446601941,advanced_high,48000.0,0.013803373205633305,0.20718461141659308,0.6836425048391955,103
GGB4596 SGB6358,0.0021083268482490272,0.019023252427184466,advanced_high,51114.0,0.014980302809780818,0.22177609429043924,0.6540852691755117,104
Veillonella atypica,0.142407859922179,0.07435609223300971,early_high,58566.0,0.015062412613516249,0.22177609429043924,0.6540852691755117,105
Sutterella wadsworthensis,0.5550547470817121,0.3334940533980582,early_high,58454.5,0.015404566389812285,0.22453934481568621,0.6487075489180988,106
Bacteroides caccae,0.5440284046692607,0.7510239563106796,advanced_high,47094.5,0.015611177269094532,0.22453934481568621,0.6487075489180988,107
GGB9615 SGB15053,0.12778556420233464,0.18559667475728153,advanced_high,47274.5,0.015685801578327368,0.22453934481568621,0.6487075489180988,108
Clostridium sp AM49 4BH,0.032301089494163424,0.057281286407766994,advanced_high,48333.0,0.01599095338469076,0.22680746727276987,0.644342651093183,109
Bacteroides cellulosilyticus,0.5345163813229571,0.5834809466019418,advanced_high,47275.0,0.016185079794633142,0.2274739396591167,0.6430683507014955,110
Rothia mucilaginosa,0.015192645914396887,0.009961771844660195,early_high,58433.0,0.01633534704573162,0.2275175363306404,0.6429851236744887,111
Ruminococcus sp NSJ 71,0.3521079377431907,0.4103122330097088,advanced_high,48217.0,0.01711591191010605,0.22952931818083294,0.639161833390624,112
Roseburia hominis,0.13609175097276266,0.18162012135922334,advanced_high,47211.0,0.01713161142766802,0.22952931818083294,0.639161833390624,113
Ruthenibacterium lactatiformans,0.20885073929961087,0.2206746844660194,advanced_high,47148.0,0.01716563408007725,0.22952931818083294,0.639161833390624,114
GGB39918 SGB47522,3.389105058365758e-05,0.0006913106796116504,advanced_high,50799.0,0.017176942233984114,0.22952931818083294,0.639161833390624,115
Streptococcus infantis,0.01115669260700389,0.007271650485436893,early_high,58304.0,0.01728786611290393,0.22952931818083294,0.639161833390624,116
Intestinimonas butyriciproducens,0.022167665369649807,0.0295701213592233,advanced_high,47378.5,0.01737058876271504,0.22952931818083294,0.639161833390624,117
Bacilli unclassified SGB6478,0.1217109727626459,0.3048507281553398,advanced_high,48688.0,0.017958069255255327,0.2336566826348113,0.6314217935400724,118
GGB9705 SGB15225,0.020411867704280155,0.02649633495145631,advanced_high,48230.5,0.017985216839290132,0.2336566826348113,0.6314217935400724,119
Alistipes sp AF17 16,0.015056108949416341,0.02965791262135922,advanced_high,48281.0,0.018292028429370114,0.235662299598385,0.6277098887780515,120
Bacteroidales bacterium,0.06659470817120623,0.0644542718446602,early_high,49690.0,0.018894487609552448,0.24141221358981887,0.6172407617428859,121
GGB49418 SGB69331,0.0003484046692607004,0.000663252427184466,advanced_high,50307.0,0.01960059558297204,0.24667479297710856,0.6078752276090226,122
GGB9709 SGB15238,0.019390544747081715,0.030533834951456312,advanced_high,49295.5,0.019700495944495293,0.24667479297710856,0.6078752276090226,123
Anaerotignum faecicola,0.21041945525291827,0.2762241747572816,advanced_high,47394.5,0.01991678798836033,0.24667479297710856,0.6078752276090226,124
Parvimonas sp KA00067,0.00016945525291828793,0.0029116990291262134,advanced_high,50758.0,0.019944598397243576,0.24667479297710856,0.6078752276090226,125
GGB9695 SGB15211,0.0016315953307392997,0.0063315048543689315,advanced_high,50428.0,0.02085792839404138,0.25592347061260295,0.5918898833581393,126
Pseudoruminococcus massiliensis,0.04451124513618677,0.14232148058252425,advanced_high,49619.0,0.02121762184728162,0.2582869557157274,0.5878975264775889,127
Bacteroides bouchesdurhonensis,0.005435758754863813,0.006617281553398059,advanced_high,50097.0,0.021876539485021752,0.2642275784675283,0.5780218553392329,128
Streptococcus dysgalactiae,0.0005255252918287938,0.0015269660194174757,advanced_high,51017.0,0.022531191919668705,0.27002498223106836,0.5685960538292045,129
Opitutales bacterium,0.004596147859922179,0.018450825242718447,advanced_high,50168.0,0.02335656968752892,0.27776351336092087,0.5563248031870307,130
GGB9059 SGB13976,0.022432996108949416,0.11921747572815536,advanced_high,49752.5,0.024828661450216494,0.2906693978392957,0.536600689072774,131
Clostridium SGB6179,0.004431673151750973,0.008039611650485437,advanced_high,49165.0,0.024959248522269595,0.2906693978392957,0.536600689072774,132
GGB9774 SGB15394,0.005283501945525291,0.010940631067961167,advanced_high,50527.0,0.025005840823173562,0.2906693978392957,0.536600689072774,133
GGB9522 SGB14921,0.0064722568093385216,0.010800218446601943,advanced_high,48430.5,0.02546610934933571,0.29381048547815675,0.5319327092127293,134
Bacteroides timonensis,0.025592412451361866,0.07840427184466019,advanced_high,49784.0,0.026290579658329587,0.2995773781199841,0.5234909844591901,135
Alistipes shahii,0.30933891050583656,0.3374041747572815,advanced_high,47596.0,0.026378231627648192,0.2995773781199841,0.5234909844591901,136
Dorea longicatena,0.49833070038910504,0.5110890048543689,advanced_high,47577.0,0.026547283830813596,0.2995773781199841,0.5234909844591901,137
Clostridium hylemonae,0.0016116731517509728,0.0029467475728155337,advanced_high,50350.5,0.027748954341622594,0.3086638185604889,0.5105142753460548,138
Butyricicoccus sp AM29 23AC,0.03454591439688716,0.03898436893203883,advanced_high,48764.0,0.02775179222503749,0.3086638185604889,0.5105142753460548,139
Butyricimonas virosa,0.05532291828793774,0.09526682038834954,advanced_high,47983.0,0.028132915909240087,0.31066777139775126,0.5077037980166651,140
Intestinibacter SGB6139,0.030662256809338515,0.011965194174757282,early_high,48777.0,0.02855049651481456,0.3130430327085341,0.5043959577147054,141
Desulfovibrio fairfieldensis,0.004324007782101167,0.01319747572815534,advanced_high,50836.5,0.02884818678549777,0.31315393440407574,0.5042421275384492,142
GGB3746 SGB5089,0.22210311284046694,0.19157507281553401,early_high,47881.5,0.028965726144749567,0.31315393440407574,0.5042421275384492,143
Abiotrophia defectiva,0.0016736575875486383,0.0004741019417475728,early_high,55798.0,0.03001596886332803,0.3222547768243412,0.49180063632342924,144
Prevotella copri clade A,4.81269280155642,3.796803567961165,early_high,47873.0,0.030965724054596817,0.33015868543728744,0.4812772733179095,145
Actinomyces SGB17168,0.011960856031128406,0.005069320388349515,early_high,57178.0,0.031425706576591016,0.3315221071077358,0.47948750594765865,146
Streptococcus salivarius,0.4819820622568094,0.30839332524271845,early_high,58164.5,0.03152247719588432,0.3315221071077358,0.47948750594765865,147
Akkermansia muciniphila,0.6140385214007783,1.3403265776699027,advanced_high,47946.0,0.03252020690477862,0.337465243349683,0.4717709499403272,148
Ruminococcaceae bacterium AM07 15,0.015476420233463037,0.015987135922330097,advanced_high,48643.0,0.03272722456346789,0.337465243349683,0.4717709499403272,149
GGB4964 SGB6927,0.003046926070038911,0.0014075485436893206,early_high,55535.0,0.03274242335216847,0.337465243349683,0.4717709499403272,150
Candidatus Saccharibacteria unclassified SGB19850,0.026866848249027235,0.017771601941747574,early_high,58064.5,0.033174415007930516,0.339653282134176,0.46896418438291276,151
GGB9699 SGB15216,0.14324486381322957,0.19935912621359225,advanced_high,47867.5,0.033544946062152595,0.341187411921631,0.467007000464137,152
Eubacterium sulci,0.010273229571984436,0.0037154126213592227,early_high,57654.0,0.03508268552842815,0.3544956328558818,0.45038911065940473,153
Eubacteriaceae bacterium,0.0644014785992218,0.0701068932038835,advanced_high,48011.0,0.03569026502492563,0.35829318005542227,0.4457614583493392,154
Parabacteroides massiliensis,0.00791101167315175,0.006157742718446602,early_high,50059.5,0.03643816375304005,0.3634412978206446,0.4395657253587999,155
Slackia exigua,0.00038595330739299617,0.0026153640776699033,advanced_high,49974.0,0.03678054159372961,0.36450459810196134,0.4382969888337605,156
Roseburia sp AF02 12,0.2012350972762646,0.294970072815534,advanced_high,48305.0,0.03704645666563417,0.3648014140450346,0.4379434869259529,157
GGB3614 SGB4886,0.025947782101167317,0.043816820388349505,advanced_high,49863.5,0.038700516814713766,0.378677208832579,0.42173083265605593,158
GGB2977 SGB3959,0.0023894552529182874,0.00227126213592233,early_high,49798.0,0.03953286258126192,0.38438871415491155,0.415229371919721,159
Anaerococcus obesiensis,0.0010225291828793773,0.005059150485436893,advanced_high,50207.0,0.04240500690949786,0.4097383792630231,0.38749335476420255,160
GGB9697 SGB15213,0.002300739299610895,0.040059223300970885,advanced_high,50122.5,0.04399970109036358,0.42250644649504404,0.3741666603098705,161
GGB9608 SGB15041,0.010185291828793772,0.010612912621359223,advanced_high,50073.0,0.046673698097282175,0.4453773789656001,0.3512718448679874,162
Coprococcus comes,0.20406544747081712,0.24639296116504855,advanced_high,48196.5,0.04695764086118552,0.4453773789656001,0.3512718448679874,163
Alistipes onderdonkii,0.6883396108949417,1.0472665533980583,advanced_high,48171.0,0.048203251222582906,0.4544038194519096,0.34255802685707953,164
Bacteroides nordii,0.08933603112840466,0.12395655339805826,advanced_high,48474.0,0.04957306317139038,0.4623912824683956,0.3349903623287907,165
Desulfovibrionaceae bacterium,0.028419066147859922,0.04198269417475728,advanced_high,49379.5,0.04964874054964662,0.4623912824683956,0.3349903623287907,166
Ligilactobacillus ruminis,4.054474708171206e-05,0.006346043689320388,advanced_high,51610.0,0.050733550062502894,0.46966508021933817,0.32821172857939945,167
Clostridium sp SN20,0.009880038910505836,0.004861407766990291,early_high,57004.5,0.053564363117900964,0.4929196748825886,0.307223846640554,168
Prevotella sp 885,0.20363241245136185,0.3976426213592233,advanced_high,50257.0,0.05511133698040434,0.5028578319417116,0.29855478140602776,169
Desulfovibrio piger,0.04661354085603113,0.05061298543689321,advanced_high,49530.5,0.0552948456856992,0.5028578319417116,0.29855478140602776,170
Eikenella corrodens,0.0008154474708171205,0.004096504854368932,advanced_high,50684.0,0.05907174379350661,0.5310078681495972,0.27489904376102337,171
Holdemania massiliensis,0.007113735408560311,0.009650582524271846,advanced_high,49365.5,0.059077201372400204,0.5310078681495972,0.27489904376102337,172
GGB9568 SGB14980,0.011599416342412452,0.00291,early_high,55143.0,0.059525870717766605,0.5319479545067466,0.2741308567580116,173
GGB9631 SGB15086,9.042801556420233e-05,0.004600776699029126,advanced_high,51567.5,0.06137769057709546,0.5453443082309746,0.26332921524464403,174
GGB4277 SGB5832,0.00012712062256809337,0.005803907766990291,advanced_high,51148.5,0.06265735578216855,0.5520618123834252,0.25801229315101487,175
GGB3571 SGB4778,0.010093385214007782,0.009742694174757281,early_high,48829.0,0.06284791654559045,0.5520618123834252,0.25801229315101487,176
GGB9593 SGB15015,0.005514863813229571,0.006670631067961166,advanced_high,50675.0,0.06387670060315616,0.554481628389141,0.25611283873285007,177
Gemmiger SGB15299,0.027546303501945528,0.04437769417475728,advanced_high,49639.5,0.06421562556963104,0.554481628389141,0.25611283873285007,178
Clostridium perfringens,0.010622334630350195,0.01769485436893204,advanced_high,50128.0,0.06430705123519953,0.554481628389141,0.25611283873285007,179
Streptococcus gallolyticus,0.023809260700389107,0.16823131067961167,advanced_high,50328.0,0.06455801624194396,0.554481628389141,0.25611283873285007,180
Bacteroides uniformis,2.791018287937743,3.5756383252427186,advanced_high,48461.5,0.0653931429326255,0.5585513755460719,0.2529368743120278,181
Odoribacter splanchnicus,0.32159175097276266,0.37387832524271847,advanced_high,48525.5,0.06800692283807078,0.5757260603389114,0.23978411168568692,182
GGB58485 SGB80143,0.004564902723735408,0.00698614077669903,advanced_high,50005.5,0.06814868631437308,0.5757260603389114,0.23978411168568692,183
Fusobacterium naviforme,0.00032898832684824904,0.0030315776699029124,advanced_high,51519.0,0.06939758573766441,0.5830905845132021,0.2342639713160076,184
Granulicatella adiacens,0.004862256809338521,0.01013,advanced_high,49106.0,0.07156608885235859,0.598060396571602,0.22325495552114885,185
GGB3256 SGB4303,0.14872451361867706,0.19736089805825244,advanced_high,49114.5,0.07251226044097783,0.6027094335578049,0.21989201093786784,186
Eisenbergiella tayi,0.07260996108949416,0.04242995145631067,early_high,48874.0,0.07324840107805008,0.6042692914728562,0.2187694757213548,187
Erysipelotrichaceae bacterium,0.05269992217898833,0.043349417475728146,early_high,49481.0,0.07362643850508613,0.6042692914728562,0.2187694757213548,188
Ruminococcaceae unclassified SGB15309,0.0015270038910505837,0.0042109708737864075,advanced_high,51036.0,0.074005658439593,0.6042692914728562,0.2187694757213548,189
Megasphaera hexanoica,0.006721439688715953,0.004355072815533981,early_high,54253.5,0.07426336699860459,0.6042692914728562,0.2187694757213548,190
Ruminococcus lactaris,0.21498949416342414,0.17269927184466022,early_high,49198.5,0.07493289376876779,0.6065248888299215,0.21715137309960633,191
GGB4585 SGB6340,0.04724712062256809,0.0542364563106796,advanced_high,50415.5,0.07548378555244138,0.6078017315837208,0.21623806698035422,192
Pyramidobacter piscolens,0.003233657587548638,0.011195922330097086,advanced_high,50767.5,0.07762934560508837,0.6218392140179618,0.20632189423457384,193
Dorea sp AF36 15AT,0.04387867704280156,0.04620599514563107,advanced_high,48799.0,0.07918757024933008,0.6310514618838367,0.19993522284642856,194
Streptococcus cristatus,0.0028116731517509727,0.004374805825242719,advanced_high,56146.0,0.08024845884598895,0.6328999317291688,0.19866495117273872,195
GGB38171 SGB72433,0.009642412451361868,0.012235922330097087,advanced_high,50051.0,0.08039800080095216,0.6328999317291688,0.19866495117273872,196
GGB9186 SGB14125,0.004030505836575875,0.006864320388349515,advanced_high,49872.0,0.08064766271063795,0.6328999317291688,0.19866495117273872,197
Oscillibacter sp ER4,0.42259607003891053,0.5241505582524273,advanced_high,48822.0,0.08170757385275311,0.6379793392745268,0.195193385517638,198
Enterobacter hormaechei,0.0203947859922179,0.03273997572815534,advanced_high,50327.0,0.08428894167057455,0.6516060475433972,0.18601489366595517,199
Prevotella timonensis,0.0002277431906614786,0.0011282766990291261,advanced_high,51366.5,0.08429573706900352,0.6516060475433972,0.18601489366595517,200
Lactobacillus vaginalis,0.0010369649805447472,0.0069759951456310676,advanced_high,54436.0,0.08672146512629036,0.667021816344502,0.1758599613411938,201
Actinomyces sp ICM47,0.008066964980544747,0.004359101941747573,early_high,56629.0,0.08728393846535784,0.6680245983536793,0.1752075454098163,202
Intestinibacter bartlettii,0.03374287937743191,0.024998179611650486,early_high,49091.5,0.0889175533933551,0.6768326976404655,0.1695186687902346,203
GGB9602 SGB15031,0.06214758754863813,0.12397247572815535,advanced_high,49506.0,0.0893103947727393,0.6768326976404655,0.1695186687902346,204
Rikenellaceae unclassified SGB2227,0.06546470817120623,0.14807160194174757,advanced_high,51224.0,0.09293617092156674,0.6992233182101782,0.15538409696240396,205
Allisonella histaminiformans,0.05239252918287937,0.027661067961165044,early_high,56465.5,0.09330401703557926,0.6992233182101782,0.15538409696240396,206
Alistipes finegoldii,0.15254334630350194,0.20200985436893204,advanced_high,49007.5,0.09362175088583888,0.6992233182101782,0.15538409696240396,207
Clostridia unclassified SGB4373,0.02773852140077821,0.03431189320388349,advanced_high,51291.5,0.09468587483765226,0.7037709735529346,0.15256864924528393,208
Lachnospiraceae bacterium OM04 12BH,0.015234902723735406,0.026171650485436893,advanced_high,49538.0,0.09518416926753319,0.7040895965914178,0.1523720726343361,209
Alistipes provencensis,0.002217898832684825,0.0022202912621359224,advanced_high,51077.5,0.09568290813156709,0.7044084570066795,0.1521754386086696,210
GGB9701 SGB15218,0.006312023346303502,0.00905997572815534,advanced_high,51668.0,0.0970488126016752,0.7110780297734117,0.14808273957879428,211
GGB3486 SGB4658,0.004283385214007783,0.008221092233009708,advanced_high,50961.5,0.09779855754889198,0.7128130466000334,0.14702436001698851,212
Firmicutes bacterium AF16 15,0.15377408560311287,0.28646750000000004,advanced_high,48980.0,0.09820774833493345,0.7128130466000334,0.14702436001698851,213
GGB4750 SGB6579,0.005116887159533074,0.017175849514563104,advanced_high,51167.5,0.09960853318836456,0.7196018332206149,0.14290773893879444,214
Dialister invisus,0.3079443968871595,0.34744441747572813,advanced_high,49450.0,0.10095081132288278,0.7259067642101246,0.13911915669569033,215
Alistipes putredinis,1.0872194163424125,1.3732047330097088,advanced_high,48979.0,0.10224313617355732,0.730420896043585,0.13642681090282238,216
Eggerthella lenta,0.0767266147859922,0.08463296116504855,advanced_high,49001.5,0.10270959239768726,0.730420896043585,0.13642681090282238,217
Parabacteroides johnsonii,0.05901311284046693,0.04603436893203884,early_high,55567.0,0.10299596076164393,0.730420896043585,0.13642681090282238,218
Isoptericola variabilis,0.007044163424124514,0.0037762621359223305,early_high,56609.5,0.10422002200563851,0.7338173762004184,0.1344120087171501,219
Solobacterium SGB6833,0.013811556420233463,0.030237330097087376,advanced_high,49042.5,0.10454929694229229,0.7338173762004184,0.1344120087171501,220
GGB9291 SGB14248,0.0027085603112840463,0.004980461165048544,advanced_high,51095.0,0.10489886166901194,0.7338173762004184,0.1344120087171501,221
Phascolarctobacterium succinatutens,0.3861816342412452,0.24027723300970877,early_high,56208.0,0.11185471682998334,0.7789522172033975,0.108489182175143,222
Fusobacterium mortiferum,0.6157069649805448,0.2754324029126214,early_high,55903.5,0.11286405339469163,0.7819319897515707,0.10683101901185059,223
Bifidobacterium pseudocatenulatum,0.3502987937743191,0.277101359223301,early_high,56463.5,0.11329415634175409,0.7819319897515707,0.10683101901185059,224
Escherichia marmotae,0.0006642412451361867,0.0007664077669902914,advanced_high,50651.5,0.11397981674374569,0.7831679852703592,0.10614507414746502,225
GGB9636 SGB15107,0.018634124513618677,0.04828094660194175,advanced_high,50622.5,0.11608558700127646,0.7941075995751035,0.10012064777984617,226
Mesosutterella multiformis,0.018393774319066147,0.04052541262135922,advanced_high,50633.0,0.11938679597008983,0.8096130641300053,0.09172249255739376,227
Actinobaculum sp oral taxon 183,0.0004370038910505836,0.00015970873786407767,early_high,54801.0,0.12017803314763939,0.8096130641300053,0.09172249255739376,228
Blautia producta,0.009703618677042801,0.02248211165048544,advanced_high,49919.5,0.12021956525543791,0.8096130641300053,0.09172249255739376,229
Porphyromonas gingivalis,0.0008882879377431906,0.007089466019417476,advanced_high,51775.0,0.12044696296888825,0.8096130641300053,0.09172249255739376,230
GGB9634 SGB15095,0.03214105058365759,0.03335128640776699,advanced_high,50985.0,0.12242055177425963,0.8163790525672545,0.08810814735523793,231
Clostridiales unclassified SGB15145,0.02555070038910506,0.025376577669902912,early_high,49510.5,0.12250966377464621,0.8163790525672545,0.08810814735523793,232
Bacteroides eggerthii,0.34100280155642027,0.48931065533980583,advanced_high,49567.0,0.12461236949875505,0.82213128804046,0.08505882343485519,233
Anaerobutyricum hallii,0.3332823346303502,0.2765796844660194,early_high,49225.5,0.1250404934042653,0.82213128804046,0.08505882343485519,234
GGB3189 SGB4212,0.003465992217898833,0.015145800970873785,advanced_high,51790.0,0.12529272028667165,0.82213128804046,0.08505882343485519,235
Roseburia intestinalis,0.33288377431906613,0.31408458737864076,early_high,49406.5,0.12549998963618925,0.82213128804046,0.08505882343485519,236
GGB9618 SGB15065,0.0034447081712062253,0.0018957038834951456,early_high,51034.5,0.12694970716607987,0.8275398364049633,0.08221109082785283,237
Lachnospiraceae bacterium,0.7287046303501945,0.9309144417475728,advanced_high,49235.0,0.12739617145173432,0.8275398364049633,0.08221109082785283,238
GGB4773 SGB6607,0.0002782490272373541,0.0005356553398058253,advanced_high,51804.0,0.12995126728725823,0.840605268728457,0.07540789226000766,239
GGB4603 SGB6367,0.0033011284046692607,0.013345922330097088,advanced_high,51338.0,0.1327292002697686,0.8526387207453878,0.06923494869543659,240
GGB9631 SGB15087,0.03131486381322958,0.06922910194174757,advanced_high,50418.0,0.13291457419122799,0.8526387207453878,0.06923494869543659,241
GGB9560 SGB69175,0.00042389105058365757,0.0009762621359223301,advanced_high,51684.0,0.13605772574172256,0.8691952231268723,0.060882669115595874,242
GGB9696 SGB15212,0.00042657587548638136,0.0017316990291262135,advanced_high,51688.0,0.13730769219746503,0.8732874000802823,0.05884280586131563,243
GGB9640 SGB15115,0.0058109727626459145,0.006656577669902913,advanced_high,50614.0,0.13805615300680724,0.8732874000802823,0.05884280586131563,244
Lachnospiraceae bacterium OF09 6,0.0016224902723735405,0.0017469660194174756,advanced_high,50784.5,0.1383928932856851,0.8732874000802823,0.05884280586131563,245
Blautia obeum,0.28588801556420235,0.294781213592233,advanced_high,49370.0,0.1399541160657225,0.8792253124403007,0.05589981729191068,246
GGB6648 SGB9389,0.0009071206225680934,0.000872621359223301,early_high,51698.0,0.1404713144713805,0.8792253124403007,0.05589981729191068,247
Lawsonibacter sp NSJ 52,0.0009006225680933853,0.0038594902912621356,advanced_high,51103.0,0.14391770650198504,0.8971644123067294,0.047127961844914024,248
GGB9615 SGB15052,0.007053112840466926,0.0048873543689320394,early_high,55311.0,0.14528238197599921,0.8994764290520351,0.046010212937397,249
Trueperella pyogenes,0.0064166926070038915,0.0031139320388349516,early_high,56207.0,0.14545220392173916,0.8994764290520351,0.046010212937397,250
GGB9707 SGB15229,0.017582918287937743,0.022555800970873785,advanced_high,50031.0,0.14635315359950554,0.9014421333260382,0.045062146904750446,251
Alistipes ihumii,0.04378774319066148,0.05542961165048543,advanced_high,49763.0,0.15015244176056977,0.9201067675772736,0.0361617749595662,252
Alphaproteobacteria bacterium,0.006112568093385215,0.022030364077669905,advanced_high,51472.0,0.15057374656989017,0.9201067675772736,0.0361617749595662,253
Mediterraneibacter sp gm002,0.01959035019455253,0.017757281553398056,early_high,50171.5,0.15215256661557516,0.9225625996894934,0.03500415549157959,254
Collinsella aerofaciens,0.5645153696498055,0.49259014563106795,early_high,56411.0,0.15216912219975473,0.9225625996894934,0.03500415549157959,255
GGB2983 SGB3965,0.003490894941634241,0.00444759708737864,advanced_high,50844.5,0.15346287859514912,0.9267719152660177,0.03302713546665521,256
Prevotella copri clade B,0.7213350583657588,0.17156939320388348,early_high,50716.5,0.15470034900255114,0.9306098815484205,0.03123234028419646,257
Clostridium innocuum,0.02487124513618677,0.03908706310679612,advanced_high,49632.5,0.15896970008865108,0.9525858772754053,0.021095861483704743,258
Bacilli unclassified SGB6540,0.0017267315175097276,0.0065156310679611645,advanced_high,51847.0,0.16237438964939344,0.969230912733445,0.013572742888368886,259
GGB4588 SGB6347,0.00333136186770428,0.010712087378640777,advanced_high,51616.0,0.16327333372164266,0.9706482743582789,0.012938113220543647,260
Bacilli unclassified SGB6422,0.006431050583657587,0.00945254854368932,advanced_high,51919.0,0.16386752885349987,0.9706482743582789,0.012938113220543647,261
Limosilactobacillus reuteri,0.0010537354085603113,0.006186116504854369,advanced_high,51921.0,0.16469348596258226,0.9718172873975274,0.012415379656039003,262
Enterocloster aldensis,0.04103910505836576,0.043491043689320386,advanced_high,49641.5,0.16817477313096318,0.9885863089751676,0.004985408418747001,263
Eubacterium limosum,0.00028782101167315177,0.001371334951456311,advanced_high,51744.0,0.16961003412882336,0.9932466392543974,0.002942895747293283,264
Bilophila SGB15450,0.00018140077821011673,0.0008813592233009708,advanced_high,51869.0,0.17098449456313458,0.9939620245212455,0.0026302080130741,265
Candidatus Avimicrobium caecorum,0.04404712062256809,0.034503907766990284,early_high,56148.0,0.17101804561620393,0.9939620245212455,0.0026302080130741,266
Candidatus Neochristensenella gallicola,0.0019036575875486382,0.0019190533980582526,advanced_high,51417.5,0.1731217615966919,1.0,-0.0,267
GGB9590 SGB15012,0.005861206225680934,0.010128956310679612,advanced_high,50589.5,0.1736935198813332,1.0,-0.0,268
GGB3570 SGB4777,0.005869649805447471,0.007792742718446602,advanced_high,50329.5,0.17454166398105875,1.0,-0.0,269
Streptococcus lutetiensis,0.00814284046692607,0.007966286407766992,early_high,53936.0,0.17615265009732606,1.0,-0.0,270
GGB9634 SGB15097,0.00767,0.018353325242718446,advanced_high,51728.0,0.1834974257316352,1.0,-0.0,271
Bacteroides intestinalis,0.09952015564202335,0.1087397087378641,advanced_high,50142.0,0.18596290358978995,1.0,-0.0,272
Blautia massiliensis,0.2427060700389105,0.18015344660194174,early_high,56101.5,0.18871953399332808,1.0,-0.0,273
Clostridia unclassified SGB14196,0.000602023346303502,0.003261529126213592,advanced_high,52152.0,0.19033154669507757,1.0,-0.0,274
Haemophilus paraphrohaemolyticus,0.00034789883268482487,0.0013940776699029125,advanced_high,52152.0,0.19033154669507757,1.0,-0.0,275
Enterocloster clostridioformis,0.06475824902723737,0.09043160194174758,advanced_high,50152.0,0.19052656046171368,1.0,-0.0,276
GGB9603 SGB15035,0.001247898832684825,0.010714563106796115,advanced_high,51576.0,0.1911941978281042,1.0,-0.0,277
GGB9635 SGB15101,0.006309260700389105,0.017189514563106793,advanced_high,51643.5,0.1990884443832096,1.0,-0.0,278
Bacteroides faecis,0.08745688715953308,0.08312703883495146,early_high,50696.0,0.20006989372234552,1.0,-0.0,279
Butyricicoccus SGB14985,0.004827431906614786,0.015088932038834948,advanced_high,54173.5,0.20121125741432533,1.0,-0.0,280
GGB9615 SGB15051,0.005756770428015565,0.00651371359223301,advanced_high,51109.0,0.20379863601462078,1.0,-0.0,281
Clostridiales bacterium,0.08485797665369649,0.07485966019417477,early_high,55965.0,0.21011930448693394,1.0,-0.0,282
Streptococcus oralis,0.030186653696498054,0.03427315533980583,advanced_high,55859.0,0.21294063829722087,1.0,-0.0,283
Ruminococcus gnavus,1.3073268482490272,0.8594239077669903,early_high,55958.5,0.21355878834769404,1.0,-0.0,284
Lachnospiraceae bacterium WCA3 601 WT 6H,0.5245134241245137,0.49414029126213593,early_high,49964.0,0.2144067022577314,1.0,-0.0,285
Hydrogeniiclostidium mannosilyticum,0.003817354085603113,0.004605728155339806,advanced_high,50491.0,0.21471269971611207,1.0,-0.0,286
Lachnospira SGB5076,0.07521307392996109,0.03038626213592233,early_high,54564.0,0.21507296294583544,1.0,-0.0,287
Campylobacter hominis,7.151750972762647e-05,0.00010907766990291264,advanced_high,52055.0,0.21650143773034247,1.0,-0.0,288
Murimonas intestini,7.058365758754863e-05,0.0009474029126213591,advanced_high,52056.0,0.21702011347404815,1.0,-0.0,289
Gemmiger formicilis,0.5450820622568094,0.43762713592233016,early_high,55880.0,0.2182667406775426,1.0,-0.0,290
Ruminococcus callidus,0.05217984435797665,0.05438716019417476,advanced_high,50832.0,0.21850872735324967,1.0,-0.0,291
Lachnospira eligens,0.8607507003891051,0.6567805582524272,early_high,49985.0,0.21890320183684187,1.0,-0.0,292
Enterococcus faecalis,0.04710221789883269,0.011017936893203883,early_high,54886.0,0.22234747855796955,1.0,-0.0,293
GGB4687 SGB6484,8.1284046692607e-05,0.03967012135922329,advanced_high,52321.0,0.22467599930727156,1.0,-0.0,294
Clostridium fessum,0.35220824902723735,0.2593588349514563,early_high,55840.0,0.228719783108016,1.0,-0.0,295
Phocaeicola plebeius,3.2898245525291827,1.7530221359223301,early_high,55751.0,0.2291696477149192,1.0,-0.0,296
Flavobacteriales bacterium,0.0061738521400778205,0.0072758009708737865,advanced_high,51520.0,0.230955891061134,1.0,-0.0,297
Klebsiella oxytoca,0.009585214007782101,0.06537856796116505,advanced_high,54034.5,0.23134844400763765,1.0,-0.0,298
Actinomyces bouchesdurhonensis,0.011460894941634242,0.0038414563106796114,early_high,54839.0,0.23373258904633998,1.0,-0.0,299
Clostridium sp AM33 3,0.04182863813229572,0.042966432038834955,advanced_high,50249.5,0.23393759800846015,1.0,-0.0,300
GGB9642 SGB15119,0.0130684046692607,0.018067645631067962,advanced_high,51163.0,0.23630738458288247,1.0,-0.0,301
Parabacteroides goldsteinii,0.051758988326848256,0.057835,advanced_high,55539.0,0.2369321390763609,1.0,-0.0,302
Clostridium sp AF34 13,0.015096070038910506,0.01849235436893204,advanced_high,51105.0,0.23834507711953545,1.0,-0.0,303
Actinomyces graevenitzii,0.0029575486381322957,0.0016209466019417474,early_high,55166.0,0.2423687541143481,1.0,-0.0,304
Veillonella parvula,0.20343735408560312,0.339221213592233,advanced_high,55699.5,0.24916335611854679,1.0,-0.0,305
Coprococcus catus,0.07760120622568094,0.06966618932038836,early_high,50247.0,0.25120642869816723,1.0,-0.0,306
Bacteroides xylanisolvens,0.6635092607003892,0.6917053640776699,advanced_high,50157.5,0.25172038145434494,1.0,-0.0,307
Anaerotruncus colihominis,0.014055136186770428,0.018543009708737863,advanced_high,50311.5,0.258399927517318,1.0,-0.0,308
Clostridium sp NSJ 42,0.009914863813229572,0.01147638349514563,advanced_high,51061.0,0.2627946580338726,1.0,-0.0,309
Rothia dentocariosa,0.0013817120622568095,0.0007227669902912622,early_high,54729.5,0.26355072681696523,1.0,-0.0,310
Phascolarctobacterium faecium,0.5229812840466926,0.6047446844660194,advanced_high,50365.0,0.2636205073280836,1.0,-0.0,311
Dialister SGB5817,0.0005926070038910506,0.020813228155339807,advanced_high,52111.0,0.26889921768125835,1.0,-0.0,312
GGB3737 SGB5071,0.0004803501945525292,0.0007098058252427185,advanced_high,53530.5,0.27226076786521414,1.0,-0.0,313
GGB9778 SGB15398,0.0020779377431906615,0.0026006796116504857,advanced_high,51807.0,0.2723538836303687,1.0,-0.0,314
Senegalimassilia anaerobia,0.009535992217898831,0.012470606796116505,advanced_high,51005.5,0.274258117744834,1.0,-0.0,315
Clostridium leptum,0.13303614785992218,0.1251815048543689,early_high,50335.0,0.2754880055197435,1.0,-0.0,316
GGB9633 SGB15091,0.18894295719844356,0.39385919902912625,advanced_high,50642.5,0.27685556725386085,1.0,-0.0,317
Clostridium sp AF34 10BH,0.45286793774319073,0.5339678398058253,advanced_high,50311.0,0.27795247493827524,1.0,-0.0,318
Dialister succinatiphilus,0.051775719844357984,0.06658660194174758,advanced_high,52029.0,0.2793980896985895,1.0,-0.0,319
Alistipes inops,0.054418638132295714,0.07413798543689319,advanced_high,51014.5,0.2801287313758305,1.0,-0.0,320
Klebsiella grimontii,0.002165953307392996,0.0009932281553398058,early_high,53939.0,0.28154493451141316,1.0,-0.0,321
Acidaminococcus massiliensis,0.019691439688715957,0.020988325242718448,advanced_high,51692.5,0.2887304040339157,1.0,-0.0,322
Rikenellaceae bacterium,0.0593307392996109,0.05881182038834951,early_high,51430.0,0.28987886656268314,1.0,-0.0,323
GGB9628 SGB15082,0.0008729571984435798,0.0005619417475728155,early_high,53455.0,0.29082749847244815,1.0,-0.0,324
GGB3005 SGB3996,0.03425910505836576,0.03709662621359223,advanced_high,50725.0,0.29276508347080543,1.0,-0.0,325
Lactobacillus delbrueckii,0.0038134630350194552,0.004615898058252427,advanced_high,54343.5,0.2928221712753536,1.0,-0.0,326
Rikenellaceae unclassified SGB2230,0.2264643968871595,0.38114177184466025,advanced_high,51580.5,0.30103484683955084,1.0,-0.0,327
GGB9644 SGB15121,0.027859377431906623,0.030144417475728155,advanced_high,54893.5,0.303080428763285,1.0,-0.0,328
Blautia SGB4805,0.005513891050583657,0.0061932281553398055,advanced_high,50886.0,0.30571630393971616,1.0,-0.0,329
GGB12796 SGB19893,0.0006811284046692606,0.0002094660194174757,early_high,53953.5,0.30584549922472526,1.0,-0.0,330
Megamonas funiformis,1.1517268482490273,0.37647570388349516,early_high,54961.0,0.31148705556094636,1.0,-0.0,331
Blautia SGB4831,0.031006070038910507,0.02616429611650485,early_high,50725.0,0.31354319459412705,1.0,-0.0,332
GGB9614 SGB15049,0.03323303501945526,0.021848689320388352,early_high,55180.5,0.315690539775353,1.0,-0.0,333
Clostridiaceae bacterium OM08 6BH,0.03634529182879378,0.026147961165048545,early_high,55220.0,0.31832201635580337,1.0,-0.0,334
Blautia schinkii,0.024594319066147858,0.00934752427184466,early_high,51303.0,0.3247177487263333,1.0,-0.0,335
Bacteroidales unclassified SGB2076,0.024797665369649804,0.03889033980582524,advanced_high,53727.5,0.32582862174875005,1.0,-0.0,336
GGB9634 SGB15093,0.1118258365758755,0.09965123786407767,early_high,51160.5,0.32635167778203844,1.0,-0.0,337
GGB9557 SGB14966,0.00825782101167315,0.008101601941747572,early_high,50791.5,0.3269928051593146,1.0,-0.0,338
GGB3637 SGB4930,0.021566498054474706,0.0005210922330097088,early_high,53573.0,0.3271938916994881,1.0,-0.0,339
Blautia faecicola,0.038664046692607,0.01862138349514563,early_high,54523.5,0.32767063959725196,1.0,-0.0,340
GGB3817 SGB5182,0.015696887159533074,0.014766941747572817,early_high,54466.0,0.32799013741244276,1.0,-0.0,341
Ruminococcaceae unclassified SGB14835,0.0005296498054474709,0.001049514563106796,advanced_high,52131.5,0.3285452489933486,1.0,-0.0,342
Enterocloster asparagiformis,0.009844007782101167,0.010606747572815534,advanced_high,50819.5,0.32975797894808456,1.0,-0.0,343
Faecalicatena fissicatena,0.07972354085603114,0.07335514563106796,early_high,50764.5,0.33091514564426017,1.0,-0.0,344
Candidatus Gastranaerophilales bacterium,0.07316673151750973,0.06604529126213592,early_high,51417.5,0.33686640878423446,1.0,-0.0,345
Fusobacterium varium,0.07422766536964981,0.024032864077669906,early_high,51822.0,0.33774597327432054,1.0,-0.0,346
Butyricimonas paravirosa,0.022311089494163425,0.02627485436893204,advanced_high,51123.0,0.3380544921828563,1.0,-0.0,347
Enterobacter mori,0.004029688715953308,0.016527087378640774,advanced_high,52406.0,0.3380625722411772,1.0,-0.0,348
Desulfovibrio desulfuricans,0.006730972762645914,0.005132791262135922,early_high,51761.5,0.3415979348456525,1.0,-0.0,349
GGB9637 SGB15111,0.0023984824902723734,0.0014846116504854368,early_high,51938.5,0.3420776002445376,1.0,-0.0,350
Clostridia unclassified SGB6385,0.047477470817120615,0.022235995145631068,early_high,52203.0,0.34583643887967386,1.0,-0.0,351
GGB34228 SGB72916,0.004279260700389104,0.004558446601941748,advanced_high,51435.0,0.34762151327439184,1.0,-0.0,352
GGB3341 SGB4420,0.00641330739299611,0.017919199029126216,advanced_high,52033.0,0.3516045579581861,1.0,-0.0,353
Clostridia unclassified SGB6276,0.04762307392996109,0.06661434466019418,advanced_high,51384.0,0.3536834113531826,1.0,-0.0,354
Clostridia unclassified SGB71368,0.001438715953307393,0.0022309466019417475,advanced_high,51867.5,0.3537825959432712,1.0,-0.0,355
Dorea formicigenerans,0.2226829961089494,0.2069430339805825,early_high,50700.5,0.35380106831812097,1.0,-0.0,356
Parabacteroides gordonii,0.010849844357976654,0.012570752427184468,advanced_high,51676.5,0.35587764629116725,1.0,-0.0,357
Phocaeicola massiliensis,1.1273164591439688,0.6591214805825244,early_high,55064.0,0.3581050997186682,1.0,-0.0,358
Escherichia coli,2.303911906614786,1.861818786407767,early_high,50756.5,0.3681962261483711,1.0,-0.0,359
Lactobacillus gasseri,0.00768431906614786,0.047054563106796114,advanced_high,54372.5,0.3692459543916281,1.0,-0.0,360
GGB4549 SGB6271,0.035329494163424124,0.05214548543689321,advanced_high,52118.0,0.3800701987494629,1.0,-0.0,361
Faecalibacterium prausnitzii,2.8929773540856036,2.9584986893203884,advanced_high,50832.5,0.38565091700435805,1.0,-0.0,362
Romboutsia timonensis,0.07391077821011673,0.0388161650485437,early_high,50941.5,0.3916058656318032,1.0,-0.0,363
Peptococcaceae bacterium,0.021986575875486383,0.024620509708737866,advanced_high,51346.5,0.3969875736374514,1.0,-0.0,364
Clostridiaceae bacterium,0.3454900778210117,0.3185022330097087,early_high,54998.0,0.39758812568110413,1.0,-0.0,365
Olsenella sp GAM18,0.0045161478599221785,0.00757121359223301,advanced_high,51744.5,0.39961254008953984,1.0,-0.0,366
Granulicatella elegans,0.0007743968871595331,0.0005313592233009708,early_high,53875.5,0.3999985123115657,1.0,-0.0,367
TM7 phylum sp oral taxon 348,0.002428171206225681,0.002115364077669903,early_high,51354.0,0.4101223476741165,1.0,-0.0,368
Bacteroides oleiciplenus,0.0004074708171206225,0.0012708495145631064,advanced_high,52237.0,0.41152775454369483,1.0,-0.0,369
Lachnospira SGB5077,0.11818225680933851,0.10656220873786408,early_high,51429.0,0.41302794325940306,1.0,-0.0,370
Campylobacter gracilis,0.0001663035019455253,0.000780242718446602,advanced_high,52001.5,0.42086431811098923,1.0,-0.0,371
Sellimonas intestinalis,0.026090505836575874,0.03915194174757282,advanced_high,51239.0,0.4211996728785431,1.0,-0.0,372
Oxalobacter formigenes,0.0022392607003891046,0.004251674757281554,advanced_high,51959.0,0.42181873684729787,1.0,-0.0,373
Fusicatenibacter saccharivorans,0.3780580544747082,0.4174877669902912,advanced_high,50994.0,0.4219686520239905,1.0,-0.0,374
Blautia sp MSK 20 85,0.06676610894941634,0.04767716019417476,early_high,51496.5,0.4225498651929076,1.0,-0.0,375
Coprobacter secundus,0.016729143968871596,0.019891310679611647,advanced_high,51466.5,0.4226635038083385,1.0,-0.0,376
Eggerthellaceae unclassified SGB14322,0.018338715953307397,0.00855359223300971,early_high,51579.0,0.4227293725129082,1.0,-0.0,377
Lacrimispora celerecrescens,0.14596194552529182,0.12707478155339805,early_high,54753.5,0.4229653245543886,1.0,-0.0,378
Bifidobacterium dentium,0.021888599221789883,0.03573033980582525,advanced_high,51334.0,0.4286432391988012,1.0,-0.0,379
Blautia glucerasea,0.03914015564202335,0.027849684466019417,early_high,51212.5,0.42886706261490815,1.0,-0.0,380
Citrobacter freundii,0.014683073929961089,0.021094223300970875,advanced_high,54009.5,0.43360076783661916,1.0,-0.0,381
Phocaeicola dorei,2.2371878210116733,1.7393698300970872,early_high,54833.0,0.43558638397814986,1.0,-0.0,382
Lachnospiraceae unclassified SGB5063,0.019580544747081714,0.002056092233009709,early_high,52586.0,0.4374061558244752,1.0,-0.0,383
Blautia SGB4815,0.05862027237354086,0.05275733009708738,early_high,51093.0,0.4377654013199265,1.0,-0.0,384
bacterium OL 1,0.001165408560311284,0.011107014563106797,advanced_high,52226.0,0.4394063202302312,1.0,-0.0,385
Butyricicoccus SGB14990,0.007217120622568093,0.008995849514563106,advanced_high,51947.0,0.44132976120120615,1.0,-0.0,386
Bacteroides congonensis,0.0043492217898832685,0.006870461165048544,advanced_high,52200.0,0.4413734621867941,1.0,-0.0,387
GGB9634 SGB15099,0.00022140077821011672,0.0017199271844660193,advanced_high,52478.0,0.4419883528306141,1.0,-0.0,388
GGB9347 SGB14313,0.0624111673151751,0.1912635436893204,advanced_high,51663.0,0.44506635395964067,1.0,-0.0,389
GGB9691 SGB15198,0.010106225680933851,0.019510242718446605,advanced_high,52018.0,0.4468897900349925,1.0,-0.0,390
Acidaminococcus fermentans,0.024311089494163423,0.024302791262135925,early_high,53609.5,0.45136657063774055,1.0,-0.0,391
Barnesiella intestinihominis,0.33215677042801556,0.3532538834951456,advanced_high,51174.0,0.4528698243947453,1.0,-0.0,392
Clostridium phoceensis,0.10786789883268483,0.08914000000000001,early_high,54732.0,0.45870749034507197,1.0,-0.0,393
GGB781 SGB1024,0.09343486381322956,0.14850898058252426,advanced_high,53880.0,0.4621696717117175,1.0,-0.0,394
GGB4676 SGB6465,0.007922101167315175,0.008285995145631067,advanced_high,52270.0,0.46805454215624265,1.0,-0.0,395
Bifidobacterium breve,0.03173105058365759,0.03337194174757282,advanced_high,53923.0,0.46931099713880986,1.0,-0.0,396
Anaerosacchariphilus sp NSJ 68,0.0022897665369649807,0.001944368932038835,early_high,51597.0,0.46970688022457985,1.0,-0.0,397
Ruminococcus torques,1.189251206225681,1.250971553398058,advanced_high,51190.0,0.47096648154762755,1.0,-0.0,398
Ruminococcaceae unclassified SGB15233,0.06169712062256809,0.05063220873786407,early_high,51706.0,0.4723609943840419,1.0,-0.0,399
Butyricimonas faecihominis,0.019662256809338523,0.02633456310679612,advanced_high,51718.0,0.4754213669736941,1.0,-0.0,400
GGB1407 SGB1930,0.04304642023346304,0.024302087378640775,early_high,52231.0,0.47701590772765146,1.0,-0.0,401
GGB9677 SGB15180,0.012776731517509726,0.02663766990291262,advanced_high,51914.0,0.4822993691991644,1.0,-0.0,402
Eubacterium sp AF34 35BH,0.016886926070038912,0.02811138349514563,advanced_high,51779.5,0.4862839292778861,1.0,-0.0,403
Enterocloster citroniae,0.01741338521400778,0.01884546116504854,advanced_high,54601.5,0.4904173908624654,1.0,-0.0,404
GGB4584 SGB6338,0.004808132295719844,0.0041177427184466014,early_high,52336.5,0.4945235597807982,1.0,-0.0,405
GGB9635 SGB15103,0.04265498054474708,0.06233817961165048,advanced_high,51980.5,0.4945515692026514,1.0,-0.0,406
Veillonella tobetsuensis,0.020644863813229566,0.018133689320388353,early_high,53910.5,0.499978624599424,1.0,-0.0,407
Enterococcus gallinarum,0.0009483657587548638,0.0010006067961165048,advanced_high,53494.5,0.5055131751737549,1.0,-0.0,408
Lactobacillus crispatus,0.0029436575875486383,0.0057600242718446595,advanced_high,53671.0,0.5071283481765414,1.0,-0.0,409
Eggerthellaceae unclassified SGB14341,0.023311712062256813,0.016708106796116503,early_high,54139.0,0.5106387519176678,1.0,-0.0,410
Bacteroides thetaiotaomicron,1.0848997276264591,1.0301106310679613,early_high,54537.5,0.51175590687052,1.0,-0.0,411
Lachnospira pectinoschiza,0.435701906614786,0.3261971116504855,early_high,51467.5,0.5137035598242421,1.0,-0.0,412
GGB4700 SGB6506,0.00924828793774319,0.030463470873786407,advanced_high,52322.0,0.514669942781596,1.0,-0.0,413
Roseburia sp AM59 24XD,0.00865455252918288,0.041529490291262135,advanced_high,52141.0,0.5158496189799897,1.0,-0.0,414
Clostridium sp AF15 49,0.2916710894941634,0.24726655339805825,early_high,51661.0,0.516772361434336,1.0,-0.0,415
Merdimonas faecis,0.01979976653696498,0.02495152912621359,advanced_high,51830.5,0.530390286501345,1.0,-0.0,416
Enterocloster bolteae,0.22891256809338523,0.1864990291262136,early_high,54464.5,0.5309136890248554,1.0,-0.0,417
Coriobacteriia bacterium,0.008323579766536965,0.003455703883495145,early_high,52176.0,0.5314096586391726,1.0,-0.0,418
GGB9559 SGB14969,0.012440505836575876,0.00792631067961165,early_high,54067.0,0.5401120595616442,1.0,-0.0,419
Holdemanella biformis,0.14523494163424125,0.1296445145631068,early_high,53999.0,0.5455263427360759,1.0,-0.0,420
Streptococcus equinus,0.0029818287937743194,0.000563373786407767,early_high,53425.0,0.5458938587065378,1.0,-0.0,421
Evtepia gabavorous,0.0533087159533074,0.061146796116504865,advanced_high,51625.5,0.5474385386578329,1.0,-0.0,422
Ruminococcus sp JE7A12,0.03537642023346303,0.05697720873786408,advanced_high,52357.5,0.5493242811948684,1.0,-0.0,423
Faecalibacterium SGB15345,0.006758832684824904,0.00267007281553398,early_high,51951.5,0.5542916278873391,1.0,-0.0,424
GGB6547 SGB9247,0.035750700389105064,0.01825655339805825,early_high,53561.0,0.5579698664267357,1.0,-0.0,425
Phocaeicola vulgatus,6.692100661478599,5.782402548543688,early_high,54359.0,0.5601574176515158,1.0,-0.0,426
Blautia wexlerae,1.0377709727626458,0.7945414805825243,early_high,54335.0,0.566745995939425,1.0,-0.0,427
Clostridia unclassified SGB14951,0.003363346303501945,0.0019268689320388348,early_high,52299.0,0.5692261372982799,1.0,-0.0,428
Blautia sp MSK 21 1,0.03453727626459144,0.010423713592233009,early_high,53794.0,0.570716467680696,1.0,-0.0,429
Megasphaera elsdenii,0.051417937743190666,0.027466650485436894,early_high,53564.0,0.5750487671764226,1.0,-0.0,430
GGB9501 SGB14898,0.012368793774319065,0.011402233009708738,early_high,51971.0,0.5787084088938877,1.0,-0.0,431
Phocaeicola coprocola,1.9427470428015563,0.8545939077669904,early_high,54123.0,0.5824440894057543,1.0,-0.0,432
Mediterraneibacter butyricigenes,0.009424202334630349,0.009876043689320388,advanced_high,51689.5,0.5887486502833696,1.0,-0.0,433
Dysosmobacter welbionis,0.21086774319066148,0.2091657281553398,early_high,54232.5,0.5949096351043186,1.0,-0.0,434
GGB9561 SGB14972,0.007679143968871596,0.005067354368932038,early_high,53812.5,0.5951389230058515,1.0,-0.0,435
GGB4672 SGB6461,0.0016348249027237356,0.0031073543689320387,advanced_high,52528.0,0.5976151470670394,1.0,-0.0,436
Clostridium sp AF27 2AA,0.027451284046692604,0.02467145631067961,early_high,51947.0,0.6031464831831169,1.0,-0.0,437
Clostridium sp OM07 10AC,0.011522723735408559,0.005540946601941747,early_high,53478.5,0.6040440408512509,1.0,-0.0,438
GGB3303 SGB4364,0.0065068093385214016,0.036393179611650485,advanced_high,52505.5,0.611293446037076,1.0,-0.0,439
Clostridium SGB4751,0.018251867704280157,0.01539745145631068,early_high,51912.5,0.6118705955689462,1.0,-0.0,440
Ruminococcaceae unclassified SGB15265,0.10302046692607005,0.11175162621359222,advanced_high,51811.0,0.614685235084811,1.0,-0.0,441
Klebsiella pneumoniae,0.2806549805447471,0.4041913834951456,advanced_high,51891.5,0.6156568221801764,1.0,-0.0,442
GGB9730 SGB15291,0.09643007782101166,0.09370339805825244,early_high,54078.0,0.6168016675132111,1.0,-0.0,443
Eubacterium ramulus,0.1277089494163424,0.11439259708737864,early_high,51756.5,0.6175484475301833,1.0,-0.0,444
Bacteroides stercoris,1.703268093385214,1.6255801699029124,early_high,51737.5,0.6178711081320691,1.0,-0.0,445
Clostridium spiroforme,0.014802840466926067,0.012703325242718446,early_high,51913.0,0.6193588201322942,1.0,-0.0,446
Parabacteroides distasonis,1.4188127626459144,1.1822275485436895,early_high,51742.0,0.6217325428677529,1.0,-0.0,447
Haemophilus sputorum,0.0004035408560311284,0.00032983009708737864,early_high,53391.5,0.6226282298483343,1.0,-0.0,448
Prevotella corporis,0.00023614785992217898,0.00043155339805825237,advanced_high,52393.0,0.6239345513318684,1.0,-0.0,449
Mogibacterium timidum,0.0007254085603112841,0.006177135922330096,advanced_high,52202.0,0.6253488759953283,1.0,-0.0,450
Lachnoanaerobaculum sp ICM7,0.0005175097276264592,0.0006446844660194175,advanced_high,53563.0,0.6309458360421927,1.0,-0.0,451
Turicibacter sanguinis,0.06729556420233462,0.035016092233009714,early_high,53961.5,0.6313809652435675,1.0,-0.0,452
GGB3278 SGB4328,0.10646307392996109,0.022934393203883494,early_high,53614.5,0.6328895882284447,1.0,-0.0,453
GGB9595 SGB15019,0.014734474708171207,0.02358934466019418,advanced_high,52427.0,0.6362442571983816,1.0,-0.0,454
Parabacteroides merdae,0.7607403501945527,0.7054327669902911,early_high,54077.5,0.6390329563957703,1.0,-0.0,455
Bacteroides finegoldii,0.23085887159533075,0.2516745145631068,advanced_high,51932.5,0.6421069779740449,1.0,-0.0,456
Enterococcus faecium,0.004956342412451361,0.03456716019417475,advanced_high,52269.0,0.6471221795259996,1.0,-0.0,457
Faecalimonas umbilicata,0.17361708171206228,0.09701276699029128,early_high,53725.0,0.64712923395077,1.0,-0.0,458
Lactococcus lactis,0.008612295719844357,0.02709842233009709,advanced_high,52160.0,0.6521444109312651,1.0,-0.0,459
Clostridium sp AM22 11AC,0.4076567704280155,0.33074983009708736,early_high,53939.0,0.6762831128380794,1.0,-0.0,460
Actinomyces sp ICM58,0.00755272373540856,0.0022434466019417474,early_high,53724.0,0.6781344506741622,1.0,-0.0,461
Eubacterium rectale,1.5260103112840468,1.4959685194174759,early_high,51963.5,0.6863700753745063,1.0,-0.0,462
GGB35068 SGB47850,0.0068360700389105055,0.005615364077669903,early_high,53602.0,0.6899574174603332,1.0,-0.0,463
Clostridium sp AF32 12BH,0.0025186381322957196,0.0025830097087378642,advanced_high,53544.5,0.691003324315704,1.0,-0.0,464
Roseburia SGB4958,0.022911750972762643,0.010143373786407768,early_high,53390.0,0.6917798540475528,1.0,-0.0,465
Lachnospiraceae bacterium BX3,0.011937859922178988,0.01145133495145631,early_high,53543.5,0.6927000480088978,1.0,-0.0,466
GGB2734 SGB3677,0.020414085603112843,0.03922929611650486,advanced_high,53258.0,0.6983695714931217,1.0,-0.0,467
GGB3463 SGB4621,0.008769883268482489,0.017673567961165045,advanced_high,53553.0,0.6994031950855262,1.0,-0.0,468
Streptococcus sanguinis,0.009733151750972762,0.006729053398058253,early_high,53831.5,0.7000163835427304,1.0,-0.0,469
Blautia sp AF19 10LB,0.07606058365758755,0.0316929854368932,early_high,53701.0,0.7032566177503963,1.0,-0.0,470
GGB12790 SGB19845,0.00031525291828793774,0.00023645631067961164,early_high,53424.0,0.7038316967661968,1.0,-0.0,471
GGB1495 SGB2071,0.3027149416342413,0.31409271844660197,advanced_high,53627.5,0.7064579462802154,1.0,-0.0,472
Bacilli unclassified SGB6487,0.00012299610894941633,0.00884878640776699,advanced_high,52732.0,0.7078152180062753,1.0,-0.0,473
Scardovia wiggsiae,0.0013664591439688715,0.0008549271844660195,early_high,52428.5,0.7081005201030146,1.0,-0.0,474
Eggerthellaceae bacterium,0.03787591439688716,0.03148531553398058,early_high,53670.5,0.711974089470382,1.0,-0.0,475
Limosilactobacillus fermentum,0.006321673151750973,0.007471019417475729,advanced_high,53430.5,0.714053000952197,1.0,-0.0,476
Coprobacter fastidiosus,0.052906926070038905,0.07248541262135923,advanced_high,52222.5,0.71803168173529,1.0,-0.0,477
Lactobacillus mucosae,0.010189416342412452,0.020892014563106798,advanced_high,52511.5,0.7232224381731187,1.0,-0.0,478
Clostridia unclassified SGB6293,0.059973696498054466,0.022252208737864074,early_high,52583.0,0.7258170302074138,1.0,-0.0,479
Gemmiger SGB15292,0.019576848249027237,0.0030663106796116504,early_high,53350.5,0.7309799362528839,1.0,-0.0,480
Senegalimassilia faecalis,0.004016108949416342,0.0020419660194174755,early_high,53281.5,0.731333837446761,1.0,-0.0,481
Anaerostipes hadrus,0.6365219455252918,0.43146660194174763,early_high,53771.0,0.7326410338957094,1.0,-0.0,482
Megasphaera sp BL7,0.276802140077821,0.1869353640776699,early_high,52451.5,0.7327704007074587,1.0,-0.0,483
Tyzzerella nexilis,0.37462268482490274,0.16186155339805824,early_high,53667.5,0.7374296467435731,1.0,-0.0,484
Dorea sp AF24 7LB,0.03139050583657588,0.02379735436893204,early_high,52275.5,0.750756865235513,1.0,-0.0,485
Gemmiger SGB15295,0.10103486381322957,0.10048483009708738,early_high,53579.5,0.7558022352634175,1.0,-0.0,486
Faecalibacterium SGB15346,0.3124634241245136,0.33862970873786413,advanced_high,52204.5,0.7571590248981336,1.0,-0.0,487
GGB9589 SGB15011,0.00015653696498054475,0.0001008009708737864,early_high,52792.0,0.7579812931087131,1.0,-0.0,488
Clostridia bacterium UC5 1 1D1,0.01054385214007782,0.014584660194174755,advanced_high,52218.5,0.7608416406606094,1.0,-0.0,489
GGB4569 SGB6312,0.08422112840466926,0.12710669902912622,advanced_high,53267.5,0.7672912813443099,1.0,-0.0,490
Catenibacterium sp AM22 15,0.1156423346303502,0.08974766990291262,early_high,53440.0,0.771663804671984,1.0,-0.0,491
Parasutterella excrementihominis,0.12518642023346305,0.08277679611650485,early_high,52297.0,0.7747551963450539,1.0,-0.0,492
Negativibacillus massiliensis,0.060687081712062246,0.07988667475728155,advanced_high,53508.0,0.7809780799258691,1.0,-0.0,493
GGB9581 SGB14999,0.027657431906614786,0.02516711165048544,early_high,52293.5,0.7833206138793013,1.0,-0.0,494
Dysosmobacter sp NSJ 60,0.023410972762645914,0.026533980582524267,advanced_high,53574.5,0.7919715301153186,1.0,-0.0,495
Clostridiaceae unclassified SGB4769,0.011526108949416341,0.011232936893203883,early_high,53465.5,0.7956065239141832,1.0,-0.0,496
Mitsuokella sp AF21 1AC,8.599221789883268e-06,0.0014645631067961165,advanced_high,52841.0,0.8001734322657205,1.0,-0.0,497
Faecalicatena orotica,0.0006549027237354086,0.00021063106796116504,early_high,52708.0,0.8059974630151749,1.0,-0.0,498
GGB4651 SGB6438,0.10224603112840465,0.09696587378640777,early_high,53245.0,0.8060416931140577,1.0,-0.0,499
Eubacterium sp AM28 29,0.2207917509727626,0.1986898058252427,early_high,53405.5,0.810833547922011,1.0,-0.0,500
Paraprevotella clara,0.19867210116731515,0.15675978155339806,early_high,52455.0,0.8162937841137716,1.0,-0.0,501
GGB9597 SGB15022,0.004899105058365759,0.007784174757281553,advanced_high,52689.5,0.8185178497059183,1.0,-0.0,502
Weissella confusa,0.00023634241245136184,0.0009630825242718446,advanced_high,52733.0,0.8241272736642518,1.0,-0.0,503
Clostridium scindens,0.03801996108949416,0.03087679611650485,early_high,53411.5,0.8294520952753516,1.0,-0.0,504
Candidatus Nanosynsacchari sp TM7 ANC 38 39 G1 1,0.003372568093385214,0.0028106067961165045,early_high,52494.5,0.8309740396282006,1.0,-0.0,505
Klebsiella michiganensis,0.06012774319066149,0.02304252427184466,early_high,52689.0,0.8340362145034325,1.0,-0.0,506
Mitsuokella multacida,0.07549867704280155,0.022606868932038834,early_high,52730.0,0.8395669154958981,1.0,-0.0,507
Bifidobacterium adolescentis,0.6258094163424125,0.6540454611650485,advanced_high,53405.0,0.8403462805366332,1.0,-0.0,508
Roseburia inulinivorans,0.7341422178988327,0.5967211650485437,early_high,53430.5,0.8404513301882536,1.0,-0.0,509
Bifidobacterium longum,0.7887688715953308,0.4916831796116505,early_high,53414.5,0.8452658627878189,1.0,-0.0,510
Bilophila wadsworthia,0.22575217898832683,0.19136419902912621,early_high,52486.0,0.8509369462136919,1.0,-0.0,511
Prevotellamassilia timonensis,0.3547603112840467,0.12063320388349515,early_high,52739.5,0.8579753318698956,1.0,-0.0,512
Ruminococcus SGB4421,0.05160482490272374,0.05927368932038835,advanced_high,52646.5,0.8633762519359425,1.0,-0.0,513
Lacrimispora amygdalina,0.1924108560311284,0.1558069417475728,early_high,52528.0,0.863926109480677,1.0,-0.0,514
Adlercreutzia equolifaciens,0.07593077821011673,0.039724077669902914,early_high,53336.5,0.8643387997527346,1.0,-0.0,515
GGB9635 SGB15102,0.00456704280155642,0.01263351941747573,advanced_high,53068.5,0.8746862866141638,1.0,-0.0,516
Slackia isoflavoniconvertens,0.016211439688715953,0.021647839805825242,advanced_high,53218.0,0.8801519678028766,1.0,-0.0,517
GGB51441 SGB71759,0.004846653696498055,0.00392623786407767,early_high,52635.5,0.881883155846104,1.0,-0.0,518
Eubacterium ventriosum,0.16306587548638135,0.1634525970873786,advanced_high,53282.0,0.884575086443233,1.0,-0.0,519
GGB4599 SGB6362,0.07633350194552528,0.0366198786407767,early_high,52760.0,0.885289096392539,1.0,-0.0,520
Megasphaera sp AM44 1BH,0.012660194552529183,0.013022597087378643,advanced_high,53064.0,0.8940583544415411,1.0,-0.0,521
Bacteroides ovatus,1.3219729182879376,1.3886015776699028,advanced_high,53252.0,0.8986848022159513,1.0,-0.0,522
Acidaminococcus intestini,0.16402789883268484,0.23398388349514565,advanced_high,52750.0,0.9086509072630061,1.0,-0.0,523
Ruminococcus champanellensis,0.004123618677042802,0.0068616019417475724,advanced_high,53009.5,0.9144320129744088,1.0,-0.0,524
GGB3277 SGB4327,0.15469206225680934,0.1668047087378641,advanced_high,52749.0,0.9168428280571324,1.0,-0.0,525
Morganella morganii,0.00707929961089494,0.010866941747572818,advanced_high,52840.0,0.9190843547961673,1.0,-0.0,526
Bifidobacterium bifidum,0.05755140077821012,0.09736555825242718,advanced_high,53111.0,0.9198303636937658,1.0,-0.0,527
GGB9621 SGB15073,0.017951945525291828,0.010930825242718448,early_high,53131.0,0.920263659502935,1.0,-0.0,528
GGB9618 SGB15064,0.002421673151750973,0.002148883495145631,early_high,52863.0,0.9304266503217026,1.0,-0.0,529
Candidatus Cibiobacter qucibialis,0.701448093385214,0.6049898300970874,early_high,52757.5,0.9388689198353969,1.0,-0.0,530
Prevotella sp P4 51,0.05827626459143969,0.04298538834951457,early_high,53003.0,0.9538199133289346,1.0,-0.0,531
Prevotella bivia,0.016448482490272375,0.0011759708737864077,early_high,53009.5,0.9546166025776417,1.0,-0.0,532
Erysipelatoclostridium ramosum,0.11339844357976654,0.12599604368932038,advanced_high,52809.0,0.955967115120585,1.0,-0.0,533
GGB6128 SGB8774,0.0002828793774319066,0.0006181796116504854,advanced_high,52919.0,0.9607992145185453,1.0,-0.0,534
Lachnospiraceae unclassified SGB4892,0.0012204280155642022,0.00046237864077669906,early_high,52920.0,0.9625401612025404,1.0,-0.0,535
Coprococcus sp OM04 5BH,0.008442062256809338,0.002900266990291262,early_high,52920.0,0.9625401612025404,1.0,-0.0,536
Blautia sp OF03 15BH,0.009414474708171208,0.005525194174757281,early_high,53034.0,0.9627364927720785,1.0,-0.0,537
GGB41458 SGB58520,0.005134747081712063,0.0035666747572815536,early_high,52994.0,0.96778115770163,1.0,-0.0,538
Fenollaria timonensis,0.00027116731517509723,0.00028747572815533977,advanced_high,52912.5,0.9685038350152808,1.0,-0.0,539
Weissella cibaria,0.00012389105058365757,0.00023881067961165054,advanced_high,52960.0,0.9795141930042551,1.0,-0.0,540
GGB4768 SGB6601,0.016312451361867705,0.006678131067961166,early_high,52923.5,0.9804475336726073,1.0,-0.0,541
Bacteroides clarus,0.08956758754863813,0.06267182038834951,early_high,52919.5,0.9907160320925541,1.0,-0.0,542
Ruminococcaceae unclassified SGB4425,0.07225817120622569,0.0437983495145631,early_high,52928.5,0.9934154336777309,1.0,-0.0,543
Clostridia unclassified SGB3983,0.004445252918287938,0.017041504854368932,advanced_high,52934.0,0.994789797103569,1.0,-0.0,544
Ligilactobacillus salivarius,0.0730645525291829,0.030869296116504852,early_high,52939.5,0.9990554681785927,1.0,-0.0,545
Clostridia unclassified SGB6317,0.05666130044843049,0.029442767295597486,early_high,,,1.0,-0.0,546
GGB1567 SGB2154,0.02181883408071749,0.0061953773584905655,early_high,,,1.0,-0.0,547
Bacteroides fluxus,0.06041495934959349,0.012525165394402033,early_high,,,1.0,-0.0,548
GGB1582 SGB2173,1.378048780487805e-05,0.0013879643765903307,advanced_high,,,1.0,-0.0,549
GGB9524 SGB14924,0.011440406504065042,0.03730005089058524,advanced_high,,,1.0,-0.0,550
GGB4566 SGB6305,0.02379730941704036,0.03170654088050315,advanced_high,,,1.0,-0.0,551
Bifidobacterium catenulatum,0.028136965811965814,0.0446959643916914,advanced_high,,,1.0,-0.0,552
GGB9559 SGB14968,0.0013505982905982906,0.0018433531157270031,advanced_high,,,1.0,-0.0,553
Faecalibacillus intestinalis,0.22361845528455282,0.23097173027989823,advanced_high,,,1.0,-0.0,554
GGB1420 SGB1957,0.07131214634146342,0.05132641221374046,early_high,,,1.0,-0.0,555
Collinsella bouchesdurhonensis,0.012807478632478633,0.02129100890207715,advanced_high,,,1.0,-0.0,556
Clostridium saccharogumia,0.0034138617886178865,0.0017048091603053437,early_high,,,1.0,-0.0,557
Streptococcus thermophilus,0.0929279674796748,0.07497506361323157,early_high,,,1.0,-0.0,558
Gardnerella vaginalis,0.00039008130081300815,0.001178498727735369,advanced_high,,,1.0,-0.0,559
Streptococcus gordonii,0.023803333333333333,0.014094173027989822,early_high,,,1.0,-0.0,560
GGB2982 SGB3964,0.009819227642276423,0.01564127226463104,advanced_high,,,1.0,-0.0,561
GGB5997 SGB8620,0.014788508771929826,0.0066163798219584565,early_high,,,1.0,-0.0,562
Olsenella provencensis,0.002660538116591928,0.01555569288389513,advanced_high,,,1.0,-0.0,563
GGB9667 SGB15164,0.0287559756097561,0.03174806615776082,advanced_high,,,1.0,-0.0,564
Streptococcus rubneri,0.014783658536585366,0.005066895674300255,early_high,,,1.0,-0.0,565
Longicatena caecimuris,0.014145772357723577,0.02208740458015267,advanced_high,,,1.0,-0.0,566
GGB9512 SGB14909,0.0533,0.09361419847328244,advanced_high,,,1.0,-0.0,567
Bacteroides cutis,0.0017730487804878048,0.0017785241730279896,advanced_high,,,1.0,-0.0,568
GGB45432 SGB63101,0.004727642276422765,0.002698804071246819,early_high,,,1.0,-0.0,569
GGB45491 SGB63163,0.0022812601626016264,0.0027807124681933845,advanced_high,,,1.0,-0.0,570
GGB6613 SGB9347,0.06197959349593496,0.0797244020356234,advanced_high,,,1.0,-0.0,571
Clostridiales bacterium NSJ 40,0.0008630487804878049,0.001968854961832061,advanced_high,,,1.0,-0.0,572
Sutterella SGB9281,0.08777223577235774,0.08617603053435116,early_high,,,1.0,-0.0,573
Enorma SGB14753,0.0010791869918699187,0.004977888040712469,advanced_high,,,1.0,-0.0,574
Lachnospiraceae bacterium NSJ 29,0.006363455284552845,0.006541628498727734,advanced_high,,,1.0,-0.0,575
Holdemania sp Marseille P2844,0.0024599999999999995,0.005724452926208651,advanced_high,,,1.0,-0.0,576
Actinomyces oris,0.0024315447154471545,0.0007783460559796437,early_high,,,1.0,-0.0,577
GGB3034 SGB4030,0.0033759756097560974,0.004519007633587787,advanced_high,,,1.0,-0.0,578
GGB3892 SGB5290,0.0018792376681614352,0.002306540880503145,advanced_high,,,1.0,-0.0,579
Clostridia unclassified SGB14844,0.012247478632478631,0.033745489614243326,advanced_high,,,1.0,-0.0,580
Christensenella massiliensis,0.0009548373983739838,0.002003409669211196,advanced_high,,,1.0,-0.0,581
GGB6010 SGB8637,1.2105263157894737e-05,0.005567307692307692,advanced_high,,,1.0,-0.0,582
Oscillospiraceae bacterium NSJ 64,0.0008863414634146342,0.0015984223918575065,advanced_high,,,1.0,-0.0,583
GGB4769 SGB6602,0.0017470292887029287,0.008425308988764046,advanced_high,,,1.0,-0.0,584
Latilactobacillus sakei,7.327354260089686e-05,0.0005876100628930817,advanced_high,,,1.0,-0.0,585
GGB6612 SGB9346,0.05377052845528456,0.1839105089058524,advanced_high,,,1.0,-0.0,586
Oscillibacter sp NSJ 62,0.00027150406504065043,0.00040307888040712466,advanced_high,,,1.0,-0.0,587
GGB9818 SGB15459,0.004161910569105691,0.005999770992366412,advanced_high,,,1.0,-0.0,588
Streptococcus mutans,0.004459837398373984,0.013436335877862592,advanced_high,,,1.0,-0.0,589
Clostridia bacterium UC5 1 1E11,0.013225121951219512,0.020790190839694654,advanced_high,,,1.0,-0.0,590
Catenibacillus scindens,0.0011429268292682928,0.0010960305343511452,early_high,,,1.0,-0.0,591
Streptococcus constellatus,0.0037388617886178863,0.006340483460559797,advanced_high,,,1.0,-0.0,592
Candidatus Neoruminococcus faecicola,0.0004604932735426009,0.0005161006289308176,advanced_high,,,1.0,-0.0,593
Lacticaseibacillus paracasei,0.0048220325203252035,0.002883104325699746,early_high,,,1.0,-0.0,594
Anaerotruncus massiliensis,0.01459971544715447,0.036946386768447845,advanced_high,,,1.0,-0.0,595
Clostridia unclassified SGB6302,0.0031128508771929822,0.003064558404558405,early_high,,,1.0,-0.0,596
Pseudoflavonifractor capillosus,0.0017952439024390245,0.0017190076335877862,early_high,,,1.0,-0.0,597
Enterocloster lavalensis,0.013345487804878048,0.014860788804071249,advanced_high,,,1.0,-0.0,598
Mediterraneibacter massiliensis,0.001979959349593496,0.001423765903307888,early_high,,,1.0,-0.0,599
Olsenella sp oral taxon 807,0.00026418699186991874,0.00045933842239185755,advanced_high,,,1.0,-0.0,600
GGB9619 SGB15067,0.016045650406504065,0.015363282442748092,early_high,,,1.0,-0.0,601
Candidatus Allobutyricicoccus pentlandensis,0.0015659192825112109,0.0020661635220125788,advanced_high,,,1.0,-0.0,602
GGB9610 SGB15045,0.0015224796747967482,0.005153969465648855,advanced_high,,,1.0,-0.0,603
Olsenella phocaeensis,7.601626016260162e-05,0.0007106361323155216,advanced_high,,,1.0,-0.0,604
Massilimaliae massiliensis,0.0008169512195121951,0.0008884223918575064,advanced_high,,,1.0,-0.0,605
Actinomyces SGB17154,0.011316788617886177,0.00244323155216285,early_high,,,1.0,-0.0,606
Actinomyces naeslundii,0.0006746341463414634,7.012722646310433e-05,early_high,,,1.0,-0.0,607
GGB58158 SGB79798,0.0020141056910569105,0.0025321628498727734,advanced_high,,,1.0,-0.0,608
Candidatus Aristotella avistercoris,0.00040313901345291484,0.0006440880503144654,advanced_high,,,1.0,-0.0,609
Clostridiales bacterium Choco116,0.020034268292682927,0.03023346055979644,advanced_high,,,1.0,-0.0,610
Candidatus Pararuminococcus gallinarum,0.003437235772357723,0.006482213740458015,advanced_high,,,1.0,-0.0,611
GGB6606 SGB9340,0.06447467479674798,0.20498885496183206,advanced_high,,,1.0,-0.0,612
GGB9574 SGB14987,0.0009641056910569105,0.001832493638676845,advanced_high,,,1.0,-0.0,613
Raoultibacter massiliensis,0.0019707317073170733,0.0014097709923664122,early_high,,,1.0,-0.0,614
Candidatus Metaruminococcus caecorum,0.0014256910569105693,0.0012367938931297708,early_high,,,1.0,-0.0,615
Massilimaliae timonensis,0.002076463414634146,0.002559033078880407,advanced_high,,,1.0,-0.0,616
Bittarella massiliensis,0.0038546341463414633,0.0033051908396946566,early_high,,,1.0,-0.0,617
Lachnoclostridium sp An131,0.0012180894308943088,0.003646208651399491,advanced_high,,,1.0,-0.0,618
Corynebacterium durum,0.0007719918699186991,0.00022829516539440203,early_high,,,1.0,-0.0,619
Gordonibacter pamelaeae,0.0077026829268292685,0.007856284987277353,advanced_high,,,1.0,-0.0,620
Alloscardovia omnicolens,0.005012276422764227,0.0007568956743002546,early_high,,,1.0,-0.0,621
Actinomyces dentalis,0.00038772357723577234,0.00026625954198473284,early_high,,,1.0,-0.0,622
Actinomyces johnsonii,0.00015231707317073172,3.450381679389314e-05,early_high,,,1.0,-0.0,623
Harryflintia acetispora,0.0013263008130081303,0.0027024936386768447,advanced_high,,,1.0,-0.0,624
Lactonifactor sp BIOML A6,0.0015857317073170731,0.0022076335877862594,advanced_high,,,1.0,-0.0,625
Blautia hydrogenotrophica,0.010539105691056911,0.007936997455470739,early_high,,,1.0,-0.0,626
Clostridia bacterium 12CBH8,0.002636382113821138,0.0021682442748091604,early_high,,,1.0,-0.0,627
GGB2980 SGB3962,0.00492630081300813,0.009369770992366412,advanced_high,,,1.0,-0.0,628
Marvinbryantia SGB4691,5.5246636771300456e-05,0.004838647798742138,advanced_high,,,1.0,-0.0,629
Anaerotruncus rubiinfantis,0.0017578455284552844,0.0037069465648854965,advanced_high,,,1.0,-0.0,630
Clostridiales bacterium BX7,0.0002369512195121951,0.0003663104325699746,advanced_high,,,1.0,-0.0,631
GGB3385 SGB4471,0.0005783739837398375,0.00036854961832061067,early_high,,,1.0,-0.0,632
Porphyromonas bennonis,2.0526315789473685e-05,0.0002382,advanced_high,,,1.0,-0.0,633
Clostridiales bacterium UBA1390,0.004274634146341463,0.003476513994910942,early_high,,,1.0,-0.0,634
Flavonifractor sp An100,0.0002743495934959349,0.0004077862595419848,advanced_high,,,1.0,-0.0,635
Intestinibacillus massiliensis,0.00018475609756097563,0.00012755725190839696,early_high,,,1.0,-0.0,636
Streptococcus sinensis,0.00042711382113821137,0.00030931297709923665,early_high,,,1.0,-0.0,637
Gemella sanguinis,0.008331544715447154,0.0043169465648854955,early_high,,,1.0,-0.0,638
Actinomyces massiliensis,0.00016678861788617887,3.4605597964376594e-05,early_high,,,1.0,-0.0,639
Lachnospiraceae bacterium NSJ 38,3.345291479820628e-05,5.6729559748427674e-05,advanced_high,,,1.0,-0.0,640
Lancefieldella rimae,0.000996747967479675,0.0019503562340966922,advanced_high,,,1.0,-0.0,641
Fenollaria massiliensis,5.0609756097560974e-05,0.00015022900763358781,advanced_high,,,1.0,-0.0,642
Clostridium sp Marseille P3244,0.0010138211382113823,0.00295882951653944,advanced_high,,,1.0,-0.0,643
Massilioclostridium coli,0.005210447154471545,0.004782900763358779,early_high,,,1.0,-0.0,644
GGB51959 SGB72479,0.001964308943089431,0.0015776590330788805,early_high,,,1.0,-0.0,645
Candidatus Alloruminococcus vanvlietii,0.0002883333333333333,0.00032203562340966924,advanced_high,,,1.0,-0.0,646
GGB4456 SGB6141,0.009887357723577236,0.004728269720101781,early_high,,,1.0,-0.0,647
Olsenella uli,0.0003541869918699187,0.0006077608142493638,advanced_high,,,1.0,-0.0,648
Actinomyces israelii,2.254385964912281e-05,2.2250712250712252e-05,early_high,,,1.0,-0.0,649
Clostridiaceae bacterium NSJ 33,0.00012178861788617885,0.0002798727735368957,advanced_high,,,1.0,-0.0,650
GGB9694 SGB15203,0.040141097560975614,0.041747430025445294,advanced_high,,,1.0,-0.0,651
Anaerofustis stercorihominis,0.001848739837398374,0.0011267684478371502,early_high,,,1.0,-0.0,652
Eubacterium saphenum,0.0008271544715447155,0.0003278625954198473,early_high,,,1.0,-0.0,653
Lachnoclostridium sp An138,0.0023865447154471546,0.004993994910941476,advanced_high,,,1.0,-0.0,654
Christensenellaceae bacterium NSJ 53,0.00010044715447154471,0.0001653944020356234,advanced_high,,,1.0,-0.0,655
Anaerofilum sp BX8,0.0003423577235772358,0.0007014503816793894,advanced_high,,,1.0,-0.0,656
Eubacterium nodatum,0.0004848373983739838,0.00020432569974554706,early_high,,,1.0,-0.0,657
GGB1456 SGB2019,0.00010882113821138211,0.0003023409669211196,advanced_high,,,1.0,-0.0,658
Lacticaseibacillus rhamnosus,0.005371341463414635,0.004441628498727736,early_high,,,1.0,-0.0,659
Schaalia cardiffensis,0.0008219105691056911,0.0016394910941475826,advanced_high,,,1.0,-0.0,660
Peptidiphaga gingivicola,0.00014276422764227643,4.663742690058479e-05,early_high,,,1.0,-0.0,661
Corynebacterium matruchotii,6.4e-05,4.5454545454545455e-06,early_high,,,1.0,-0.0,662
Candidatus Alloscillospira gallinarum,0.0002396341463414634,0.0002863613231552163,advanced_high,,,1.0,-0.0,663
Clostridium ventriculi,0.00010593406593406593,0.0009398564593301436,advanced_high,,,1.0,-0.0,664
Lactobacillus johnsonii,0.0002817488789237668,0.00028305031446540876,advanced_high,,,1.0,-0.0,665
GGB9581 SGB79823,0.0035536991869918695,0.0018283969465648854,early_high,,,1.0,-0.0,666
Enterococcus avium,0.009922510460251045,0.0031187567567567565,early_high,,,1.0,-0.0,667
Lactonifactor longoviformis,0.00012546341463414633,0.00025022900763358775,advanced_high,,,1.0,-0.0,668
Anaerostipes caccae,0.015704024390243904,0.011881475826972009,early_high,,,1.0,-0.0,669
Pediococcus acidilactici,0.001292280701754386,9.495726495726496e-05,early_high,,,1.0,-0.0,670
Enterococcus dispar,0.005641711229946523,3.2366863905325445e-05,early_high,,,1.0,-0.0,671
Campylobacter concisus,0.005236910569105691,0.002269618320610687,early_high,,,1.0,-0.0,672
Enterococcus durans,0.0030667346938775507,0.00892356890459364,advanced_high,,,1.0,-0.0,673
Fusobacterium pseudoperiodonticum,0.010177154471544715,0.012139618320610685,advanced_high,,,1.0,-0.0,674
Pseudoramibacter alactolyticus,7.276422764227643e-06,0.0002497076023391813,advanced_high,,,1.0,-0.0,675
Eubacterium sp AF22 8LB,0.006421056910569105,0.042800127226463106,advanced_high,,,1.0,-0.0,676
Duodenibacillus massiliensis,0.006668796296296296,0.015751494661921706,advanced_high,,,1.0,-0.0,677
GGB1246 SGB1667,0.04050535714285714,0.001450691823899371,early_high,,,1.0,-0.0,678
Methanomassiliicoccaceae unclassified SGB380,0.0002250438596491228,0.0064144213649851645,advanced_high,,,1.0,-0.0,679
Prevotella copri clade C,0.7564359143968871,0.8896746537396122,advanced_high,,,1.0,-0.0,680
GGB9379 SGB14372,1.6176470588235295e-06,0.0035239766081871346,advanced_high,,,1.0,-0.0,681
Clostridium disporicum,0.07566418699186993,0.023805597964376587,early_high,,,1.0,-0.0,682
GGB18384 SGB72500,0.0014578536585365853,0.0018617938931297711,advanced_high,,,1.0,-0.0,683
GGB3478 SGB4643,0.019255355648535567,0.009804129213483146,early_high,,,1.0,-0.0,684
Klebsiella aerogenes,0.032868493723849375,0.10516440540540538,advanced_high,,,1.0,-0.0,685
Coriobacteriales unclassified SGB72475,0.001046829268292683,0.001446208651399491,advanced_high,,,1.0,-0.0,686
GGB3118 SGB4130,0.00154525641025641,0.004344272997032641,advanced_high,,,1.0,-0.0,687
GGB6132 SGB8779,0.0015575732217573222,0.007433511235955056,advanced_high,,,1.0,-0.0,688
Hafnia paralvei,0.0012469105691056911,0.0004889821882951654,early_high,,,1.0,-0.0,689
Lachnospiraceae unclassified SGB4924,0.006224615384615385,0.006259146341463414,advanced_high,,,1.0,-0.0,690
Holdemania filiformis,0.020129268292682925,0.026222519083969466,advanced_high,,,1.0,-0.0,691
GGB9787 SGB15410,0.0038289837398373986,0.0041997709923664115,advanced_high,,,1.0,-0.0,692
Candidatus Heteroscilispira lomanii,0.00012869955156950672,0.00024773584905660374,advanced_high,,,1.0,-0.0,693
Candidatus Heritagella intestinalis,0.00038780269058295966,0.001090251572327044,advanced_high,,,1.0,-0.0,694
Kytococcus sedentarius,0.0004005284552845528,0.0002296946564885496,early_high,,,1.0,-0.0,695
Leuconostoc pseudomesenteroides,0.000748061224489796,0.00021999999999999998,early_high,,,1.0,-0.0,696
Leuconostoc lactis,0.00046898373983739845,0.001616412213740458,advanced_high,,,1.0,-0.0,697
Candidatus Schneewindia gallinarum,0.00211760162601626,0.003230458015267176,advanced_high,,,1.0,-0.0,698
Leuconostoc carnosum,4.84959349593496e-05,7.916030534351144e-05,advanced_high,,,1.0,-0.0,699
Candidatus Nanogingivalis gingivitcus,3.004761904761905e-05,0.0001349830508474576,advanced_high,,,1.0,-0.0,700
Clostridium celatum,0.0018847560975609756,0.0009995419847328244,early_high,,,1.0,-0.0,701
GGB33432 SGB47280,0.009443048780487804,0.0034303816793893127,early_high,,,1.0,-0.0,702
Enterococcus casseliflavus,0.0016512451361867706,0.000443185595567867,early_high,,,1.0,-0.0,703
Anaeromassilibacillus sp An250,0.010232032520325203,0.0179547582697201,advanced_high,,,1.0,-0.0,704
Selenomonas noxia,0.000120995670995671,9.845394736842104e-05,early_high,,,1.0,-0.0,705
Oscillibacter sp PC13,0.0003854471544715447,0.000423206106870229,advanced_high,,,1.0,-0.0,706
Propionibacterium acidifaciens,0.000495609756097561,0.00027173027989821884,early_high,,,1.0,-0.0,707
Aggregatibacter aphrophilus,0.0004395528455284553,0.0009338888888888887,advanced_high,,,1.0,-0.0,708
Scardovia inopinata,7.804878048780489e-06,6.745547073791348e-05,advanced_high,,,1.0,-0.0,709
Streptococcus intermedius,0.0008422764227642276,0.002425318066157761,advanced_high,,,1.0,-0.0,710
Massilimicrobiota sp An134,0.00419109756097561,0.010188702290076337,advanced_high,,,1.0,-0.0,711
GGB58233 SGB79883,0.0015125609756097562,0.0016240203562340968,advanced_high,,,1.0,-0.0,712
Dielma fastidiosa,0.007866910569105691,0.00471175572519084,early_high,,,1.0,-0.0,713
GGB12785 SGB19823,0.0013829268292682927,0.0008687277353689568,early_high,,,1.0,-0.0,714
Lelliottia amnigena,4.2735042735042736e-07,4.409495548961424e-05,advanced_high,,,1.0,-0.0,715
Candidatus Allochristensenella caecavium,0.0015103658536585365,0.0018827735368956743,advanced_high,,,1.0,-0.0,716
Leuconostoc citreum,9.649122807017545e-06,0.00014666666666666666,advanced_high,,,1.0,-0.0,717
Actinomyces sp oral taxon 448,0.00043052845528455285,0.00019076335877862597,early_high,,,1.0,-0.0,718
Lactiplantibacillus plantarum,3.4308943089430894e-05,0.0019471755725190838,advanced_high,,,1.0,-0.0,719
Peptoniphilus coxii,1.0952380952380953e-05,5.084507042253521e-05,advanced_high,,,1.0,-0.0,720
Bacteroides ndongoniae,0.05781600896860987,0.009741835205992509,early_high,,,1.0,-0.0,721
GGB9694 SGB15204,0.0013211382113821135,0.0430444020356234,advanced_high,,,1.0,-0.0,722
GGB9176 SGB14114,0.01941349593495935,0.06428521628498726,advanced_high,,,1.0,-0.0,723
Alistipes dispar,0.035888617886178864,0.09056468193384225,advanced_high,,,1.0,-0.0,724
Pseudoflavonifractor SGB15156,0.010139471544715447,0.01770587786259542,advanced_high,,,1.0,-0.0,725
GGB4739 SGB6564,0.005524682926829268,0.013864503816793895,advanced_high,,,1.0,-0.0,726
GGB6601 SGB9333,0.03981695067264574,0.037913301886792455,early_high,,,1.0,-0.0,727
Lentisphaeria unclassified SGB9198,0.000293739837398374,0.0011908396946564885,advanced_high,,,1.0,-0.0,728
Parasutterella SGB9260,0.05177276422764228,0.08978269720101781,advanced_high,,,1.0,-0.0,729
GGB9623 SGB15076,0.007921178861788619,0.014789643765903306,advanced_high,,,1.0,-0.0,730
GGB9551 SGB14958,0.0019741255605381165,0.004897735849056604,advanced_high,,,1.0,-0.0,731
Bacilli unclassified SGB6502,0.023853290598290597,0.00897240356083086,early_high,,,1.0,-0.0,732
GGB3123 SGB4135,0.0009117488789237669,0.002480691823899371,advanced_high,,,1.0,-0.0,733
Flavonifractor sp An10,0.003173811659192825,0.008479937106918238,advanced_high,,,1.0,-0.0,734
GGB9694 SGB15207,0.0003485201793721973,0.0033763522012578615,advanced_high,,,1.0,-0.0,735
GGB9348 SGB14315,0.0024217488789237663,0.003769842767295597,advanced_high,,,1.0,-0.0,736
Coprobacillus cateniformis,0.010731463414634145,0.028474351145038167,advanced_high,,,1.0,-0.0,737
GGB9668 SGB15165,0.0003208292682926829,0.0019950763358778626,advanced_high,,,1.0,-0.0,738
Collinsella SGB14754,0.0006529674796747967,0.003957480916030535,advanced_high,,,1.0,-0.0,739
Candidatus Neoclostridium roslinense,0.0004377073170731707,0.0024077480916030536,advanced_high,,,1.0,-0.0,740
Candidatus Metalachnospira gallinarum,0.002755919282511211,0.003413522012578617,advanced_high,,,1.0,-0.0,741
Clostridia unclassified SGB66170,0.0028947967479674794,0.007749923664122138,advanced_high,,,1.0,-0.0,742
Clostridia unclassified SGB15402,0.0034000406504065034,0.00917323155216285,advanced_high,,,1.0,-0.0,743
Candidatus Borkfalkia ceftriaxoniphila,0.00408971544715447,0.0064163358778625956,advanced_high,,,1.0,-0.0,744
GGB52930 SGB73859,2.162280701754386e-05,0.00022720279720279718,advanced_high,,,1.0,-0.0,745
Massilistercora timonensis,0.0036270852017937214,0.013662232704402517,advanced_high,,,1.0,-0.0,746
Clostridia unclassified SGB6344,1.6829268292682925e-05,0.0006865903307888041,advanced_high,,,1.0,-0.0,747
Slackia piriformis,0.002443414634146342,0.003501068702290076,advanced_high,,,1.0,-0.0,748
Candidatus Cryptoclostridium obscurum,0.0005345121951219512,0.0029157760814249364,advanced_high,,,1.0,-0.0,749
Candidatus Howiella intestinavium,4.9910313901345294e-05,0.0002946816479400749,advanced_high,,,1.0,-0.0,750
Candidatus Heteroclostridium caecigallinarum,5.4268292682926834e-05,0.0021604071246819337,advanced_high,,,1.0,-0.0,751
GGB9494 SGB14891,0.003302439024390244,0.010608142493638678,advanced_high,,,1.0,-0.0,752
GGB3537 SGB4727,0.017099775784753364,0.013499811320754717,early_high,,,1.0,-0.0,753
Candidatus Pseudoscilispira falkowii,0.0,0.000264618320610687,advanced_high,,,1.0,-0.0,754
Enorma massiliensis,0.006723373983739837,0.013901501272264628,advanced_high,,,1.0,-0.0,755
Collinsella massiliensis,0.0003484878048780488,0.0004912213740458014,advanced_high,,,1.0,-0.0,756
GGB38987 SGB63305,0.00020632286995515692,0.0018325471698113207,advanced_high,,,1.0,-0.0,757
Phocea massiliensis,0.012758455284552847,0.01055709923664122,early_high,,,1.0,-0.0,758
GGB45495 SGB63167,0.0015567713004484307,0.005834811320754717,advanced_high,,,1.0,-0.0,759
GGB3677 SGB4990,0.0021427354260089683,0.004262955974842767,advanced_high,,,1.0,-0.0,760
GGB42389 SGB59559,0.000898739837398374,0.002420534351145038,advanced_high,,,1.0,-0.0,761
Candidatus Pseudobutyricicoccus lothianensis,0.005630487804878049,0.005877201017811704,advanced_high,,,1.0,-0.0,762
GGB9350 SGB14317,0.004900365853658537,0.038747124681933844,advanced_high,,,1.0,-0.0,763
Bacilli unclassified SGB6571,0.012628699186991868,0.04472394402035623,advanced_high,,,1.0,-0.0,764
Clostridium sp AT4,0.23079686991869922,0.21298160305343514,early_high,,,1.0,-0.0,765
Traorella massiliensis,3.516260162601626e-05,0.002101145038167939,advanced_high,,,1.0,-0.0,766
Lachnoclostridium sp An118,0.0008278455284552845,0.0018950381679389314,advanced_high,,,1.0,-0.0,767
GGB3510 SGB4687,0.0028050406504065042,0.002582671755725191,early_high,,,1.0,-0.0,768
GGB48169 SGB66172,3.4529147982062785e-06,0.00016811320754716978,advanced_high,,,1.0,-0.0,769
Pseudoflavonifractor sp AF19 9AC,0.004998252032520326,0.0018245547073791348,early_high,,,1.0,-0.0,770
Mediterraneibacter glycyrrhizinilyticus,0.04213280487804878,0.03836544529262086,early_high,,,1.0,-0.0,771
GGB45461 SGB63131,0.0,0.0001293650793650794,advanced_high,,,1.0,-0.0,772
Agathobaculum sp Marseille P7918,6.898373983739839e-05,0.0011871501272264632,advanced_high,,,1.0,-0.0,773
GGB9695 SGB15210,0.005854572649572649,0.015177151335311573,advanced_high,,,1.0,-0.0,774
GGB45537 SGB63217,0.0011552682926829268,0.0008168702290076336,early_high,,,1.0,-0.0,775
GGB9582 SGB15000,6.977578475336322e-05,0.0004178930817610063,advanced_high,,,1.0,-0.0,776
Intestinimonas timonensis,0.003135325203252033,0.0024688040712468194,early_high,,,1.0,-0.0,777
GGB3433 SGB4573,0.028220528455284555,0.019773969465648855,early_high,,,1.0,-0.0,778
GGB6561 SGB9269,0.004590087719298246,0.016731216617210682,advanced_high,,,1.0,-0.0,779
GGB8965 SGB13825,0.0008503658536585366,0.0019841475826972007,advanced_high,,,1.0,-0.0,780
Eggerthellaceae unclassified SGB14332,0.0008814634146341463,0.0006906870229007634,early_high,,,1.0,-0.0,781
Blautia caecimuris,0.1166309756097561,0.08020905852417302,early_high,,,1.0,-0.0,782
Finegoldia magna,7.296747967479674e-05,0.0004964376590330788,advanced_high,,,1.0,-0.0,783
Gordonibacter urolithinfaciens,0.003762926829268293,0.007847379134860052,advanced_high,,,1.0,-0.0,784
Levyella massiliensis,8.668161434977578e-05,4.647798742138365e-05,early_high,,,1.0,-0.0,785
Peptoniphilus harei,0.0005870731707317073,0.0032774300254452926,advanced_high,,,1.0,-0.0,786
Pseudoflavonifractor sp Marseille P3106,2.613821138211382e-05,0.0007200763358778627,advanced_high,,,1.0,-0.0,787
Prevotella disiens,9.861788617886179e-05,0.0010255216284987278,advanced_high,,,1.0,-0.0,788
GGB55957 SGB77276,0.003381138211382114,0.0020623155216284985,early_high,,,1.0,-0.0,789
Lawsonella clevelandensis,0.00014597402597402599,0.000757467105263158,advanced_high,,,1.0,-0.0,790
Neobittarella massiliensis,0.0011774390243902437,0.001243765903307888,advanced_high,,,1.0,-0.0,791
Porphyromonas somerae,0.0018782926829268292,0.041233715012722646,advanced_high,,,1.0,-0.0,792
Coprococcus SGB5116,0.004029816513761468,0.00016221854304635764,early_high,,,1.0,-0.0,793
Coprococcus sp AF21 14LB,5.605691056910569e-05,0.0010667430025445292,advanced_high,,,1.0,-0.0,794
GGB32463 SGB47515,0.024501666666666665,0.016111908396946564,early_high,,,1.0,-0.0,795
Clostridia unclassified SGB6369,0.006808008130081302,0.002860966921119593,early_high,,,1.0,-0.0,796
Parolsenella catena,0.011344102564102563,0.004025637982195845,early_high,,,1.0,-0.0,797
Anaerotignum lactatifermentans,0.05868308943089431,0.0748893893129771,advanced_high,,,1.0,-0.0,798
Propionibacterium freudenreichii,0.0036038596491228068,0.0021081578947368426,early_high,,,1.0,-0.0,799
GGB9580 SGB14998,0.004076188340807175,0.0004461320754716981,early_high,,,1.0,-0.0,800
GGB9620 SGB15068,0.0011700406504065043,0.009332849872773536,advanced_high,,,1.0,-0.0,801
Candidatus Avimonas narfia,0.002818455284552846,0.006023435114503817,advanced_high,,,1.0,-0.0,802
Fournierella massiliensis,0.002110284552845529,0.00486381679389313,advanced_high,,,1.0,-0.0,803
Clostridiales unclassified SGB15148,0.014668861788617888,0.009578801169590643,early_high,,,1.0,-0.0,804
Raoultella ornithinolytica,0.18194853658536583,0.04123740458015267,early_high,,,1.0,-0.0,805
Prevotella marseillensis,0.16491829268292682,0.20204778625954198,advanced_high,,,1.0,-0.0,806
Lachnoclostridium sp An14,0.0003503414634146342,0.004745305343511451,advanced_high,,,1.0,-0.0,807
Leuconostoc mesenteroides,0.0005915447154471544,0.001058676844783715,advanced_high,,,1.0,-0.0,808
Aggregatibacter segnis,0.003220487804878049,0.0019102035623409668,early_high,,,1.0,-0.0,809
Prevotella hominis,0.11971513618677043,0.2741364819944599,advanced_high,,,1.0,-0.0,810
Prevotella lascolaii,0.017058821138211385,0.028071857506361323,advanced_high,,,1.0,-0.0,811
Sutterella sp AM11 39,0.05988284552845528,0.08080394402035623,advanced_high,,,1.0,-0.0,812
GGB3632 SGB4921,0.010887682926829269,0.026404096692111956,advanced_high,,,1.0,-0.0,813
GGB9623 SGB15075,0.0017719512195121952,0.0023668193384223917,advanced_high,,,1.0,-0.0,814
GGB3185 SGB4208,0.0,0.001514033898305085,advanced_high,,,1.0,-0.0,815
Clostridiales Family XIII bacterium RF 744 FAT WT 3,0.001914979079497908,0.002498651685393259,advanced_high,,,1.0,-0.0,816
Methanosphaera stadtmanae,0.0027804065040650406,0.0010791857506361323,early_high,,,1.0,-0.0,817
GGB4751 SGB6580,0.006354705882352941,0.004437750000000001,early_high,,,1.0,-0.0,818
GGB1689 SGB2321,0.0030884552845528456,0.011665139949109414,advanced_high,,,1.0,-0.0,819
Clostridia unclassified SGB13972,0.01244389121338912,0.06333179775280899,advanced_high,,,1.0,-0.0,820
GGB9288 SGB14243,0.005466569037656904,0.008386488764044945,advanced_high,,,1.0,-0.0,821
GGB4671 SGB6460,0.001634351851851852,0.012263186440677965,advanced_high,,,1.0,-0.0,822
GGB9284 SGB14237,0.004337798165137615,0.017450637450199202,advanced_high,,,1.0,-0.0,823
Erysipelatoclostridium sp An15,0.004509372197309417,0.00017475655430711614,early_high,,,1.0,-0.0,824
GGB51960 SGB72480,0.0010332926829268293,0.0011177608142493639,advanced_high,,,1.0,-0.0,825
GGB9621 SGB15072,0.0018600813008130082,0.006752264631043257,advanced_high,,,1.0,-0.0,826
Faecalitalea cylindroides,0.011614430894308945,0.08423307888040713,advanced_high,,,1.0,-0.0,827
Lacrimispora saccharolytica,0.012147357723577237,0.027607989821882954,advanced_high,,,1.0,-0.0,828
Lachnoclostridium phocaeense,0.003035406504065041,0.004657888040712469,advanced_high,,,1.0,-0.0,829
Sanguibacteroides justesenii,0.0017171544715447154,0.0020400763358778625,advanced_high,,,1.0,-0.0,830
GGB45599 SGB63311,3.9918699186991866e-05,0.0003900508905852417,advanced_high,,,1.0,-0.0,831
GGB35551 SGB53794,0.00020878048780487802,0.003427150127226463,advanced_high,,,1.0,-0.0,832
Muribaculum gordoncarteri,0.02176912280701755,0.000761965811965812,early_high,,,1.0,-0.0,833
Massilimicrobiota timonensis,0.0027709349593495938,0.0064405089058524176,advanced_high,,,1.0,-0.0,834
GGB9622 SGB15074,0.00013073170731707316,0.0019717557251908396,advanced_high,,,1.0,-0.0,835
Rhodobacteraceae unclassified SGB53807,0.0015433333333333334,0.0015868447837150124,advanced_high,,,1.0,-0.0,836
GGB3532 SGB4720,0.0018420179372197311,0.0046920125786163525,advanced_high,,,1.0,-0.0,837
Christensenellaceae bacterium NSJ 44,0.0006047560975609757,0.001033944020356234,advanced_high,,,1.0,-0.0,838
Angelakisella massiliensis,0.0009914634146341464,0.001484325699745547,advanced_high,,,1.0,-0.0,839
GGB9636 SGB15109,0.03951828451882846,0.009790814606741574,early_high,,,1.0,-0.0,840
Candidatus Pseudoruminococcus merdavium,0.0007118385650224214,0.0008261635220125787,advanced_high,,,1.0,-0.0,841
GGB9583 SGB15004,0.0002949268292682927,0.005863091603053435,advanced_high,,,1.0,-0.0,842
Candidatus Geddesella stercoravicola,0.0014984959349593496,0.0024101017811704838,advanced_high,,,1.0,-0.0,843
Candidatus Pseudolachnospira avium,0.00023605381165919283,0.0004661006289308177,advanced_high,,,1.0,-0.0,844
Clostridiales bacterium 1 7 47FAA,0.0015429268292682927,0.00503264631043257,advanced_high,,,1.0,-0.0,845
Staphylococcus aureus,0.0007160952380952381,8.061016949152542e-05,early_high,,,1.0,-0.0,846
Christensenella timonensis,0.00011146341463414634,0.0003285496183206107,advanced_high,,,1.0,-0.0,847
Citrobacter werkmanii,0.0007619246861924687,0.0003580810810810811,early_high,,,1.0,-0.0,848
Raoultibacter timonensis,0.0024191869918699185,0.002955038167938931,advanced_high,,,1.0,-0.0,849
Clostridia unclassified SGB4447,0.09495983739837399,0.0889041475826972,early_high,,,1.0,-0.0,850
Eubacteriaceae bacterium CHKCI004,0.0007239024390243903,0.0009610687022900764,advanced_high,,,1.0,-0.0,851
Gordonibacter sp An232A,0.0037540789473684212,0.0013098219584569732,early_high,,,1.0,-0.0,852
Blautia hansenii,0.07312280487804879,0.04933015267175572,early_high,,,1.0,-0.0,853
GGB51510 SGB71883,0.0030846747967479674,0.002281323155216285,early_high,,,1.0,-0.0,854
Clostridium sp WCA 389 WT 23D1,0.0003135964912280701,0.0002044807121661721,early_high,,,1.0,-0.0,855
Lactobacillus timonensis,5.222222222222222e-05,0.00023942622950819673,advanced_high,,,1.0,-0.0,856
GGB3424 SGB4551,0.0021679674796747967,0.004051806615776082,advanced_high,,,1.0,-0.0,857
Clostridium methylpentosum,0.0007158130081300813,0.0010681679389312976,advanced_high,,,1.0,-0.0,858
Clostridia unclassified SGB4317,0.012764605263157895,0.006244569732937685,early_high,,,1.0,-0.0,859
Limosilactobacillus oris,0.0015958577405857741,0.00011193820224719102,early_high,,,1.0,-0.0,860
Candidatus Timburyella stercoris,4.317073170731707e-05,0.000349440203562341,advanced_high,,,1.0,-0.0,861
Anaeroglobus geminatus,0.0019312601626016264,0.0240886513994911,advanced_high,,,1.0,-0.0,862
Parascardovia denticolens,0.00041757847533632287,0.001186006289308176,advanced_high,,,1.0,-0.0,863
Bifidobacterium animalis,0.016144349593495935,0.0036218713450292396,early_high,,,1.0,-0.0,864
Massilicoli timonensis,0.0005311788617886179,0.005453816793893129,advanced_high,,,1.0,-0.0,865
GGB9580 SGB14996,0.0012961883408071748,0.000635817610062893,early_high,,,1.0,-0.0,866
Dorea phocaeensis,0.0025810313901345294,0.00945547169811321,advanced_high,,,1.0,-0.0,867
Erysipelotrichaceae bacterium 3 1 53,0.0020687398373983737,0.007643384223918575,advanced_high,,,1.0,-0.0,868
Leptotrichia wadei,0.00014947154471544718,0.0006400254452926208,advanced_high,,,1.0,-0.0,869
Pauljensenia hongkongensis,0.00033028455284552844,0.00012371345029239767,early_high,,,1.0,-0.0,870
Oribacterium sinus,0.0018138211382113822,0.0005972264631043257,early_high,,,1.0,-0.0,871
Acholeplasmatales unclassified SGB6584,0.04633137614678899,0.022462615894039736,early_high,,,1.0,-0.0,872
GGB1681 SGB2313,0.13518170731707316,0.15550297709923663,advanced_high,,,1.0,-0.0,873
GGB1662 SGB2276,0.004239065040650407,0.006802697201017812,advanced_high,,,1.0,-0.0,874
Clostridiales bacterium Marseille P5551,0.00010101626016260162,0.00011989821882951654,advanced_high,,,1.0,-0.0,875
Corynebacterium argentoratense,0.0015728015564202334,0.0016308864265927978,advanced_high,,,1.0,-0.0,876
Neglecta timonensis,0.005041016260162601,0.006102824427480915,advanced_high,,,1.0,-0.0,877
Clostridiales bacterium Marseille P2846,2.373983739837398e-05,0.0006681679389312977,advanced_high,,,1.0,-0.0,878
GGB9532 SGB14933,0.00016760162601626018,0.0010052162849872774,advanced_high,,,1.0,-0.0,879
GGB9694 SGB15202,0.0026065853658536584,0.006798218829516538,advanced_high,,,1.0,-0.0,880
Bacilliculturomica massiliensis,3.224215246636771e-05,0.00012915094339622642,advanced_high,,,1.0,-0.0,881
Prevotella buccalis,0.0002224390243902439,0.0012355725190839695,advanced_high,,,1.0,-0.0,882
Cloacibacillus evryensis,0.003660284552845528,0.017732162849872776,advanced_high,,,1.0,-0.0,883
Ezakiella coagulans,0.00013219730941704035,0.00019101123595505616,advanced_high,,,1.0,-0.0,884
Olsenella profusa,4.321951219512195e-05,0.0002684888888888889,advanced_high,,,1.0,-0.0,885
Olsenella timonensis,0.0010927235772357723,0.005022798982188295,advanced_high,,,1.0,-0.0,886
Christensenella sp Marseille P3954,0.00012708520179372198,0.0002504402515723271,advanced_high,,,1.0,-0.0,887
GGB3236 SGB4274,0.007318611111111111,0.01030120996441281,advanced_high,,,1.0,-0.0,888
GGB3887 SGB5270,0.0012384959349593496,0.00018455470737913486,early_high,,,1.0,-0.0,889
Eubacterium brachy,0.00385760162601626,0.0013141221374045804,early_high,,,1.0,-0.0,890
Oribacterium sp oral taxon 078,1.3008130081300815e-06,9.862595419847327e-05,advanced_high,,,1.0,-0.0,891
Cryptobacterium curtum,0.0004543902439024391,4.407124681933843e-05,early_high,,,1.0,-0.0,892
Actinomyces sp oral taxon 897,7.539473684210527e-05,1.9133333333333335e-05,early_high,,,1.0,-0.0,893
Selenomonas sputigena,0.0006469512195121951,0.0037877608142493635,advanced_high,,,1.0,-0.0,894
GGB12790 SGB19844,0.0003236585365853658,0.0003424936386768448,advanced_high,,,1.0,-0.0,895
Bulleidia extructa,0.0006863008130081302,0.00039478371501272265,early_high,,,1.0,-0.0,896
Candidatus Nanoperiomorbus periodonticus,0.00032540650406504066,0.00027511450381679386,early_high,,,1.0,-0.0,897
GGB12761 SGB19791,2.807017543859649e-06,2.1666666666666665e-06,early_high,,,1.0,-0.0,898
Candidatus Nanosynbacter lyticus,8.239837398373984e-05,0.00019633587786259542,advanced_high,,,1.0,-0.0,899
Shuttleworthia satelles,0.0008372803347280335,0.00013243243243243243,early_high,,,1.0,-0.0,900
Eggerthia catenaformis,9.272357723577238e-05,0.00021801526717557252,advanced_high,,,1.0,-0.0,901
GGB4533 SGB6246,5.548780487804878e-05,4.2163742690058476e-05,early_high,,,1.0,-0.0,902
Fretibacterium fastidiosum,1.4146341463414632e-05,0.000530178117048346,advanced_high,,,1.0,-0.0,903
Monoglobus pectinilyticus,0.016956626016260162,0.027553206106870228,advanced_high,,,1.0,-0.0,904
GGB9104 SGB14037,0.00035247967479674794,0.000909033078880407,advanced_high,,,1.0,-0.0,905
GGB5980 SGB8599,0.0028922764227642278,0.004495826972010178,advanced_high,,,1.0,-0.0,906
Succinatimonas hippei,0.004043983739837399,0.004461730279898219,advanced_high,,,1.0,-0.0,907
GGB9695 SGB15209,0.0001441869918699187,0.003463155216284987,advanced_high,,,1.0,-0.0,908
Candidatus Gallimonas faecium,0.00019619512195121955,0.00029576335877862594,advanced_high,,,1.0,-0.0,909
Ruminococcus sp AF41 9,0.006558495934959349,0.004520483460559796,early_high,,,1.0,-0.0,910
Candidatus Metaruminococcus gallistercoris,0.0002484304932735426,0.004265377358490566,advanced_high,,,1.0,-0.0,911
Candidatus Avispirillum faecium,0.00013085201793721973,0.0006804088050314465,advanced_high,,,1.0,-0.0,912
Candidatus Heteroruminococcus faecigallinarum,0.00036327354260089683,0.00036069182389937104,early_high,,,1.0,-0.0,913
Haemophilus pittmaniae,0.00015905982905982903,0.0010837685459940652,advanced_high,,,1.0,-0.0,914
GGB3678 SGB4991,0.0015032286995515693,0.001717264150943396,advanced_high,,,1.0,-0.0,915
Peptoniphilus grossensis,5.317073170731706e-06,0.0002055725190839695,advanced_high,,,1.0,-0.0,916
Candidatus Flemingibacterium merdigallinarum,1.4634146341463415e-05,0.00010755725190839695,advanced_high,,,1.0,-0.0,917
Candidatus Paralachnospira caecorum,0.00027101626016260165,0.0004803053435114505,advanced_high,,,1.0,-0.0,918
GGB9523 SGB14922,0.004125650406504065,0.014161908396946567,advanced_high,,,1.0,-0.0,919
Drancourtella sp An57,0.0038578455284552847,0.001571704834605598,early_high,,,1.0,-0.0,920
Eubacterium sp An11,0.0010643315508021389,0.0007104142011834319,early_high,,,1.0,-0.0,921
GGB3343 SGB4423,0.011094349593495936,0.019491297709923666,advanced_high,,,1.0,-0.0,922
Candidatus Woodwardibium gallinarum,0.003854663677130045,0.00696625786163522,advanced_high,,,1.0,-0.0,923
Rikenellaceae bacterium DSM 108975,0.0012722764227642278,0.0008520101781170484,early_high,,,1.0,-0.0,924
Enteroscipio rubneri,0.0010002690582959642,0.004374339622641509,advanced_high,,,1.0,-0.0,925
Candidatus Alangreenwoodia gallinarii,0.001082062780269058,0.0009082389937106919,early_high,,,1.0,-0.0,926
Blautia sp An81,0.0006376681614349776,0.0013201498127340824,advanced_high,,,1.0,-0.0,927
GGB9454 SGB14846,0.0012541255605381164,0.024348176100628928,advanced_high,,,1.0,-0.0,928
Lachnoclostridium SGB4598,0.005744708520179372,0.005009842767295598,early_high,,,1.0,-0.0,929
GGB3583 SGB4799,0.00048744394618834084,0.005622097378277153,advanced_high,,,1.0,-0.0,930
Eubacterium sp ER2,0.0007293170731707316,0.0007981297709923664,advanced_high,,,1.0,-0.0,931
Methanomassiliicoccales archaeon,0.0011781171548117158,0.01487376404494382,advanced_high,,,1.0,-0.0,932
GGB4266 SGB5809,0.08621294871794871,0.16455958456973294,advanced_high,,,1.0,-0.0,933
GGB9687 SGB15191,0.004876788990825688,0.010814701986754967,advanced_high,,,1.0,-0.0,934
GGB9636 SGB15108,0.010330441176470589,0.017393450292397663,advanced_high,,,1.0,-0.0,935
Bacteroides faecalis,0.00033243902439024386,0.0008017811704834606,advanced_high,,,1.0,-0.0,936
GGB9635 SGB15104,2.110091743119266e-06,0.0003028807947019867,advanced_high,,,1.0,-0.0,937
Clostridiales Family XIII bacterium WCA MUC 591 APC 4B,0.016836747967479675,0.016078371501272264,early_high,,,1.0,-0.0,938
GGB9434 SGB14812,0.0001371951219512195,0.0014406106870229007,advanced_high,,,1.0,-0.0,939
GGB9608 SGB15042,0.002386219512195122,0.0021472264631043256,early_high,,,1.0,-0.0,940
GGB9361 SGB14336,0.0010059641255605383,0.02076132075471698,advanced_high,,,1.0,-0.0,941
GGB9677 SGB15179,0.0009283760683760683,0.04762893175074184,advanced_high,,,1.0,-0.0,942
GGB9730 SGB15290,0.0021836178861788613,0.0033034605597964378,advanced_high,,,1.0,-0.0,943
GGB3474 SGB4637,0.0005013235294117648,0.0009651461988304093,advanced_high,,,1.0,-0.0,944
GGB6565 SGB9274,0.006598589743589744,0.011328813056379823,advanced_high,,,1.0,-0.0,945
GGB9635 SGB15100,0.0119,0.002606023391812866,early_high,,,1.0,-0.0,946
GGB3528 SGB4713,0.0005582926829268292,0.0023103307888040713,advanced_high,,,1.0,-0.0,947
GGB3643 SGB4948,0.0009673640167364017,0.0012075561797752809,advanced_high,,,1.0,-0.0,948
GGB9209 SGB14148,0.00039013452914798204,0.0010442138364779876,advanced_high,,,1.0,-0.0,949
GGB1215 SGB1581,0.00011399122807017543,0.010676083086053412,advanced_high,,,1.0,-0.0,950
Eubacterium maltosivorans,0.00045829596412556053,0.005869213836477987,advanced_high,,,1.0,-0.0,951
GGB42711 SGB59916,0.0002480701754385965,0.0007090131578947369,advanced_high,,,1.0,-0.0,952
Porphyromonas SGB1977,0.012652804878048776,0.03485284987277354,advanced_high,,,1.0,-0.0,953
Lachnospiraceae bacterium NSJ 46,0.0018916260162601625,0.001959923664122137,advanced_high,,,1.0,-0.0,954
Peptococcus niger,7.757847533632287e-06,0.001578052434456929,advanced_high,,,1.0,-0.0,955
GGB9729 SGB15288,0.00025674418604651163,0.0004608370044052864,advanced_high,,,1.0,-0.0,956
Eggerthella sp YY7918,2.4292682926829268e-05,0.00035263358778625953,advanced_high,,,1.0,-0.0,957
Emergencia timonensis,0.004572073170731708,0.00793468193384224,advanced_high,,,1.0,-0.0,958
GGB4482 SGB6176,0.00987089430894309,0.0003757760814249364,early_high,,,1.0,-0.0,959
Clostridiales bacterium CHKCI006,8.329268292682927e-05,0.00013173027989821885,advanced_high,,,1.0,-0.0,960
GGB1538 SGB2121,0.009134878048780489,0.030641501272264633,advanced_high,,,1.0,-0.0,961
GGB9101 SGB14033,0.00025605691056910563,0.0006484478371501272,advanced_high,,,1.0,-0.0,962
Cloacibacillus porcorum,0.0050804065040650406,0.023243180661577607,advanced_high,,,1.0,-0.0,963
Clostridia unclassified SGB71281,0.0004680894308943089,0.0014417302798982188,advanced_high,,,1.0,-0.0,964
GGB9452 SGB14843,0.0003422764227642276,0.002224325699745547,advanced_high,,,1.0,-0.0,965
Lachnoclostridium edouardi,0.0053640243902439025,0.0030608905852417298,early_high,,,1.0,-0.0,966
Slackia SGB14778,0.0004676016260162602,0.0005043002544529261,advanced_high,,,1.0,-0.0,967
Ruminococcus gauvreauii,5.800813008130081e-05,0.00045949109414758266,advanced_high,,,1.0,-0.0,968
Eisenbergiella sp OF01 20,0.001136341463414634,0.004187888040712469,advanced_high,,,1.0,-0.0,969
Extibacter muris,0.00036113821138211385,0.0001351653944020356,early_high,,,1.0,-0.0,970
Oscillibacter ruminantium,0.00022,0.0015202544529262087,advanced_high,,,1.0,-0.0,971
GGB42689 SGB59892,4.757847533632288e-05,0.0002482704402515723,advanced_high,,,1.0,-0.0,972
GGB26772 SGB38957,0.0,0.0001113157894736842,advanced_high,,,1.0,-0.0,973
Clostridium sp chh4 2,0.0002086991869918699,0.00034445292620865136,advanced_high,,,1.0,-0.0,974
GGB1235 SGB1614,0.03326377431906615,0.118402243767313,advanced_high,,,1.0,-0.0,975
GGB9530 SGB14930,0.00041967479674796755,0.0030021628498727738,advanced_high,,,1.0,-0.0,976
Parvimonas sp oral taxon 393,0.0023959649122807015,0.002381994301994302,early_high,,,1.0,-0.0,977
Clostridium paraputrificum,0.007825650406504065,0.005581577608142493,early_high,,,1.0,-0.0,978
Anaeromassilibacillus sp An172,0.0,0.0011419083969465649,advanced_high,,,1.0,-0.0,979
GGB4482 SGB6177,0.004123536585365854,0.0023360050890585244,early_high,,,1.0,-0.0,980
Lachnospiraceae bacterium oral taxon 096,0.0009977642276422765,0.0004572519083969466,early_high,,,1.0,-0.0,981
Lachnoanaerobaculum orale,0.0011039837398373986,0.0007516030534351144,early_high,,,1.0,-0.0,982
Terrisporobacter othiniensis,3.863414634146341e-05,3.996376811594203e-05,advanced_high,,,1.0,-0.0,983
Saccharomyces cerevisiae,0.00026520325203252033,0.0002160559796437659,early_high,,,1.0,-0.0,984
Oribacterium asaccharolyticum,0.0002504329004329004,0.0003025352112676056,advanced_high,,,1.0,-0.0,985
Clostridium butyricum,0.001972543859649123,0.0034524501424501425,advanced_high,,,1.0,-0.0,986
Parvimonas SGB6649,0.0011982113821138213,0.001039796437659033,early_high,,,1.0,-0.0,987
Stomatobaculum longum,0.001824959349593496,0.0003099745547073791,early_high,,,1.0,-0.0,988
Stomatobaculum SGB5266,0.0008969512195121952,0.0006115267175572518,early_high,,,1.0,-0.0,989
Akkermansia sp KLE1605,0.005803991031390134,0.07629591194968553,advanced_high,,,1.0,-0.0,990
Faecalibacillus faecis,0.1016420731707317,0.041857302798982185,early_high,,,1.0,-0.0,991
Fusobacterium ulcerans,0.03920121951219512,0.008676106870229006,early_high,,,1.0,-0.0,992
Lactobacillus amylovorus,0.007940972762645913,0.013392049861495845,advanced_high,,,1.0,-0.0,993
Candidatus Heritagella gallinarum,0.00027280701754385967,0.0008045697329376855,advanced_high,,,1.0,-0.0,994
Pseudoflavonifractor sp An176,0.0003114798206278027,0.00132811320754717,advanced_high,,,1.0,-0.0,995
Robinsoniella peoriensis,2.2333333333333332e-05,0.00011741803278688523,advanced_high,,,1.0,-0.0,996
Pygmaiobacter massiliensis,0.0,0.004571466666666666,advanced_high,,,1.0,-0.0,997
GGB4491 SGB6188,0.000371260162601626,0.004191043256997455,advanced_high,,,1.0,-0.0,998
GGB3569 SGB4776,0.0003943497757847534,0.0010181132075471697,advanced_high,,,1.0,-0.0,999
Candidatus Pseudoscilispira faecavium,0.0005697154471544715,0.0005622137404580153,early_high,,,1.0,-0.0,1000
Clostridia unclassified SGB14024,0.0002927941176470588,0.00022660818713450293,early_high,,,1.0,-0.0,1001
Blautia sp An249,0.0007471300448430495,0.0004905345911949686,early_high,,,1.0,-0.0,1002
GGB45540 SGB63220,0.00017780269058295962,0.0005885220125786163,advanced_high,,,1.0,-0.0,1003
Actinomyces gerencseriae,0.00013419512195121953,2.0217391304347824e-05,early_high,,,1.0,-0.0,1004
Akkermansia sp BIOML A40,0.00522180487804878,0.05182465648854962,advanced_high,,,1.0,-0.0,1005
Clostridiales unclassified SGB15150,0.0036592682926829267,0.009516335877862594,advanced_high,,,1.0,-0.0,1006
Streptococcus sobrinus,0.0033863821138211386,0.00244529262086514,early_high,,,1.0,-0.0,1007
GGB9768 SGB15386,6.933333333333333e-05,0.002852259615384615,advanced_high,,,1.0,-0.0,1008
Intestinibacillus sp Marseille P6563,0.0009503658536585365,0.0007955725190839694,early_high,,,1.0,-0.0,1009
Citrobacter koseri,0.0011410185185185186,0.004657796610169492,advanced_high,,,1.0,-0.0,1010
Lactobacillus acidophilus,0.0002269298245614035,0.0024955944055944056,advanced_high,,,1.0,-0.0,1011
GGB6007 SGB8634,0.0003308780487804878,0.0089443893129771,advanced_high,,,1.0,-0.0,1012
GGB36331 SGB53806,0.00030621951219512197,0.003338193384223919,advanced_high,,,1.0,-0.0,1013
GGB36472 SGB47660,5.076190476190476e-05,3.5999999999999994e-05,early_high,,,1.0,-0.0,1014
Blautia hominis,0.0006087398373983739,0.0008858269720101781,advanced_high,,,1.0,-0.0,1015
Butyricimonas SGB1783,0.00748109649122807,0.0010130563798219586,early_high,,,1.0,-0.0,1016
Clostridiales Family XIII Incertae Sedis unclassified SGB3978,0.002909756097560976,0.011020025445292621,advanced_high,,,1.0,-0.0,1017
Candidatus Neoanaerotignum tabaqchaliae,0.0001611842105263158,0.00042741839762611275,advanced_high,,,1.0,-0.0,1018
Varibaculum SGB15480,0.006203464912280702,0.00026192878338278933,early_high,,,1.0,-0.0,1019
Microbacterium SGB53518,0.00012069105691056911,0.000313587786259542,advanced_high,,,1.0,-0.0,1020
Oscillibacter SGB15077,0.003910493273542601,0.002988616352201258,early_high,,,1.0,-0.0,1021
GGB45620 SGB63333,0.0007171748878923767,0.001110566037735849,advanced_high,,,1.0,-0.0,1022
Enterococcus hirae,6.0975609756097564e-06,0.0015712213740458017,advanced_high,,,1.0,-0.0,1023
Pediococcus pentosaceus,0.0001710204081632653,6.720848056537104e-05,early_high,,,1.0,-0.0,1024
Subdoligranulum SGB15305,0.001515081300813008,0.0018556743002544527,advanced_high,,,1.0,-0.0,1025
GGB3606 SGB4870,0.004177807017543859,0.005402849002849003,advanced_high,,,1.0,-0.0,1026
Flavonifractor sp An112,0.001169142857142857,0.0001187457627118644,early_high,,,1.0,-0.0,1027
GGB12785 SGB19827,0.0005244308943089431,0.0005962340966921118,advanced_high,,,1.0,-0.0,1028
Latilactobacillus curvatus,0.000491883408071749,0.00016883647798742138,early_high,,,1.0,-0.0,1029
Streptococcus pneumoniae,0.000681869918699187,0.00043050890585241735,early_high,,,1.0,-0.0,1030
GGB12785 SGB19825,0.0002743495934959349,0.00013150127226463105,early_high,,,1.0,-0.0,1031
Enterococcus raffinosus,0.0009542148760330578,0.0002541176470588235,early_high,,,1.0,-0.0,1032
Anaerostipes rhamnosivorans,0.0005034741784037559,0.00010419847328244276,early_high,,,1.0,-0.0,1033
Collinsella sp An7,0.001090877192982456,0.0005326732673267327,early_high,,,1.0,-0.0,1034
Bacteroides gallinarum,2.488789237668161e-05,4.6226415094339625e-05,advanced_high,,,1.0,-0.0,1035
Schaalia turicensis,0.00024455284552845523,0.004509185750636133,advanced_high,,,1.0,-0.0,1036
Bariatricus massiliensis,3.723577235772358e-05,0.001235318066157761,advanced_high,,,1.0,-0.0,1037
Eubacterium callanderi,0.0026129674796747967,0.002793435114503817,advanced_high,,,1.0,-0.0,1038
GGB9052 SGB13957,5.131578947368421e-05,0.031362878338278936,advanced_high,,,1.0,-0.0,1039
Mailhella massiliensis,1.808943089430894e-05,0.000954173027989822,advanced_high,,,1.0,-0.0,1040
Christensenella sp NSJ 35,0.0005910878661087866,0.000805,advanced_high,,,1.0,-0.0,1041
Atopobium minutum,3.547085201793722e-05,0.01931632075471698,advanced_high,,,1.0,-0.0,1042
Urmitella timonensis,0.00038636771300448427,0.0009473584905660377,advanced_high,,,1.0,-0.0,1043
GGB4243 SGB5738,0.0012890243902439025,0.0001076,early_high,,,1.0,-0.0,1044
Parabacteroides sp TM07 1AC,0.009038495934959348,0.008477455470737914,early_high,,,1.0,-0.0,1045
Lawsonella SGB3665,4.223684210526316e-05,0.00013970326409495549,advanced_high,,,1.0,-0.0,1046
Sutterella seckii,0.0027146153846153843,0.00469080118694362,advanced_high,,,1.0,-0.0,1047
GGB6012 SGB8640,0.016214657534246574,0.13570230392156862,advanced_high,,,1.0,-0.0,1048
Phocaeicola coprophilus,0.1616530081300813,0.05781346055979643,early_high,,,1.0,-0.0,1049
Megasphaera massiliensis,0.026800897435897437,0.04232590504451038,advanced_high,,,1.0,-0.0,1050
Bifidobacterium angulatum,0.0007261764705882353,0.013917426900584796,advanced_high,,,1.0,-0.0,1051
Bifidobacterium pullorum,0.0008259641255605381,0.004829276729559748,advanced_high,,,1.0,-0.0,1052
TM7 phylum sp oral taxon 350,0.00017617886178861788,0.0002164885496183206,advanced_high,,,1.0,-0.0,1053
Frisingicoccus caecimuris,0.0030908130081300812,0.006211272264631042,advanced_high,,,1.0,-0.0,1054
GGB3717 SGB5040,0.0011145739910313902,0.0004222012578616352,early_high,,,1.0,-0.0,1055
Cuneatibacter caecimuris,0.0003719512195121951,0.0009674554707379136,advanced_high,,,1.0,-0.0,1056
Lactobacillus helveticus,0.01538955882352941,1.0149253731343284e-05,early_high,,,1.0,-0.0,1057
Peptoniphilus lacrimalis,0.00020032520325203253,0.004575826972010178,advanced_high,,,1.0,-0.0,1058
Peptoniphilus sp Marseille P3761,6.868421052631579e-05,0.0006496142433234422,advanced_high,,,1.0,-0.0,1059
GGB1247 SGB1668,0.03242217898832685,0.01994842105263158,early_high,,,1.0,-0.0,1060
Faecalicoccus pleomorphus,0.028417479674796745,0.023763511450381677,early_high,,,1.0,-0.0,1061
Veillonella denticariosi,0.00044035874439461877,0.00013679245283018866,early_high,,,1.0,-0.0,1062
Prevotella oris,0.0027842276422764232,0.01101534351145038,advanced_high,,,1.0,-0.0,1063
GGB4308 SGB5895,0.00013965367965367966,8.278873239436619e-05,early_high,,,1.0,-0.0,1064
GGB9239 SGB14181,0.0009318292682926828,0.0019621628498727737,advanced_high,,,1.0,-0.0,1065
Collinsella tanakaei,0.015376504065040649,0.0393175572519084,advanced_high,,,1.0,-0.0,1066
Prevotella sp oral taxon 376,0.000128326359832636,0.0007078688524590164,advanced_high,,,1.0,-0.0,1067
Candidatus Gallimonas merdae,5.1947368421052634e-05,0.0004824107142857143,advanced_high,,,1.0,-0.0,1068
GGB3523 SGB4703,0.033197642276422766,0.027801526717557253,early_high,,,1.0,-0.0,1069
Lautropia mirabilis,4.686991869918699e-05,7.600508905852417e-05,advanced_high,,,1.0,-0.0,1070
Rothia aeria,0.00021878048780487808,1.929824561403509e-05,early_high,,,1.0,-0.0,1071
Anaerofilum sp An201,7.804878048780489e-07,0.0001977536231884058,advanced_high,,,1.0,-0.0,1072
Alistipes SGB2305,0.0004231390134529148,0.006083993710691824,advanced_high,,,1.0,-0.0,1073
Merdibacter massiliensis,4.035874439461883e-05,0.000509308176100629,advanced_high,,,1.0,-0.0,1074
Clostridium sp CL 2,0.010115569105691058,0.0014587786259541986,early_high,,,1.0,-0.0,1075
Fusobacterium gonidiaformans,0.1340010975609756,0.030466259541984734,early_high,,,1.0,-0.0,1076
Peptostreptococcus sp MV1,0.0009036666666666668,0.006702882352941176,advanced_high,,,1.0,-0.0,1077
Porphyromonas uenonis,0.005609256198347107,0.05289580213903743,advanced_high,,,1.0,-0.0,1078
Alterileibacterium massiliense,0.00013973684210526316,0.0024497626112759646,advanced_high,,,1.0,-0.0,1079
GGB1455 SGB2018,4.195121951219512e-05,0.0008538167938931298,advanced_high,,,1.0,-0.0,1080
GGB4239 SGB5731,0.020515087719298247,0.03811809210526316,advanced_high,,,1.0,-0.0,1081
Dialister micraerophilus,0.0005429910714285713,0.0003647798742138365,early_high,,,1.0,-0.0,1082
Criibacterium bergeronii,2.4025974025974027e-05,0.0005708732394366197,advanced_high,,,1.0,-0.0,1083
Porphyromonas sp HMSC065F10,1.2499999999999999e-06,0.00025135714285714285,advanced_high,,,1.0,-0.0,1084
Clostridiales bacterium S5 A14a,0.00041329268292682924,0.002561679389312977,advanced_high,,,1.0,-0.0,1085
Ezakiella SGB6726,1.3658536585365854e-05,0.0001834795321637427,advanced_high,,,1.0,-0.0,1086
GGB1227 SGB1600,0.007895691056910568,0.01546826972010178,advanced_high,,,1.0,-0.0,1087
GGB6574 SGB9290,0.04266016260162602,0.02403017811704835,early_high,,,1.0,-0.0,1088
Enorma burkinafasonensis,7.043902439024391e-05,2.8931297709923667e-05,early_high,,,1.0,-0.0,1089
Clostridium sp C5 48,0.031595,0.01399911680911681,early_high,,,1.0,-0.0,1090
GGB38987 SGB66207,1.5201793721973093e-05,0.0005704716981132076,advanced_high,,,1.0,-0.0,1091
GGB45597 SGB72777,0.0009785201793721973,0.0008202515723270439,early_high,,,1.0,-0.0,1092
Prevotella SGB1680,0.9862905058365758,0.6606813019390582,early_high,,,1.0,-0.0,1093
GGB4569 SGB6310,0.014766452991452992,0.03109824925816024,advanced_high,,,1.0,-0.0,1094
Arachnia SGB15898,7.939024390243901e-05,3.765903307888041e-05,early_high,,,1.0,-0.0,1095
Lachnospiraceae unclassified SGB66069,0.0021456502242152464,0.0008155974842767295,early_high,,,1.0,-0.0,1096
GGB3385 SGB4472,0.00011223577235772358,0.0004997964376590331,advanced_high,,,1.0,-0.0,1097
GGB6544 SGB9243,0.006373842592592592,0.006218505338078292,early_high,,,1.0,-0.0,1098
GGB4669 SGB6458,0.011966192468619248,0.03918904494382022,advanced_high,,,1.0,-0.0,1099
GGB3617 SGB4891,0.004016987447698744,0.004827808988764045,advanced_high,,,1.0,-0.0,1100
Amedibacterium intestinale,0.012727073170731708,0.013042620865139949,advanced_high,,,1.0,-0.0,1101
GGB9673 SGB15172,0.0005431018518518518,0.004721530249110321,advanced_high,,,1.0,-0.0,1102
Selenomonadales bacterium,0.0015397183098591549,0.007983450479233226,advanced_high,,,1.0,-0.0,1103
Pseudopropionibacterium propionicum,2.0986547085201796e-05,1.0374531835205992e-05,early_high,,,1.0,-0.0,1104
Atopobium sp oral taxon 199,0.00010365853658536585,7.440758293838863e-06,early_high,,,1.0,-0.0,1105
Atopobium sp oral taxon 810,1.670995670995671e-05,0.0003687828947368421,advanced_high,,,1.0,-0.0,1106
GGB3733 SGB5066,0.015840962343096236,0.05442907303370787,advanced_high,,,1.0,-0.0,1107
GGB1680 SGB2312,0.017493273542600895,0.09103968553459119,advanced_high,,,1.0,-0.0,1108
Slackia equolifaciens,0.00017926829268292684,0.0008359287531806615,advanced_high,,,1.0,-0.0,1109
Blautia stercoris,0.04774707317073171,0.05150254452926208,advanced_high,,,1.0,-0.0,1110
Terrisporobacter mayombei,0.0008013452914798206,0.00011229559748427673,early_high,,,1.0,-0.0,1111
Flavonifractor sp An135,0.00037466367713004487,0.0001429559748427673,early_high,,,1.0,-0.0,1112
Acidaminococcus SGB42794,0.0003274634146341463,0.00017155555555555555,early_high,,,1.0,-0.0,1113
GGB3491 SGB4665,0.0024536991869918696,0.001990839694656489,early_high,,,1.0,-0.0,1114
GGB9331 SGB14294,0.027126703296703296,0.03945963414634146,advanced_high,,,1.0,-0.0,1115
Clostridia unclassified SGB13999,0.004511464435146444,0.0037050280898876407,early_high,,,1.0,-0.0,1116
Mobiluncus SGB15488,8.650224215246637e-05,0.0005079775280898876,advanced_high,,,1.0,-0.0,1117
GGB1543 SGB2126,0.014966869918699189,0.00045870229007633585,early_high,,,1.0,-0.0,1118
Amedibacillus dolichus,0.008490569105691056,0.011715114503816794,advanced_high,,,1.0,-0.0,1119
Prevotella pectinovora,0.09534288617886177,0.1326743567251462,advanced_high,,,1.0,-0.0,1120
GGB1270 SGB1705,0.1760540487804878,0.059547345971563984,early_high,,,1.0,-0.0,1121
Blastocystis sp subtype 1,0.002325648535564854,0.0023650842696629213,advanced_high,,,1.0,-0.0,1122
GGB1109 SGB1423,0.015471829268292683,0.0056384502923976605,early_high,,,1.0,-0.0,1123
GGB6567 SGB9277,0.012638975609756098,0.002610992366412214,early_high,,,1.0,-0.0,1124
Ruminococcaceae bacterium Marseille P2935,5.32520325203252e-06,5.139949109414759e-05,advanced_high,,,1.0,-0.0,1125
Collinsella intestinalis,0.012178048780487807,0.011593078880407124,early_high,,,1.0,-0.0,1126
Alloprevotella tannerae,0.0044146025104602514,0.033972621621621624,advanced_high,,,1.0,-0.0,1127
Prevotella nigrescens,0.002248702928870293,0.09388424157303372,advanced_high,,,1.0,-0.0,1128
Citrobacter murliniae,3.4731707317073174e-05,3.835555555555556e-05,advanced_high,,,1.0,-0.0,1129
Firmicutes bacterium AM41 11,0.0013174358974358973,0.0034492878338278935,advanced_high,,,1.0,-0.0,1130
GGB1153 SGB1481,0.05814959349593495,0.060535801526717566,advanced_high,,,1.0,-0.0,1131
Arachnia SGB15899,8.979674796747968e-05,3.8362573099415204e-05,early_high,,,1.0,-0.0,1132
Candidatus Gallimonas intestinalis,0.0009639430894308942,0.000407735368956743,early_high,,,1.0,-0.0,1133
Clostridia unclassified SGB6376,0.008561869918699188,0.0202729262086514,advanced_high,,,1.0,-0.0,1134
Mitsuokella jalaludinii,0.019792179487179484,0.030646053412462907,advanced_high,,,1.0,-0.0,1135
Lachnospiraceae unclassified SGB4890,0.015457907949790795,0.016060280898876407,advanced_high,,,1.0,-0.0,1136
Bifidobacterium pseudolongum,0.00044743589743589745,0.0028576223776223776,advanced_high,,,1.0,-0.0,1137
GGB3003 SGB3994,0.0004288617886178862,0.0008604580152671756,advanced_high,,,1.0,-0.0,1138
Gemella bergeri,1.5116279069767445e-06,0.0018199999999999998,advanced_high,,,1.0,-0.0,1139
Prevotella bergensis,0.0,0.00020671755725190836,advanced_high,,,1.0,-0.0,1140
Blautia argi,0.0014448780487804878,0.003545648854961832,advanced_high,,,1.0,-0.0,1141
Bacteroides acidifaciens,0.0011861382113821138,0.00026468193384223917,early_high,,,1.0,-0.0,1142
Mediterraneibacter SGB4586,4.878923766816144e-05,0.0001839308176100629,advanced_high,,,1.0,-0.0,1143
Prevotella copri clade D,0.09703750972762645,0.12272044321329639,advanced_high,,,1.0,-0.0,1144
Tyzzerella sp An114,0.0011643076923076924,0.020169571984435797,advanced_high,,,1.0,-0.0,1145
GGB9524 SGB14923,0.001938201754385965,0.01229994301994302,advanced_high,,,1.0,-0.0,1146
Prevotella jejuni,0.0010888372093023255,7.068702290076337e-05,early_high,,,1.0,-0.0,1147
Bacteroides togonis,0.0,0.026959389312977096,advanced_high,,,1.0,-0.0,1148
Enorma phocaeensis,1.853658536585366e-05,0.00015973333333333333,advanced_high,,,1.0,-0.0,1149
GGB1407 SGB1931,0.00010484304932735425,0.011809716981132076,advanced_high,,,1.0,-0.0,1150
Flavonifractor SGB15137,2.531707317073171e-05,0.005578007246376812,advanced_high,,,1.0,-0.0,1151
GGB9303 SGB14264,0.005100089686098655,0.001650299625468165,early_high,,,1.0,-0.0,1152
Odoribacter laneus,0.004133365853658536,0.07269881516587677,advanced_high,,,1.0,-0.0,1153
GGB9815 SGB15449,0.0013662439024390244,0.005619580152671755,advanced_high,,,1.0,-0.0,1154
Clostridium tertium,0.0022661788617886177,0.0015429516539440201,early_high,,,1.0,-0.0,1155
GGB1405 SGB1928,0.0025238461538461534,0.012765608308605342,advanced_high,,,1.0,-0.0,1156
GGB4710 SGB6522,0.0015664853556485356,0.0012439044943820224,early_high,,,1.0,-0.0,1157
GGB4888 SGB6837,0.0009208796296296297,0.0007915302491103203,early_high,,,1.0,-0.0,1158
Clostridia unclassified SGB6307,0.029218071748878926,0.010583616352201258,early_high,,,1.0,-0.0,1159
Hafnia alvei,0.0015807723577235774,0.009471399491094148,advanced_high,,,1.0,-0.0,1160
GGB9104 SGB14036,0.00025604878048780485,0.0005653053435114505,advanced_high,,,1.0,-0.0,1161
GGB29535 SGB42321,3.7276422764227645e-05,0.0007512977099236642,advanced_high,,,1.0,-0.0,1162
GGB4602 SGB6365,0.0008744036697247706,9.198675496688742e-05,early_high,,,1.0,-0.0,1163
Eggerthella sinensis,0.0025347967479674794,0.0027578362573099416,advanced_high,,,1.0,-0.0,1164
Bacteroides sp Marseille P3684,0.00221715953307393,0.007141523545706373,advanced_high,,,1.0,-0.0,1165
Sanguibacteroides SGB1777,2.3048780487804876e-05,0.00023218829516539438,advanced_high,,,1.0,-0.0,1166
GGB6608 SGB9342,0.018898744394618836,0.09420610062893083,advanced_high,,,1.0,-0.0,1167
Collinsella stercoris,0.0021756950672645737,0.002347378277153558,advanced_high,,,1.0,-0.0,1168
Campylobacter rectus,0.0002569918699186992,0.0014336386768447839,advanced_high,,,1.0,-0.0,1169
GGB3490 SGB4664,0.008763089430894308,0.00580676844783715,early_high,,,1.0,-0.0,1170
GGB1332 SGB1789,0.011145739910313902,0.008599528301886792,early_high,,,1.0,-0.0,1171
Eubacterium infirmum,0.00010447154471544716,0.0021720610687022903,advanced_high,,,1.0,-0.0,1172
Leptotrichia sp oral taxon 223,1.1951219512195121e-05,0.0005748600508905852,advanced_high,,,1.0,-0.0,1173
Prevotella denticola,0.00012495238095238095,0.005411796610169491,advanced_high,,,1.0,-0.0,1174
Lactobacillus iners,4.1212121212121216e-05,4.7633802816901414e-05,advanced_high,,,1.0,-0.0,1175
GGB9457 SGB14849,0.0017517073170731708,0.00044549618320610684,early_high,,,1.0,-0.0,1176
GGB1410 SGB1935,0.00012446428571428572,0.0009298192771084337,advanced_high,,,1.0,-0.0,1177
Peptoniphilus duerdenii,1.573170731707317e-05,9.750636132315522e-05,advanced_high,,,1.0,-0.0,1178
Clostridioides difficile,0.0006096929824561403,0.0113336,advanced_high,,,1.0,-0.0,1179
Frisingicoccus SGB4674,0.001437268292682927,0.0062197709923664125,advanced_high,,,1.0,-0.0,1180
GGB6522 SGB9214,0.0013065470852017937,0.0008274528301886792,early_high,,,1.0,-0.0,1181
GGB4711 SGB6524,0.009551255230125523,0.0010673595505617977,early_high,,,1.0,-0.0,1182
Coriobacteriia unclassified SGB14764,0.0006231380753138075,0.0024561235955056176,advanced_high,,,1.0,-0.0,1183
GGB9540 SGB14943,0.00040249999999999997,0.00036643274853801166,early_high,,,1.0,-0.0,1184
Corynebacterium aurimucosum,3.508021390374331e-05,6.236686390532544e-05,advanced_high,,,1.0,-0.0,1185
GGB1239 SGB1657,0.07409202334630352,0.0642198891966759,early_high,,,1.0,-0.0,1186
Leuconostoc gelidum,8.394308943089431e-05,1.0966921119592874e-05,early_high,,,1.0,-0.0,1187
Bacteroides pectinophilus,0.008262426778242678,0.01116370786516854,advanced_high,,,1.0,-0.0,1188
Butyricimonas sp Marseille P3923,0.0013984959349593493,0.011044351145038166,advanced_high,,,1.0,-0.0,1189
GGB3623 SGB4900,0.027750083682008368,0.05325267567567566,advanced_high,,,1.0,-0.0,1190
GGB3678 SGB4992,0.0011314634146341463,0.0013222274881516589,advanced_high,,,1.0,-0.0,1191
Fusobacteriaceae unclassified SGB59307,0.03235650406504065,0.04290592875318065,advanced_high,,,1.0,-0.0,1192
GGB10022 SGB15896,7.750000000000001e-05,5.3846153846153855e-06,early_high,,,1.0,-0.0,1193
GGB1630 SGB2238,0.014633846153846155,0.04376498516320475,advanced_high,,,1.0,-0.0,1194
GGB1632 SGB2240,0.06256018518518519,0.08654387900355873,advanced_high,,,1.0,-0.0,1195
GGB6546 SGB9245,0.015478161434977579,0.002587358490566038,early_high,,,1.0,-0.0,1196
Lachnospiraceae bacterium WCA 693 APC MOT I,1.9736842105263155e-05,6.498516320474777e-05,advanced_high,,,1.0,-0.0,1197
Leptotrichia sp oral taxon 215,0.00023215447154471542,0.0005597455470737914,advanced_high,,,1.0,-0.0,1198
Lactococcus piscium,1.951219512195122e-06,3.88295165394402e-05,advanced_high,,,1.0,-0.0,1199
Candidatus Saccharibacteria unclassified SGB19782,0.00030508130081300814,8.62086513994911e-05,early_high,,,1.0,-0.0,1200
GGB9739 SGB15313,0.004907439024390244,0.05243809160305344,advanced_high,,,1.0,-0.0,1201
Lachnoanaerobaculum umeaense,3.9473684210526316e-05,1.899159663865546e-05,early_high,,,1.0,-0.0,1202
TM7 phylum sp oral taxon 351,0.00011105263157894736,1.7433333333333335e-05,early_high,,,1.0,-0.0,1203
Candidatus Methanomethylophilus alvus,0.002417982456140351,0.011077832167832168,advanced_high,,,1.0,-0.0,1204
GGB9058 SGB13975,0.00013,0.005310197368421053,advanced_high,,,1.0,-0.0,1205
GGB1691 SGB2323,0.0003211382113821138,0.0026986259541984733,advanced_high,,,1.0,-0.0,1206
GGB1387 SGB1895,0.00952039024390244,0.15214217557251908,advanced_high,,,1.0,-0.0,1207
Candidatus Paralachnospira avium,2.4708520179372197e-05,0.00010056179775280899,advanced_high,,,1.0,-0.0,1208
GGB12788 SGB19831,0.00021162601626016262,4.3830409356725145e-05,early_high,,,1.0,-0.0,1209
Lachnoclostridium SGB59850,1.1704035874439461e-05,0.00046067415730337074,advanced_high,,,1.0,-0.0,1210
GGB9045 SGB13947,0.006318681318681318,0.0084669918699187,advanced_high,,,1.0,-0.0,1211
GGB9333 SGB14296,5.426008968609866e-06,0.0010628838951310862,advanced_high,,,1.0,-0.0,1212
GGB6544 SGB9242,0.0014286403508771929,0.003896617210682493,advanced_high,,,1.0,-0.0,1213
GGB1631 SGB2239,0.015567029288702927,0.02812558988764045,advanced_high,,,1.0,-0.0,1214
GGB9369 SGB14350,0.0,0.005992692307692307,advanced_high,,,1.0,-0.0,1215
Roseburia sp AM23 20,0.037122195121951224,0.048652162849872775,advanced_high,,,1.0,-0.0,1216
GGB1250 SGB1672,0.03917546296296296,0.1282826086956522,advanced_high,,,1.0,-0.0,1217
GGB1380 SGB1883,0.006446861924686192,0.0171911797752809,advanced_high,,,1.0,-0.0,1218
GGB1249 SGB1670,0.013463849372384937,0.015089466292134833,advanced_high,,,1.0,-0.0,1219
GGB9260 SGB14208,0.0025047863247863247,0.0020372700296735907,early_high,,,1.0,-0.0,1220
Alistipes sp An31A,0.03499936585365854,0.01741736641221374,early_high,,,1.0,-0.0,1221
Bacteroidales unclassified SGB2135,0.015352967479674795,0.008834885496183208,early_high,,,1.0,-0.0,1222
GGB3654 SGB4965,0.0017986666666666665,0.014021875,advanced_high,,,1.0,-0.0,1223
Subdoligranulum sp DSM 109015,4.6636771300448435e-05,0.0003858490566037736,advanced_high,,,1.0,-0.0,1224
GGB9332 SGB14295,0.0,0.003564007633587786,advanced_high,,,1.0,-0.0,1225
GGB9423 SGB14792,0.00017044843049327356,0.0006902201257861635,advanced_high,,,1.0,-0.0,1226
Streptococcus agalactiae,0.0015736322869955158,0.0008629245283018868,early_high,,,1.0,-0.0,1227
Actinomyces radicidentis,1.4390243902439027e-05,1.2366412213740458e-05,early_high,,,1.0,-0.0,1228
GGB1629 SGB2237,0.0028384722222222223,0.0019102135231316725,early_high,,,1.0,-0.0,1229
Fusobacterium necrophorum,0.0021767105263157892,0.02145721068249258,advanced_high,,,1.0,-0.0,1230
Actinomyces SGB15893,0.00013530516431924883,2.0610687022900764e-06,early_high,,,1.0,-0.0,1231
Prevotella melaninogenica,0.0033805641025641026,0.0009038349514563106,early_high,,,1.0,-0.0,1232
Dellaglioa algida,1.6929824561403508e-05,4.243323442136498e-06,early_high,,,1.0,-0.0,1233
GGB1264 SGB1697,0.08033350877192981,0.021928910891089108,early_high,,,1.0,-0.0,1234
GGB9285 SGB14238,0.01570794979079498,0.013921639344262295,early_high,,,1.0,-0.0,1235
GGB4686 SGB6483,0.003221229946524064,0.002541590909090909,early_high,,,1.0,-0.0,1236
Bacilli unclassified SGB6493,0.019763296703296702,0.009000081300813007,early_high,,,1.0,-0.0,1237
Clostridia unclassified SGB6371,0.010271300813008128,0.011080636132315521,advanced_high,,,1.0,-0.0,1238
Ruminococcaceae unclassified SGB15251,9.308823529411766e-05,3.0270270270270266e-06,early_high,,,1.0,-0.0,1239
GGB4557 SGB6288,0.00964951871657754,0.008588816568047337,early_high,,,1.0,-0.0,1240
GGB13418 SGB20686,4.662790697674418e-05,5.5795454545454536e-05,advanced_high,,,1.0,-0.0,1241
GGB9270 SGB14221,0.00012141463414634146,0.00010583969465648854,early_high,,,1.0,-0.0,1242
Prevotella colorans,1.4146341463414635e-05,0.00016961988304093568,advanced_high,,,1.0,-0.0,1243
GGB6133 SGB8780,4.0528455284552845e-05,0.07681076335877862,advanced_high,,,1.0,-0.0,1244
Cardiobacterium valvarum,0.0,7.882096069868996e-05,advanced_high,,,1.0,-0.0,1245
Alistipes megaguti,0.0,0.0022454777070063693,advanced_high,,,1.0,-0.0,1246
Lactobacillus pontis,0.001354328358208955,5.9854368932038836e-05,early_high,,,1.0,-0.0,1247
GGB1621 SGB2219,0.0,0.002782236842105263,advanced_high,,,1.0,-0.0,1248
GGB9582 SGB15002,0.003090448430493274,0.0015326415094339622,early_high,,,1.0,-0.0,1249
GGB2945 SGB3918,1.8614718614718615e-06,2.2253521126760562e-06,advanced_high,,,1.0,-0.0,1250
Schaalia odontolytica,3.580487804878049e-05,1.701421800947867e-05,early_high,,,1.0,-0.0,1251
GGB4608 SGB6382,0.021760441176470587,0.0030851461988304096,early_high,,,1.0,-0.0,1252
Collinsella phocaeensis,0.00013868292682926828,0.0008102173913043478,advanced_high,,,1.0,-0.0,1253
GGB3738 SGB5072,0.0,0.0016361068702290076,advanced_high,,,1.0,-0.0,1254
Neisseria sicca,0.0005659154929577464,2.4046822742474917e-05,early_high,,,1.0,-0.0,1255
Candidatus Roslinia caecavium,0.0005238536585365854,0.0007665267175572519,advanced_high,,,1.0,-0.0,1256
Prevotella histicola,0.0021646052631578948,0.00017243333333333334,early_high,,,1.0,-0.0,1257
Gemella SGB7284,0.00014385281385281387,4.923943661971832e-05,early_high,,,1.0,-0.0,1258
Ruminococcaceae bacterium UBA1375,0.0,0.0007474045801526717,advanced_high,,,1.0,-0.0,1259
GGB4395 SGB6050,5.1502347417840375e-05,9.236421725239617e-05,advanced_high,,,1.0,-0.0,1260
GGB3751 SGB5099,0.012671208791208793,0.007488170731707317,early_high,,,1.0,-0.0,1261
Bacteroides heparinolyticus,0.0002501626016260162,0.0003183206106870229,advanced_high,,,1.0,-0.0,1262
GGB4579 SGB6329,1.4227642276422764e-05,0.015015318066157758,advanced_high,,,1.0,-0.0,1263
GGB4713 SGB6526,0.009421880341880342,0.00166946587537092,early_high,,,1.0,-0.0,1264
Candidatus Neoanaerotignum galli,1.3073170731707318e-05,5.137440758293838e-05,advanced_high,,,1.0,-0.0,1265
Fructilactobacillus sanfranciscensis,0.0030489430894308947,0.001458117048346056,early_high,,,1.0,-0.0,1266
GGB9712 SGB20770,0.0,4.033653846153846e-05,advanced_high,,,1.0,-0.0,1267
GGB4554 SGB6285,0.014145510204081634,0.0068874558303886925,early_high,,,1.0,-0.0,1268
Alistipes SGB2310,0.0,0.0016448557692307691,advanced_high,,,1.0,-0.0,1269
Alistipes sp An66,0.0010524663677130045,0.0012906603773584905,advanced_high,,,1.0,-0.0,1270
GGB6566 SGB9275,0.00015228070175438596,0.0009375667655786349,advanced_high,,,1.0,-0.0,1271
Clostridium sp AM42 4,0.00937658536585366,0.012990555555555557,advanced_high,,,1.0,-0.0,1272
Lactococcus laudensis,0.003853333333333333,0.0003932673267326732,early_high,,,1.0,-0.0,1273
Elusimicrobiales bacterium,0.008987735849056603,0.007030609756097561,early_high,,,1.0,-0.0,1274
Subdoligranulum variabile,1.8923766816143496e-05,4.679245283018868e-05,advanced_high,,,1.0,-0.0,1275
Streptococcus peroris,7.224215246636771e-05,2.4685534591194966e-05,early_high,,,1.0,-0.0,1276
Phoenicibacter congonensis,0.034237076923076926,0.003485869565217391,early_high,,,1.0,-0.0,1277
Lachnospiraceae bacterium 2 1 46FAA,0.011122535211267607,0.024369904153354632,advanced_high,,,1.0,-0.0,1278
Clostridium sp AM58 1XD,1.695067264573991e-05,4.305031446540881e-05,advanced_high,,,1.0,-0.0,1279
Candidatus Gastranaerophilales unclassified SGB8630,0.00018771929824561403,0.0024161842105263156,advanced_high,,,1.0,-0.0,1280
GGB9591 SGB15013,0.009534305555555556,0.011148042704626335,advanced_high,,,1.0,-0.0,1281
Ruminococcaceae unclassified SGB20776,1.8533333333333334e-05,2.427884615384615e-05,advanced_high,,,1.0,-0.0,1282
Blautia SGB71764,3.013333333333333e-05,9.423076923076923e-06,early_high,,,1.0,-0.0,1283
Roseburia SGB4949,0.001661788617886179,0.0004778117048346056,early_high,,,1.0,-0.0,1284
Enterorhabdus sp P55,1.7937219730941702e-06,4.468553459119497e-05,advanced_high,,,1.0,-0.0,1285
GGB13135 SGB20338,0.00012228699551569507,8.783018867924529e-05,early_high,,,1.0,-0.0,1286
GGB9742 SGB15348,8.773333333333334e-05,3.302884615384616e-05,early_high,,,1.0,-0.0,1287
Roseburia SGB4939,0.02337536585365854,0.02438503816793893,advanced_high,,,1.0,-0.0,1288
Bacteroides sp AM10 21B,0.002042113821138211,0.006890534351145039,advanced_high,,,1.0,-0.0,1289
GGB3640 SGB4937,7.078947368421052e-05,0.0012097626112759644,advanced_high,,,1.0,-0.0,1290
GGB4706 SGB6513,0.0,0.003617357723577235,advanced_high,,,1.0,-0.0,1291
GGB4698 SGB6498,0.003471559633027523,0.011891026490066224,advanced_high,,,1.0,-0.0,1292
Corynebacterium casei,2.8421052631578946e-05,3.5841584158415844e-05,advanced_high,,,1.0,-0.0,1293
Acidaminococcaceae bacterium,0.034451382113821136,0.0017002798982188295,early_high,,,1.0,-0.0,1294
GGB3360 SGB4444,0.0007505263157894736,0.0018901315789473683,advanced_high,,,1.0,-0.0,1295
GGB4702 SGB6509,0.0035441758241758245,0.005852073170731708,advanced_high,,,1.0,-0.0,1296
GGB4616 SGB6391,0.0,0.00289457627118644,advanced_high,,,1.0,-0.0,1297
GGB1102 SGB1416,0.0036126016260162605,0.004631857506361323,advanced_high,,,1.0,-0.0,1298
GGB3226 SGB4260,0.012478414634146342,0.015662061068702292,advanced_high,,,1.0,-0.0,1299
GGB1219 SGB1587,6.52914798206278e-05,0.007760262172284644,advanced_high,,,1.0,-0.0,1300
GGB6127 SGB8773,0.01801426470588235,0.007008304093567252,early_high,,,1.0,-0.0,1301
GGB1387 SGB1894,0.07207717073170732,3.5229007633587783e-05,early_high,,,1.0,-0.0,1302
Candidatus Stoquefichus sp SB1,0.000213542600896861,0.00020081761006289313,early_high,,,1.0,-0.0,1303
Candidatus Saccharibacteria bacterium oral taxon 488,2.1260162601626018e-05,2.017543859649123e-05,early_high,,,1.0,-0.0,1304
GGB13134 SGB20337,8.213333333333334e-05,3.389423076923076e-05,early_high,,,1.0,-0.0,1305
Coprobacillus sp AF33 1AC,0.00034073170731707317,0.0008685380116959065,advanced_high,,,1.0,-0.0,1306
GGB27774 SGB40188,2.5600000000000002e-05,2.230769230769231e-05,early_high,,,1.0,-0.0,1307
Phocaeicola sartorii,6.73076923076923e-05,0.0007021958456973293,advanced_high,,,1.0,-0.0,1308
GGB1123 SGB1437,0.02422412451361868,0.026265484764542938,advanced_high,,,1.0,-0.0,1309
Bacteroides sp An19,0.03299546341463415,0.07495943127962086,advanced_high,,,1.0,-0.0,1310
GGB9716 SGB15269,6.278026905829596e-07,6.79245283018868e-05,advanced_high,,,1.0,-0.0,1311
Lachnospiraceae unclassified SGB5104,0.027286043956043955,6.455284552845528e-05,early_high,,,1.0,-0.0,1312
Bacteroides stercorirosoris,0.003577235772357723,0.05070643765903308,advanced_high,,,1.0,-0.0,1313
Adlercreutzia mucosicola,2.7999999999999996e-05,8.51526717557252e-05,advanced_high,,,1.0,-0.0,1314
GGB4667 SGB6456,0.0,0.0013036201780415432,advanced_high,,,1.0,-0.0,1315
Prevotella SGB1653,0.11604793774319067,0.16546817174515235,advanced_high,,,1.0,-0.0,1316
GGB3862 SGB5239,0.020424166666666667,0.007137695652173913,early_high,,,1.0,-0.0,1317
Prevotella salivae,0.0002831140350877193,0.00014401709401709402,early_high,,,1.0,-0.0,1318
Corynebacterium variabile,0.00043795918367346947,8.31896551724138e-06,early_high,,,1.0,-0.0,1319
GGB4598 SGB6360,0.006808382352941176,0.006246140350877193,early_high,,,1.0,-0.0,1320
GGB2732 SGB58358,0.0010028455284552846,0.0013830701754385965,advanced_high,,,1.0,-0.0,1321
GGB1250 SGB1673,0.0739940650406504,0.06058862573099415,early_high,,,1.0,-0.0,1322
Fusobacteriaceae bacterium,0.0005112195121951219,0.015070076335877862,advanced_high,,,1.0,-0.0,1323
Collinsella sp An268,8.673469387755101e-06,0.00012487068965517242,advanced_high,,,1.0,-0.0,1324
GGB9278 SGB14230,0.003327916666666667,0.0006250869565217392,early_high,,,1.0,-0.0,1325
GGB30311 SGB43288,1.3733333333333331e-05,1.624203821656051e-05,advanced_high,,,1.0,-0.0,1326
Megamonas hypermegale,0.0044952466367713,1.4182389937106919e-05,early_high,,,1.0,-0.0,1327
Klebsiella indica,3.0200000000000002e-05,0.00016525641025641027,advanced_high,,,1.0,-0.0,1328
GGB1617 SGB2214,5.292682926829269e-05,0.004362274881516588,advanced_high,,,1.0,-0.0,1329
Sutterella parvirubra,0.060657807017543856,0.03921276353276353,early_high,,,1.0,-0.0,1330
GGB9686 SGB15190,0.0016292647058823528,0.00017808333333333334,early_high,,,1.0,-0.0,1331
GGB27792 SGB40208,0.0,1.3554216867469879e-05,advanced_high,,,1.0,-0.0,1332
GGB4701 SGB6508,0.016420999999999998,0.005777519379844962,early_high,,,1.0,-0.0,1333
GGB4727 SGB6548,0.0074357352941176475,0.0010928070175438595,early_high,,,1.0,-0.0,1334
GGB1503 SGB2082,0.00046210526315789476,0.005977128712871288,advanced_high,,,1.0,-0.0,1335
GGB9604 SGB15036,0.0081026,0.0037575968992248064,early_high,,,1.0,-0.0,1336
Brachyspira aalborgi,0.22270756097560976,0.0946687786259542,early_high,,,1.0,-0.0,1337
GGB1219 SGB1586,0.026095112107623324,0.031845767790262165,advanced_high,,,1.0,-0.0,1338
GGB1237 SGB1623,0.1798355701754386,7.1e-06,early_high,,,1.0,-0.0,1339
GGB4979 SGB6973,0.019116666666666667,0.005630174825174824,early_high,,,1.0,-0.0,1340
GGB4538 SGB6256,3.065040650406504e-05,0.00030519083969465647,advanced_high,,,1.0,-0.0,1341
Prevotella pallens,0.0010505194805194803,0.0003182565789473684,early_high,,,1.0,-0.0,1342
Candidatus Saccharibacteria bacterium oral taxon 955,1.8571428571428572e-05,0.0002609868421052632,advanced_high,,,1.0,-0.0,1343
GGB4674 SGB6463,0.002545174129353234,0.0012341563786008231,early_high,,,1.0,-0.0,1344
GGB9727 SGB15285,0.0019749056603773586,0.009477142857142856,advanced_high,,,1.0,-0.0,1345
Prevotella SGB1675,0.0010136607142857143,0.0021965917602996257,advanced_high,,,1.0,-0.0,1346
GGB9702 SGB15220,3.5833333333333335e-05,0.00048005882352941177,advanced_high,,,1.0,-0.0,1347
Oxalobacter SGB9385,0.0002960606060606061,0.0021639473684210526,advanced_high,,,1.0,-0.0,1348
Prevotella sp Marseille P4119,0.09691631067961164,0.04725071111111111,early_high,,,1.0,-0.0,1349
Selenomonas bovis,0.0023151282051282053,0.00042388349514563105,early_high,,,1.0,-0.0,1350
Lactobacillus panis,0.006867931034482759,0.0,early_high,,,1.0,-0.0,1351
GGB18559 SGB27424,0.010735428571428571,0.009588,early_high,,,1.0,-0.0,1352
GGB1244 SGB1664,0.001408032786885246,0.0077622666666666675,advanced_high,,,1.0,-0.0,1353
Porphyromonas pasteri,0.00028769230769230765,3.9126213592233016e-05,early_high,,,1.0,-0.0,1354
Leptotrichia sp oral taxon 212,7.464788732394366e-06,9.6741214057508e-05,advanced_high,,,1.0,-0.0,1355
Bacteroidaceae unclassified SGB1468,4.413145539906103e-05,0.0002283587786259542,advanced_high,,,1.0,-0.0,1356
Clostridiaceae bacterium DONG20 135,1.3615023474178405e-06,0.00029501597444089455,advanced_high,,,1.0,-0.0,1357
Blautia sp Marseille P3201T,0.0012984736842105264,0.00022756302521008404,early_high,,,1.0,-0.0,1358
Gordonibacter massiliensis,8e-06,0.0010437394957983194,advanced_high,,,1.0,-0.0,1359
Christensenella sp AF73 05CM02,0.0003127699530516432,0.0002419488817891373,early_high,,,1.0,-0.0,1360
GGB12762 SGB19792,8.563157894736842e-05,4.278074866310161e-07,early_high,,,1.0,-0.0,1361
Prevotella sp A2879,0.000664923076923077,8.815533980582525e-05,early_high,,,1.0,-0.0,1362
Eggerthella sp HF 1101,0.0004471578947368421,0.0008047058823529412,advanced_high,,,1.0,-0.0,1363
Parolsenella SGB14378,0.0025457368421052634,0.00887524064171123,advanced_high,,,1.0,-0.0,1364
Paraburkholderia bryophila,0.0004370833333333334,0.0002557142857142857,early_high,,,1.0,-0.0,1365
Pseudomonas sp PH1b,0.0003966666666666667,0.0001338095238095238,early_high,,,1.0,-0.0,1366
Prevotella buccae,0.02845145922746781,0.08492613810741688,advanced_high,,,1.0,-0.0,1367
Proteus mirabilis,0.0007641860465116279,0.016399971346704872,advanced_high,,,1.0,-0.0,1368
Leclercia adecarboxylata,1.592274678111588e-05,0.0007363823529411764,advanced_high,,,1.0,-0.0,1369
GGB4641 SGB6420,0.014672068965517242,0.01547625,advanced_high,,,1.0,-0.0,1370
Atlantibacter hermannii,9.785e-05,0.002412846153846154,advanced_high,,,1.0,-0.0,1371
Prevotella oralis,0.00012275,0.001897439024390244,advanced_high,,,1.0,-0.0,1372
Haemophilus parahaemolyticus,0.0020872093023255813,0.0004949570200573066,early_high,,,1.0,-0.0,1373
Desulfovibrio legallii,0.000255045871559633,0.003024985835694051,advanced_high,,,1.0,-0.0,1374
Prevotellaceae unclassified SGB1688,2.7918781725888327e-06,0.0057811157024793385,advanced_high,,,1.0,-0.0,1375
Olsenella umbonata,0.0007216145833333333,0.0023244976076555023,advanced_high,,,1.0,-0.0,1376
GGB4721 SGB6537,0.00047532110091743127,0.000954635761589404,advanced_high,,,1.0,-0.0,1377
GGB1460 SGB2023,4.735e-05,0.018188754208754206,advanced_high,,,1.0,-0.0,1378
Phocaeicola abscessus,6.44206008583691e-05,4.132992327365729e-05,early_high,,,1.0,-0.0,1379
Citrobacter amalonaticus,0.00046940366972477067,0.001422317880794702,advanced_high,,,1.0,-0.0,1380
Oscillospiraceae bacterium N12,0.0016939449541284407,0.003584872521246459,advanced_high,,,1.0,-0.0,1381
Comamonas kerstersii,0.0040723255813953484,0.005973667621776505,advanced_high,,,1.0,-0.0,1382
Prevotella sp oral taxon 473,0.00343302752293578,0.03147430463576159,advanced_high,,,1.0,-0.0,1383
Porphyromonas endodontalis,0.0042735348837209305,0.06094676217765043,advanced_high,,,1.0,-0.0,1384
Prevotella baroniae,6.25e-05,0.0006208130081300813,advanced_high,,,1.0,-0.0,1385
Butyricimonas synergistica,0.0010316279069767442,0.00037335243553008603,early_high,,,1.0,-0.0,1386
Collinsella sp AF08 23,0.015179570815450643,0.011484757033248083,early_high,,,1.0,-0.0,1387
Citrobacter farmeri,0.00019839080459770116,0.0030317964071856288,advanced_high,,,1.0,-0.0,1388
Leptotrichia trevisanii,0.0003124463519313305,0.0007341176470588235,advanced_high,,,1.0,-0.0,1389
Ligilactobacillus agilis,0.00011333333333333334,0.00042348837209302324,advanced_high,,,1.0,-0.0,1390
Filifactor alocis,0.00031918454935622314,0.003179437340153453,advanced_high,,,1.0,-0.0,1391
Enterobacter cloacae,5.555e-05,0.0002866538461538462,advanced_high,,,1.0,-0.0,1392
Prevotella sp F0091,0.0006982741116751269,0.001936074380165289,advanced_high,,,1.0,-0.0,1393
Peptoanaerobacter stomatis,8.323529411764707e-05,0.00033648936170212765,advanced_high,,,1.0,-0.0,1394
Clostridia unclassified SGB13993,0.000623953488372093,0.0024045845272206304,advanced_high,,,1.0,-0.0,1395
GGB6567 SGB9278,0.04227576923076923,3.740740740740741e-05,early_high,,,1.0,-0.0,1396
GGB4770 SGB6604,0.0006893229166666668,0.003197692307692307,advanced_high,,,1.0,-0.0,1397
Culturomica massiliensis,0.0005837768240343347,0.015515217391304348,advanced_high,,,1.0,-0.0,1398
GGB3859 SGB5234,0.000786904761904762,0.0012775,advanced_high,,,1.0,-0.0,1399
Clostridia unclassified SGB20792,0.00040281609195402297,0.004958348623853211,advanced_high,,,1.0,-0.0,1400
GGB9689 SGB15194,0.0031288636363636362,0.0019166666666666666,early_high,,,1.0,-0.0,1401
Acidaminococcus provencensis,0.0003086511627906977,0.002019597315436242,advanced_high,,,1.0,-0.0,1402
GGB1243 SGB1663,0.04947323809523809,0.06728316981132074,advanced_high,,,1.0,-0.0,1403
Kluyvera sichuanensis,0.00016493023255813953,0.0002753691275167785,advanced_high,,,1.0,-0.0,1404
GGB9272 SGB14224,0.008276153846153846,0.00323280701754386,early_high,,,1.0,-0.0,1405
GGB1267 SGB1701,0.04957949152542373,0.001752748538011696,early_high,,,1.0,-0.0,1406
Methanobacteriaceae archaeon,0.00014507692307692306,0.017036828193832596,advanced_high,,,1.0,-0.0,1407
Brachyspira pilosicoli,0.033722824858757064,0.00768766081871345,early_high,,,1.0,-0.0,1408
Campylobacteraceae bacterium,0.09165793103448276,0.0420711475409836,early_high,,,1.0,-0.0,1409
Kluyvera georgiana,0.00033625,0.0021093890675241158,advanced_high,,,1.0,-0.0,1410
Megasphaera hominis,0.020792499999999995,0.005982861736334406,early_high,,,1.0,-0.0,1411
Kluyvera ascorbata,4.8200000000000006e-05,8.65e-05,advanced_high,,,1.0,-0.0,1412
Aeromonas caviae,0.00974,0.018575615384615385,advanced_high,,,1.0,-0.0,1413
Veillonella ratti,0.03060817610062893,0.08629286821705427,advanced_high,,,1.0,-0.0,1414
Cetobacterium somerae,0.0180156,0.0007782692307692309,early_high,,,1.0,-0.0,1415
GGB6529 SGB9222,7.692307692307692e-06,0.014106800000000001,advanced_high,,,1.0,-0.0,1416
Treponema succinifaciens,0.0014585534591194968,0.0014124031007751938,early_high,,,1.0,-0.0,1417
GGB5989 SGB21098,0.25676,0.14467736842105264,early_high,,,1.0,-0.0,1418
Lachnospiraceae unclassified SGB71704,0.0008961,0.00399923076923077,advanced_high,,,1.0,-0.0,1419
Paraprevotella xylaniphila,0.04476819095477387,0.03064006734006734,early_high,,,1.0,-0.0,1420
GGB3523 SGB4702,7.468468468468467e-05,0.0007090322580645161,advanced_high,,,1.0,-0.0,1421
GGB260 SGB362,0.005691824324324324,0.0017269565217391302,early_high,,,1.0,-0.0,1422
Candidatus Protoclostridium gallicola,0.0005992342342342343,0.0008167204301075268,advanced_high,,,1.0,-0.0,1423
GGB1222 SGB1592,0.0,0.007962240663900414,advanced_high,,,1.0,-0.0,1424
Selenomonas SGB5880,0.0003765315315315315,9.362903225806451e-05,early_high,,,1.0,-0.0,1425
Campylobacter showae,0.00012554054054054054,6.774193548387096e-05,early_high,,,1.0,-0.0,1426
Haemophilus haemolyticus,0.007522486772486772,0.0039241780821917815,early_high,,,1.0,-0.0,1427
Longibaculum muris,0.0010581372549019609,0.006580181818181818,advanced_high,,,1.0,-0.0,1428
Paraclostridium bifermentans,2.6519607843137255e-05,0.0014536969696969698,advanced_high,,,1.0,-0.0,1429
GGB10852 SGB17523,5.009009009009009e-05,0.00013244623655913978,advanced_high,,,1.0,-0.0,1430
GGB9594 SGB15016,0.0,0.0077337404580152674,advanced_high,,,1.0,-0.0,1431
Candidatus Gallimonas caecicola,3.4530386740331494e-05,0.000867551867219917,advanced_high,,,1.0,-0.0,1432
Gemmiger sp An120,0.0,2.7407407407407405e-05,advanced_high,,,1.0,-0.0,1433
Pseudomonas aeruginosa,0.0011773529411764705,0.0020026898734177216,advanced_high,,,1.0,-0.0,1434
Desulfovibrio sp OH1186 COT 070,0.0,0.0003099657534246575,advanced_high,,,1.0,-0.0,1435
Campylobacter SGB19337,0.0010658602150537633,0.003371751824817518,advanced_high,,,1.0,-0.0,1436
Aggregatibacter sp oral taxon 458,0.0006968627450980393,0.0002582121212121212,early_high,,,1.0,-0.0,1437
Phocaeicola barnesiae,0.05064558011049724,0.01310668049792531,early_high,,,1.0,-0.0,1438
GGB6521 SGB9212,0.0,0.0006654032258064515,advanced_high,,,1.0,-0.0,1439
Turicimonas muris,0.0059915765765765775,0.000664247311827957,early_high,,,1.0,-0.0,1440
GGB28319 SGB40892,0.000537027027027027,0.0006568279569892472,advanced_high,,,1.0,-0.0,1441
Clostridium neonatale,0.0013072072072072072,0.022422311827956988,advanced_high,,,1.0,-0.0,1442
Peptoniphilus senegalensis,1.3115577889447235e-05,0.0009257575757575757,advanced_high,,,1.0,-0.0,1443
Anaerococcus lactolyticus,1.1486486486486488e-05,9.311827956989249e-05,advanced_high,,,1.0,-0.0,1444
GGB3004 SGB3995,0.0,0.005391478494623656,advanced_high,,,1.0,-0.0,1445
Paraeggerthella hongkongensis,0.00011846846846846845,0.0010955913978494625,advanced_high,,,1.0,-0.0,1446
Clostridium baratii,0.0,9.606796116504855e-05,advanced_high,,,1.0,-0.0,1447
GGB9086 SGB14014,0.00017030150753768843,0.00937915824915825,advanced_high,,,1.0,-0.0,1448
GGB1551 SGB2136,0.0,0.0010832549019607841,advanced_high,,,1.0,-0.0,1449
Mogibacterium pumilum,7.265765765765765e-05,8.580645161290324e-05,advanced_high,,,1.0,-0.0,1450
GGB4487 SGB6184,2.1936936936936938e-05,0.00019688172043010754,advanced_high,,,1.0,-0.0,1451
Clostridium cocleatum,0.0,9.243150684931508e-05,advanced_high,,,1.0,-0.0,1452
Treponema maltophilum,0.0,0.000591990291262136,advanced_high,,,1.0,-0.0,1453
Synergistaceae bacterium,0.0016183333333333332,0.009828413978494625,advanced_high,,,1.0,-0.0,1454
Urinicoccus massiliensis,2.4391534391534388e-05,0.0001502877697841727,advanced_high,,,1.0,-0.0,1455
GGB9480 SGB14875,0.0,0.014131235521235519,advanced_high,,,1.0,-0.0,1456
Parabacteroides faecis,0.000886127450980392,0.0027343333333333334,advanced_high,,,1.0,-0.0,1457
Megasphaera sp MJR8396C,0.014583591160220994,0.005989803921568628,early_high,,,1.0,-0.0,1458
Fusobacteriaceae unclassified SGB6035,0.031365980392156864,0.05609133333333333,advanced_high,,,1.0,-0.0,1459
Prevotella multiformis,4.912280701754386e-06,0.0031962711864406777,advanced_high,,,1.0,-0.0,1460
Treponema medium,3.5314009661835745e-05,0.000377814371257485,advanced_high,,,1.0,-0.0,1461
Odoribacter sp AF15 53,0.002199275362318841,0.004217994011976048,advanced_high,,,1.0,-0.0,1462
Clostridium cadaveris,0.0,0.0006734759358288769,advanced_high,,,1.0,-0.0,1463
Fannyhessea vaginae,1.8090452261306535e-06,0.0001406060606060606,advanced_high,,,1.0,-0.0,1464
Gemmiger sp An50,0.003375527638190955,0.0001928956228956229,early_high,,,1.0,-0.0,1465
GGB6554 SGB9256,0.001380630630630631,0.007480698924731183,advanced_high,,,1.0,-0.0,1466
Clostridium transplantifaecale,5.328828828828829e-05,0.0003364247311827957,advanced_high,,,1.0,-0.0,1467
Eubacterium sp NSJ 61,0.007903693693693694,0.007337876344086021,early_high,,,1.0,-0.0,1468
Haemophilus influenzae,0.00011968468468468468,0.00054497311827957,advanced_high,,,1.0,-0.0,1469
GGB4550 SGB6272,0.009101785714285713,0.0018816019417475728,early_high,,,1.0,-0.0,1470
Shewanella algae,2.5490196078431373e-05,9.554545454545455e-05,advanced_high,,,1.0,-0.0,1471
Selenomonas sp oral taxon 126,1.9117647058823528e-06,0.001736060606060606,advanced_high,,,1.0,-0.0,1472
Clostridia unclassified SGB14308,0.0,0.002813664122137405,advanced_high,,,1.0,-0.0,1473
Aeromonas hydrophila,0.0,0.0015937711864406781,advanced_high,,,1.0,-0.0,1474
Treponema denticola,2.284313725490196e-05,0.0011867878787878787,advanced_high,,,1.0,-0.0,1475
Treponema SGB69443,0.0,8.292372881355933e-05,advanced_high,,,1.0,-0.0,1476
Treponema sp Marseille Q4130,0.0,7.653284671532847e-05,advanced_high,,,1.0,-0.0,1477
Desulfovibrio sp ZJ200,6.96969696969697e-06,5.793103448275862e-06,early_high,,,1.0,-0.0,1478
GGB35456 SGB47582,0.001875990990990991,0.0004021774193548387,early_high,,,1.0,-0.0,1479
GGB4272 SGB5822,0.04727205882352941,0.009765060606060605,early_high,,,1.0,-0.0,1480
Prevotella SGB1589,0.04430607843137255,0.008721497326203208,early_high,,,1.0,-0.0,1481
Bacteroides mediterraneensis,0.0010841176470588235,0.011567379679144386,advanced_high,,,1.0,-0.0,1482
Aeromonas veronii,0.0003788725490196078,0.0006717878787878789,advanced_high,,,1.0,-0.0,1483
Bacteroides sp GM023,0.013549852941176471,0.0006795757575757575,early_high,,,1.0,-0.0,1484
GGB27776 SGB40190,0.0,0.0002985759493670886,advanced_high,,,1.0,-0.0,1485
GGB9528 SGB14928,0.0003811274509803922,0.0023075757575757574,advanced_high,,,1.0,-0.0,1486
Parabacteroides acidifaciens,0.004216440677966102,0.006488571428571429,advanced_high,,,1.0,-0.0,1487
Negativicoccus succinicivorans,0.00012265700483091787,9.997005988023953e-05,early_high,,,1.0,-0.0,1488
Eggerthellaceae unclassified SGB14330,0.0012895477386934671,0.0035424796747967483,advanced_high,,,1.0,-0.0,1489
GGB4538 SGB6253,0.0001494685990338164,0.000398904593639576,advanced_high,,,1.0,-0.0,1490
GGB1110 SGB1424,0.003684198895027624,0.005074,advanced_high,,,1.0,-0.0,1491
Mediterranea massiliensis,0.0009136363636363638,0.006113624999999999,advanced_high,,,1.0,-0.0,1492
Campylobacter curvus,0.00036171270718232044,0.009205526315789473,advanced_high,,,1.0,-0.0,1493
Absicoccus porci,6.05524861878453e-05,0.006159526315789474,advanced_high,,,1.0,-0.0,1494
Prevotella koreensis,2.8019323671497584e-06,0.00016876325088339224,advanced_high,,,1.0,-0.0,1495
Atopobium deltae,2.607734806629834e-05,4.894736842105263e-05,advanced_high,,,1.0,-0.0,1496
GGB9169 SGB14107,0.0,0.00812,advanced_high,,,1.0,-0.0,1497
Parabacteroides bouchesdurhonensis,0.0001064864864864865,0.0005182866043613708,advanced_high,,,1.0,-0.0,1498
Megasphaera stantonii,0.007242522522522522,0.019368504672897198,advanced_high,,,1.0,-0.0,1499
Fusobacterium hwasookii,0.00040409909909909904,0.0006319314641744547,advanced_high,,,1.0,-0.0,1500
Dialister SGB5820,0.028764924623115577,0.004074471544715448,early_high,,,1.0,-0.0,1501
Leptotrichia hongkongensis,4.166666666666667e-05,8.91698113207547e-05,advanced_high,,,1.0,-0.0,1502
GGB3394 SGB4498,2.306878306878307e-05,0.00022837004405286342,advanced_high,,,1.0,-0.0,1503
Kluyvera cryocrescens,1.676328502415459e-05,0.0069674911660777385,advanced_high,,,1.0,-0.0,1504
Sutterella SGB9293,0.004991932367149759,0.007587137809187279,advanced_high,,,1.0,-0.0,1505
GGB1843 SGB2524,6.1835748792270535e-06,0.00041890459363957597,advanced_high,,,1.0,-0.0,1506
Bacteroides pyogenes,0.0047384745762711865,0.00807057803468208,advanced_high,,,1.0,-0.0,1507
GGB1116 SGB1430,0.00016077348066298341,0.0003653157894736842,advanced_high,,,1.0,-0.0,1508
Desulfovibrio sp PG 178 WT 4,0.0011494594594594592,0.0018877881619937698,advanced_high,,,1.0,-0.0,1509
Cutibacterium acnes,9.392265193370167e-06,6.105263157894737e-06,early_high,,,1.0,-0.0,1510
GGB1223 SGB1593,0.019740552486187845,0.0019110526315789472,early_high,,,1.0,-0.0,1511
GGB4263 SGB5801,0.01940212121212121,0.101743625,advanced_high,,,1.0,-0.0,1512
Gemmiger sp An194,0.002097900552486188,5.789473684210526e-07,early_high,,,1.0,-0.0,1513
GGB6574 SGB9289,0.013313558558558558,0.0036207788161993766,early_high,,,1.0,-0.0,1514
GGB6554 SGB9257,0.005965049019607844,0.007888452830188679,advanced_high,,,1.0,-0.0,1515
Bacteroides sp AF16 49,0.0004757487922705315,0.009240459363957596,advanced_high,,,1.0,-0.0,1516
Giardia intestinalis,0.006726024096385542,0.00015868421052631578,early_high,,,1.0,-0.0,1517
Prevotella nanceiensis,0.00021148148148148152,0.00010330396475770925,early_high,,,1.0,-0.0,1518
Oribacterium SGB5283,3.985507246376812e-05,4.660777385159011e-05,advanced_high,,,1.0,-0.0,1519
Eubacterium tenue,0.00044419354838709675,0.0004753811659192825,advanced_high,,,1.0,-0.0,1520
Pyramidobacter sp C12 8,0.0004842857142857143,0.0010781327800829877,advanced_high,,,1.0,-0.0,1521
Prevotella dentalis,3.695906432748538e-05,0.00012340540540540541,advanced_high,,,1.0,-0.0,1522
Bacteroides sp OF04 15BH,0.0004910752688172043,0.02213215246636771,advanced_high,,,1.0,-0.0,1523
Catonella morbi,1.372549019607843e-06,0.00013243727598566307,advanced_high,,,1.0,-0.0,1524
Bacteroidales bacterium Oil RF 744 WCA WT 10,0.0023625,0.0006508602150537635,early_high,,,1.0,-0.0,1525
Lachnospiraceae bacterium oral taxon 500,1.4391534391534392e-05,3.83402489626556e-05,advanced_high,,,1.0,-0.0,1526
Prevotella veroralis,7.936507936507936e-06,0.007894107883817426,advanced_high,,,1.0,-0.0,1527
Alloprevotella rava,3.3548387096774195e-05,0.0007669955156950671,advanced_high,,,1.0,-0.0,1528
Helicobacter pylori,8.177419354838711e-05,2.349775784753363e-05,early_high,,,1.0,-0.0,1529
Bacillus subtilis,0.0018933128834355828,0.0010744594594594595,early_high,,,1.0,-0.0,1530
Ralstonia pickettii,0.007702311827956989,0.0010814349775784755,early_high,,,1.0,-0.0,1531
GGB26634 SGB38814,0.00047999999999999996,4.802867383512545e-05,early_high,,,1.0,-0.0,1532
Synergistes jonesii,3.318627450980392e-05,0.0006459856630824372,advanced_high,,,1.0,-0.0,1533
Parabacteroides chinchillae,0.00010301587301587303,7.867219917012448e-05,early_high,,,1.0,-0.0,1534
Sneathia amnii,1.7037037037037038e-05,0.0005363485477178424,advanced_high,,,1.0,-0.0,1535
Candidatus Absconditabacteria unclassified SGB6894,0.0004066216216216216,7.845454545454545e-05,early_high,,,1.0,-0.0,1536
Meiothermus silvanus,2.331081081081081e-05,0.00014818181818181816,advanced_high,,,1.0,-0.0,1537
Helicobacter cinaedi,0.03230601351351351,0.00036018181818181814,early_high,,,1.0,-0.0,1538
GGB2731 SGB3673,0.0018756626506024098,0.025676686746987955,advanced_high,,,1.0,-0.0,1539
Edwardsiella tarda,0.004368783068783069,5.95850622406639e-05,early_high,,,1.0,-0.0,1540
Gordonibacter sp 28C,0.0001660846560846561,1.4688796680497925e-05,early_high,,,1.0,-0.0,1541
Salmonella enterica,0.0008012195121951221,0.00019572519083969466,early_high,,,1.0,-0.0,1542
Peptostreptococcus russellii,0.0,0.005559881656804733,advanced_high,,,1.0,-0.0,1543
Prevotella ihumii,0.00029608695652173913,0.001392,advanced_high,,,1.0,-0.0,1544
Elizabethkingia bruuniana,0.005574782608695652,0.008654,advanced_high,,,1.0,-0.0,1545
GGB1511 SGB2091,0.002054,0.0373628947368421,advanced_high,,,1.0,-0.0,1546
