species,importance,rank,method,cv_auc_mean,cv_auc_sd
Dialister pneumosintes,0.009391549587703283,1,Random Forest,0.7415403585426574,0.05890198952181386
Parvimonas micra,0.006496935355219191,2,Random Forest,0.7415403585426574,0.05890198952181386
Fusobacterium nucleatum,0.006285487412419827,3,Random Forest,0.7415403585426574,0.05890198952181386
Peptostreptococcus stomatis,0.005591459919870529,4,Random Forest,0.7415403585426574,0.05890198952181386
Gemella morbillorum,0.004430999456853299,5,Random Forest,0.7415403585426574,0.05890198952181386
Bacteroides uniformis,0.004415326892671602,6,Random Forest,0.7415403585426574,0.05890198952181386
Selenomonas sputigena,0.004314764832043306,7,Random Forest,0.7415403585426574,0.05890198952181386
Bacteroides thetaiotaomicron,0.003948291600508537,8,Random Forest,0.7415403585426574,0.05890198952181386
Dorea longicatena,0.0037110623605100977,9,Random Forest,0.7415403585426574,0.05890198952181386
Odoribacter laneus,0.003660955374867354,10,Random Forest,0.7415403585426574,0.05890198952181386
GGB9501 SGB14898,0.003536246730154601,11,Random Forest,0.7415403585426574,0.05890198952181386
Bacteroides stercoris,0.003395269302522117,12,Random Forest,0.7415403585426574,0.05890198952181386
Bacteroides xylanisolvens,0.003248156166288294,13,Random Forest,0.7415403585426574,0.05890198952181386
Escherichia coli,0.0031122140553037332,14,Random Forest,0.7415403585426574,0.05890198952181386
Ruminococcus torques,0.0030746372683808964,15,Random Forest,0.7415403585426574,0.05890198952181386
Bacteroides fragilis,0.0029833317418462594,16,Random Forest,0.7415403585426574,0.05890198952181386
Blautia faecis,0.0028549311775916296,17,Random Forest,0.7415403585426574,0.05890198952181386
Faecalicatena contorta,0.002827762180333197,18,Random Forest,0.7415403585426574,0.05890198952181386
Clostridiales bacterium KLE1615,0.0028274785559814697,19,Random Forest,0.7415403585426574,0.05890198952181386
Ruminococcaceae bacterium,0.0028258006008775724,20,Random Forest,0.7415403585426574,0.05890198952181386
GGB3463 SGB4621,0.0027739475083293726,21,Random Forest,0.7415403585426574,0.05890198952181386
Lachnospiraceae bacterium WCA3 601 WT 6H,0.002746646345492999,22,Random Forest,0.7415403585426574,0.05890198952181386
Eggerthella lenta,0.0027365438932017996,23,Random Forest,0.7415403585426574,0.05890198952181386
Lachnospiraceae bacterium,0.002687694261281843,24,Random Forest,0.7415403585426574,0.05890198952181386
Clostridium sp OM07 10AC,0.0026843363250071244,25,Random Forest,0.7415403585426574,0.05890198952181386
Prevotella intermedia,0.002666751226878625,26,Random Forest,0.7415403585426574,0.05890198952181386
Enterocloster bolteae,0.0026546516118765525,27,Random Forest,0.7415403585426574,0.05890198952181386
Eubacteriaceae bacterium CHKCI004,0.002640200298511646,28,Random Forest,0.7415403585426574,0.05890198952181386
Dorea formicigenerans,0.002621024722444311,29,Random Forest,0.7415403585426574,0.05890198952181386
Clostridia bacterium UC5 1 1D1,0.0025934537222606817,30,Random Forest,0.7415403585426574,0.05890198952181386
Phocaeicola vulgatus,0.002575066483359133,31,Random Forest,0.7415403585426574,0.05890198952181386
Ruminococcus bromii,0.0025678139740535565,32,Random Forest,0.7415403585426574,0.05890198952181386
Lacrimispora amygdalina,0.002563325868031454,33,Random Forest,0.7415403585426574,0.05890198952181386
Gemmiger formicilis,0.00256300185241682,34,Random Forest,0.7415403585426574,0.05890198952181386
Brachyspira aalborgi,0.0024830857007658432,35,Random Forest,0.7415403585426574,0.05890198952181386
Blautia obeum,0.0024302378796876604,36,Random Forest,0.7415403585426574,0.05890198952181386
Candidatus Cibiobacter qucibialis,0.002403658813882592,37,Random Forest,0.7415403585426574,0.05890198952181386
Anaerobutyricum hallii,0.00235237267992549,38,Random Forest,0.7415403585426574,0.05890198952181386
Faecalibacterium prausnitzii,0.00234668375864141,39,Random Forest,0.7415403585426574,0.05890198952181386
Phocaeicola dorei,0.002313702801723644,40,Random Forest,0.7415403585426574,0.05890198952181386
Streptococcus anginosus,0.002290080877744148,41,Random Forest,0.7415403585426574,0.05890198952181386
Paraeggerthella hongkongensis,0.002289535138336578,42,Random Forest,0.7415403585426574,0.05890198952181386
Faecalibacillus intestinalis,0.0022876680006281578,43,Random Forest,0.7415403585426574,0.05890198952181386
Alistipes putredinis,0.002285531012655627,44,Random Forest,0.7415403585426574,0.05890198952181386
Clostridia bacterium,0.002267536184505015,45,Random Forest,0.7415403585426574,0.05890198952181386
Blautia wexlerae,0.0022568541775957887,46,Random Forest,0.7415403585426574,0.05890198952181386
Roseburia faecis,0.002232397236119028,47,Random Forest,0.7415403585426574,0.05890198952181386
Bifidobacterium longum,0.002206901467890875,48,Random Forest,0.7415403585426574,0.05890198952181386
Phascolarctobacterium faecium,0.0022007551223548073,49,Random Forest,0.7415403585426574,0.05890198952181386
Anaeromassilibacillus sp An250,0.0022005803517127992,50,Random Forest,0.7415403585426574,0.05890198952181386
Phocaeicola massiliensis,0.0021710328178291215,51,Random Forest,0.7415403585426574,0.05890198952181386
Parabacteroides distasonis,0.0021642635936386634,52,Random Forest,0.7415403585426574,0.05890198952181386
Firmicutes bacterium AF16 15,0.002160355796456401,53,Random Forest,0.7415403585426574,0.05890198952181386
Fusicatenibacter saccharivorans,0.002148315484031022,54,Random Forest,0.7415403585426574,0.05890198952181386
Clostridium symbiosum,0.0021380420996088946,55,Random Forest,0.7415403585426574,0.05890198952181386
Blautia glucerasea,0.002129161814097738,56,Random Forest,0.7415403585426574,0.05890198952181386
Anaerostipes hadrus,0.0021216400044874054,57,Random Forest,0.7415403585426574,0.05890198952181386
Blautia massiliensis,0.0021177276999392682,58,Random Forest,0.7415403585426574,0.05890198952181386
Flavonifractor plautii,0.0021101842593518865,59,Random Forest,0.7415403585426574,0.05890198952181386
Holdemania filiformis,0.0021078322601112837,60,Random Forest,0.7415403585426574,0.05890198952181386
Bacteroides ovatus,0.002102492911616463,61,Random Forest,0.7415403585426574,0.05890198952181386
GGB9581 SGB14999,0.002097555699202733,62,Random Forest,0.7415403585426574,0.05890198952181386
Enterobacter hormaechei,0.002080204922522741,63,Random Forest,0.7415403585426574,0.05890198952181386
Ruthenibacterium lactatiformans,0.0020798920732478738,64,Random Forest,0.7415403585426574,0.05890198952181386
Lachnospira eligens,0.0020441745225313447,65,Random Forest,0.7415403585426574,0.05890198952181386
Actinomyces SGB17168,0.002039410722513629,66,Random Forest,0.7415403585426574,0.05890198952181386
Solobacterium SGB6833,0.0020390936378774293,67,Random Forest,0.7415403585426574,0.05890198952181386
GGB3293 SGB4348,0.0020368146767166537,68,Random Forest,0.7415403585426574,0.05890198952181386
Clostridia unclassified SGB4121,0.0020337247779404362,69,Random Forest,0.7415403585426574,0.05890198952181386
Eubacterium ventriosum,0.0020285039016620984,70,Random Forest,0.7415403585426574,0.05890198952181386
Bacteroides timonensis,0.002022047955032592,71,Random Forest,0.7415403585426574,0.05890198952181386
Bacteroidaceae bacterium,0.0020206728356222596,72,Random Forest,0.7415403585426574,0.05890198952181386
Prevotella copri clade A,0.0020194045418422658,73,Random Forest,0.7415403585426574,0.05890198952181386
Clostridium sp AF34 10BH,0.0020154849347896746,74,Random Forest,0.7415403585426574,0.05890198952181386
Veillonella parvula,0.002012652553361626,75,Random Forest,0.7415403585426574,0.05890198952181386
Odoribacter splanchnicus,0.0020114575095839483,76,Random Forest,0.7415403585426574,0.05890198952181386
Dysosmobacter welbionis,0.002004283897982781,77,Random Forest,0.7415403585426574,0.05890198952181386
Bacteroides caccae,0.0019964562223812234,78,Random Forest,0.7415403585426574,0.05890198952181386
Clostridium sp Marseille P3244,0.0019951390721785938,79,Random Forest,0.7415403585426574,0.05890198952181386
Eubacterium ramulus,0.001986291120447363,80,Random Forest,0.7415403585426574,0.05890198952181386
Lancefieldella parvula,0.001982517979392697,81,Random Forest,0.7415403585426574,0.05890198952181386
Roseburia inulinivorans,0.0019811150714685306,82,Random Forest,0.7415403585426574,0.05890198952181386
Clostridiales bacterium,0.001967717430586135,83,Random Forest,0.7415403585426574,0.05890198952181386
Clostridiaceae bacterium,0.0019569293520782195,84,Random Forest,0.7415403585426574,0.05890198952181386
Candidatus Avimonas narfia,0.001944907159432767,85,Random Forest,0.7415403585426574,0.05890198952181386
Streptococcus sp A12,0.0019417141557993855,86,Random Forest,0.7415403585426574,0.05890198952181386
Dorea sp AF36 15AT,0.0019349215035102969,87,Random Forest,0.7415403585426574,0.05890198952181386
Merdimonas faecis,0.0019347661184744539,88,Random Forest,0.7415403585426574,0.05890198952181386
Alistipes onderdonkii,0.001930452426989901,89,Random Forest,0.7415403585426574,0.05890198952181386
Bilophila wadsworthia,0.0019301158930203274,90,Random Forest,0.7415403585426574,0.05890198952181386
Collinsella aerofaciens,0.0019298522841851022,91,Random Forest,0.7415403585426574,0.05890198952181386
GGB2983 SGB3965,0.001928284470707469,92,Random Forest,0.7415403585426574,0.05890198952181386
Enterocloster aldensis,0.0019263142669999575,93,Random Forest,0.7415403585426574,0.05890198952181386
Eubacterium rectale,0.001925578850860391,94,Random Forest,0.7415403585426574,0.05890198952181386
Phocaeicola plebeius,0.0019235894322256193,95,Random Forest,0.7415403585426574,0.05890198952181386
Streptococcus salivarius,0.001907514620830399,96,Random Forest,0.7415403585426574,0.05890198952181386
Candidatus Saccharibacteria unclassified SGB19850,0.001899679255793962,97,Random Forest,0.7415403585426574,0.05890198952181386
Pseudoflavonifractor SGB15156,0.0018984266762290182,98,Random Forest,0.7415403585426574,0.05890198952181386
Alistipes communis,0.0018867763411397835,99,Random Forest,0.7415403585426574,0.05890198952181386
Enterocloster citroniae,0.0018780293159930054,100,Random Forest,0.7415403585426574,0.05890198952181386
GGB9615 SGB15053,0.0018735207648858088,101,Random Forest,0.7415403585426574,0.05890198952181386
Haemophilus parainfluenzae,0.0018723124478386862,102,Random Forest,0.7415403585426574,0.05890198952181386
Alistipes shahii,0.001853522969502273,103,Random Forest,0.7415403585426574,0.05890198952181386
Anaerotignum faecicola,0.0018437992777184868,104,Random Forest,0.7415403585426574,0.05890198952181386
Streptococcus parasanguinis,0.0018380882419445298,105,Random Forest,0.7415403585426574,0.05890198952181386
Parabacteroides merdae,0.0018346857810054636,106,Random Forest,0.7415403585426574,0.05890198952181386
Hungatella hathewayi,0.0018226685509250954,107,Random Forest,0.7415403585426574,0.05890198952181386
Sutterella wadsworthensis,0.0018070803346444443,108,Random Forest,0.7415403585426574,0.05890198952181386
Clostridia unclassified SGB14844,0.0018020621192733235,109,Random Forest,0.7415403585426574,0.05890198952181386
Tyzzerella nexilis,0.001800283188812766,110,Random Forest,0.7415403585426574,0.05890198952181386
Christensenellaceae bacterium,0.0017960659843575834,111,Random Forest,0.7415403585426574,0.05890198952181386
Faecalicatena fissicatena,0.001789691215097001,112,Random Forest,0.7415403585426574,0.05890198952181386
Dysosmobacter sp NSJ 60,0.0017820170598631252,113,Random Forest,0.7415403585426574,0.05890198952181386
Evtepia gabavorous,0.0017735887033663467,114,Random Forest,0.7415403585426574,0.05890198952181386
Roseburia hominis,0.0017512308256315535,115,Random Forest,0.7415403585426574,0.05890198952181386
Agathobaculum butyriciproducens,0.0017506272821408407,116,Random Forest,0.7415403585426574,0.05890198952181386
Lachnospiraceae unclassified SGB4894,0.0017464061438934142,117,Random Forest,0.7415403585426574,0.05890198952181386
Candidatus Pararuminococcus gallinarum,0.001733941807739134,118,Random Forest,0.7415403585426574,0.05890198952181386
Clostridium sp AM22 11AC,0.0017326626982907098,119,Random Forest,0.7415403585426574,0.05890198952181386
Clostridium leptum,0.001729111863039592,120,Random Forest,0.7415403585426574,0.05890198952181386
GGB9631 SGB15087,0.0017128515338557721,121,Random Forest,0.7415403585426574,0.05890198952181386
Intestinimonas massiliensis,0.0017060745268501383,122,Random Forest,0.7415403585426574,0.05890198952181386
GGB4266 SGB5809,0.0016991497823428553,123,Random Forest,0.7415403585426574,0.05890198952181386
Campylobacter showae,0.0016970572270663825,124,Random Forest,0.7415403585426574,0.05890198952181386
Prevotella copri clade C,0.001692807889149825,125,Random Forest,0.7415403585426574,0.05890198952181386
Bifidobacterium adolescentis,0.0016861416504632492,126,Random Forest,0.7415403585426574,0.05890198952181386
Clostridia unclassified SGB4447,0.0016791741090332163,127,Random Forest,0.7415403585426574,0.05890198952181386
Peptostreptococcus anaerobius,0.0016769704322180056,128,Random Forest,0.7415403585426574,0.05890198952181386
Romboutsia timonensis,0.001676663218912437,129,Random Forest,0.7415403585426574,0.05890198952181386
Clostridium phoceensis,0.001675687180339519,130,Random Forest,0.7415403585426574,0.05890198952181386
Alistipes indistinctus,0.0016724271622533312,131,Random Forest,0.7415403585426574,0.05890198952181386
Ruminococcus gnavus,0.001671023148852005,132,Random Forest,0.7415403585426574,0.05890198952181386
Candidatus Alloscillospira gallinarum,0.0016638884273807706,133,Random Forest,0.7415403585426574,0.05890198952181386
GGB9699 SGB15216,0.001657852503542711,134,Random Forest,0.7415403585426574,0.05890198952181386
GGB9694 SGB15204,0.0016524087741316934,135,Random Forest,0.7415403585426574,0.05890198952181386
GGB3256 SGB4303,0.0016498087229906238,136,Random Forest,0.7415403585426574,0.05890198952181386
GGB3005 SGB3996,0.0016446062034862993,137,Random Forest,0.7415403585426574,0.05890198952181386
Streptococcus mitis,0.001642760094293263,138,Random Forest,0.7415403585426574,0.05890198952181386
GGB9342 SGB14306,0.001640984785609242,139,Random Forest,0.7415403585426574,0.05890198952181386
Prevotella pectinovora,0.0016380304508094821,140,Random Forest,0.7415403585426574,0.05890198952181386
Prevotellamassilia timonensis,0.0016357998751980827,141,Random Forest,0.7415403585426574,0.05890198952181386
GGB3746 SGB5089,0.0016353218746022777,142,Random Forest,0.7415403585426574,0.05890198952181386
Granulicatella adiacens,0.0016346878965712963,143,Random Forest,0.7415403585426574,0.05890198952181386
Peptostreptococcus SGB749,0.0016292417205557672,144,Random Forest,0.7415403585426574,0.05890198952181386
Rothia mucilaginosa,0.0016288506239391042,145,Random Forest,0.7415403585426574,0.05890198952181386
Butyricicoccus sp AM29 23AC,0.0016115207397055485,146,Random Forest,0.7415403585426574,0.05890198952181386
Gemella sanguinis,0.0016067843719988796,147,Random Forest,0.7415403585426574,0.05890198952181386
Bifidobacterium pseudocatenulatum,0.0016037279028075675,148,Random Forest,0.7415403585426574,0.05890198952181386
Blautia SGB4815,0.0016016641367534636,149,Random Forest,0.7415403585426574,0.05890198952181386
GGB4557 SGB6288,0.0016004272932635994,150,Random Forest,0.7415403585426574,0.05890198952181386
Anaerotruncus colihominis,0.0015930273360287087,151,Random Forest,0.7415403585426574,0.05890198952181386
GGB3637 SGB4930,0.0015846384364432199,152,Random Forest,0.7415403585426574,0.05890198952181386
Intestinimonas butyriciproducens,0.0015826795540528043,153,Random Forest,0.7415403585426574,0.05890198952181386
GGB9632 SGB15089,0.0015808256743071695,154,Random Forest,0.7415403585426574,0.05890198952181386
Akkermansia muciniphila,0.00157911347333035,155,Random Forest,0.7415403585426574,0.05890198952181386
Bacteroides intestinalis,0.0015722342816721284,156,Random Forest,0.7415403585426574,0.05890198952181386
Lachnoclostridium sp An131,0.0015708747634482225,157,Random Forest,0.7415403585426574,0.05890198952181386
Flavonifractor sp An10,0.0015591942928416445,158,Random Forest,0.7415403585426574,0.05890198952181386
Parabacteroides goldsteinii,0.0015510507643825566,159,Random Forest,0.7415403585426574,0.05890198952181386
Klebsiella pneumoniae,0.0015487541442499313,160,Random Forest,0.7415403585426574,0.05890198952181386
Megamonas funiformis,0.0015471422662027695,161,Random Forest,0.7415403585426574,0.05890198952181386
Erysipelatoclostridium ramosum,0.001544743476670643,162,Random Forest,0.7415403585426574,0.05890198952181386
Bacteroides nordii,0.001541094818847133,163,Random Forest,0.7415403585426574,0.05890198952181386
Faecalibacterium SGB15346,0.0015405641830519416,164,Random Forest,0.7415403585426574,0.05890198952181386
Alistipes senegalensis,0.001538806949512396,165,Random Forest,0.7415403585426574,0.05890198952181386
Bacteroides cellulosilyticus,0.001531491784387494,166,Random Forest,0.7415403585426574,0.05890198952181386
Coprococcus catus,0.0015099984193625473,167,Random Forest,0.7415403585426574,0.05890198952181386
Candidatus Avimicrobium caecorum,0.0015085296800189767,168,Random Forest,0.7415403585426574,0.05890198952181386
Lacrimispora celerecrescens,0.0015084465750631365,169,Random Forest,0.7415403585426574,0.05890198952181386
Anaerotruncus rubiinfantis,0.0015081427235884022,170,Random Forest,0.7415403585426574,0.05890198952181386
GGB1455 SGB2018,0.0015021769677650075,171,Random Forest,0.7415403585426574,0.05890198952181386
Ruminococcus bicirculans,0.001487117880903143,172,Random Forest,0.7415403585426574,0.05890198952181386
Candidatus Allochristensenella caecavium,0.0014842870741940972,173,Random Forest,0.7415403585426574,0.05890198952181386
Streptococcus sp 263 SSPC,0.0014797440201238684,174,Random Forest,0.7415403585426574,0.05890198952181386
Clostridium sp AM33 3,0.0014774851726757471,175,Random Forest,0.7415403585426574,0.05890198952181386
Clostridium fessum,0.0014769489804649677,176,Random Forest,0.7415403585426574,0.05890198952181386
Ruminococcus callidus,0.00147694027872538,177,Random Forest,0.7415403585426574,0.05890198952181386
GGB2980 SGB3962,0.0014753961129081057,178,Random Forest,0.7415403585426574,0.05890198952181386
Clostridium SGB4751,0.0014656493245804895,179,Random Forest,0.7415403585426574,0.05890198952181386
Mediterraneibacter massiliensis,0.0014641382099327843,180,Random Forest,0.7415403585426574,0.05890198952181386
Saccharomyces cerevisiae,0.0014562281636836276,181,Random Forest,0.7415403585426574,0.05890198952181386
Streptococcus sanguinis,0.0014518118534122874,182,Random Forest,0.7415403585426574,0.05890198952181386
Abiotrophia sp HMSC24B09,0.001448562760127499,183,Random Forest,0.7415403585426574,0.05890198952181386
Bacteroides finegoldii,0.0014478904999739536,184,Random Forest,0.7415403585426574,0.05890198952181386
Firmicutes bacterium,0.001438179363477349,185,Random Forest,0.7415403585426574,0.05890198952181386
Mailhella massiliensis,0.0014344162468540116,186,Random Forest,0.7415403585426574,0.05890198952181386
Enterocloster clostridioformis,0.0014290396242172259,187,Random Forest,0.7415403585426574,0.05890198952181386
Parasutterella excrementihominis,0.0014254153663416456,188,Random Forest,0.7415403585426574,0.05890198952181386
Veillonella atypica,0.0014252724825569482,189,Random Forest,0.7415403585426574,0.05890198952181386
Bacteroides clarus,0.001424344800535473,190,Random Forest,0.7415403585426574,0.05890198952181386
Blautia stercoris,0.0014234408560347782,191,Random Forest,0.7415403585426574,0.05890198952181386
Olsenella sp GAM18,0.001422907838222789,192,Random Forest,0.7415403585426574,0.05890198952181386
GGB9186 SGB14125,0.0014218435530994544,193,Random Forest,0.7415403585426574,0.05890198952181386
Lachnospira pectinoschiza,0.001411623256464147,194,Random Forest,0.7415403585426574,0.05890198952181386
Pediococcus pentosaceus,0.0014098962566935866,195,Random Forest,0.7415403585426574,0.05890198952181386
Clostridium innocuum,0.0014029278412176385,196,Random Forest,0.7415403585426574,0.05890198952181386
Lacrimispora saccharolytica,0.0014021756971734284,197,Random Forest,0.7415403585426574,0.05890198952181386
GGB9633 SGB15091,0.001395270047287697,198,Random Forest,0.7415403585426574,0.05890198952181386
Lactobacillus iners,0.0013934779869603552,199,Random Forest,0.7415403585426574,0.05890198952181386
Candidatus Schneewindia gallinarum,0.0013926640510800302,200,Random Forest,0.7415403585426574,0.05890198952181386
GGB1456 SGB2019,0.0013878648062208717,201,Random Forest,0.7415403585426574,0.05890198952181386
GGB9634 SGB15099,0.0013878443672388932,202,Random Forest,0.7415403585426574,0.05890198952181386
GGB9523 SGB14922,0.001384013520262592,203,Random Forest,0.7415403585426574,0.05890198952181386
Coprococcus eutactus,0.0013803788148656895,204,Random Forest,0.7415403585426574,0.05890198952181386
Phocea massiliensis,0.0013795241587508202,205,Random Forest,0.7415403585426574,0.05890198952181386
Butyricimonas virosa,0.001376905324379072,206,Random Forest,0.7415403585426574,0.05890198952181386
GGB3571 SGB4778,0.0013671421239138822,207,Random Forest,0.7415403585426574,0.05890198952181386
Clostridiaceae bacterium OM08 6BH,0.0013663433468342036,208,Random Forest,0.7415403585426574,0.05890198952181386
Ruminococcaceae unclassified SGB4425,0.001363863516916734,209,Random Forest,0.7415403585426574,0.05890198952181386
Harryflintia acetispora,0.0013615784843352113,210,Random Forest,0.7415403585426574,0.05890198952181386
Coprococcus comes,0.0013531782170600622,211,Random Forest,0.7415403585426574,0.05890198952181386
Megasphaera elsdenii,0.001343056578166898,212,Random Forest,0.7415403585426574,0.05890198952181386
Actinomyces sp S6 Spd3,0.0013327817190045054,213,Random Forest,0.7415403585426574,0.05890198952181386
Alistipes finegoldii,0.0013315842856312509,214,Random Forest,0.7415403585426574,0.05890198952181386
Streptococcus gordonii,0.001327279941067962,215,Random Forest,0.7415403585426574,0.05890198952181386
GGB55957 SGB77276,0.001325689205638775,216,Random Forest,0.7415403585426574,0.05890198952181386
GGB9602 SGB15031,0.0013212382768979518,217,Random Forest,0.7415403585426574,0.05890198952181386
Schaalia turicensis,0.0013209404198884405,218,Random Forest,0.7415403585426574,0.05890198952181386
Clostridiales unclassified SGB15148,0.001320787615243672,219,Random Forest,0.7415403585426574,0.05890198952181386
Eubacteriaceae bacterium,0.0013184524280863753,220,Random Forest,0.7415403585426574,0.05890198952181386
Massilimicrobiota timonensis,0.0013136977930574812,221,Random Forest,0.7415403585426574,0.05890198952181386
Blautia schinkii,0.0013129081190403902,222,Random Forest,0.7415403585426574,0.05890198952181386
Oscillibacter sp ER4,0.0013098010564404675,223,Random Forest,0.7415403585426574,0.05890198952181386
Clostridium sp AF20 17LB,0.0013045775097287927,224,Random Forest,0.7415403585426574,0.05890198952181386
GGB3278 SGB4328,0.0013018945588741363,225,Random Forest,0.7415403585426574,0.05890198952181386
Phocaeicola coprocola,0.0013003190421901935,226,Random Forest,0.7415403585426574,0.05890198952181386
Veillonella dispar,0.001299235002220024,227,Random Forest,0.7415403585426574,0.05890198952181386
Barnesiella intestinihominis,0.0012959310402728362,228,Random Forest,0.7415403585426574,0.05890198952181386
Dorea sp AF24 7LB,0.0012941576986316497,229,Random Forest,0.7415403585426574,0.05890198952181386
GGB1250 SGB1672,0.00129011609102323,230,Random Forest,0.7415403585426574,0.05890198952181386
Weissella confusa,0.0012868367173412382,231,Random Forest,0.7415403585426574,0.05890198952181386
Clostridium neonatale,0.0012849587380832157,232,Random Forest,0.7415403585426574,0.05890198952181386
Clostridiales unclassified SGB15145,0.0012843823454098818,233,Random Forest,0.7415403585426574,0.05890198952181386
Ruminococcaceae unclassified SGB15260,0.0012839230832400856,234,Random Forest,0.7415403585426574,0.05890198952181386
Bacteroides eggerthii,0.0012812936590500595,235,Random Forest,0.7415403585426574,0.05890198952181386
GGB9614 SGB15049,0.0012716537977387396,236,Random Forest,0.7415403585426574,0.05890198952181386
Gordonibacter pamelaeae,0.001269052367087993,237,Random Forest,0.7415403585426574,0.05890198952181386
Clostridium sp AT4,0.0012618593981780515,238,Random Forest,0.7415403585426574,0.05890198952181386
Oxalobacter formigenes,0.001260369245068555,239,Random Forest,0.7415403585426574,0.05890198952181386
Bacteroides salyersiae,0.0012590552690336953,240,Random Forest,0.7415403585426574,0.05890198952181386
Lachnoclostridium sp An118,0.0012563089628957577,241,Random Forest,0.7415403585426574,0.05890198952181386
Mogibacterium diversum,0.001253994304724035,242,Random Forest,0.7415403585426574,0.05890198952181386
Coprobacter secundus,0.0012524941936727474,243,Random Forest,0.7415403585426574,0.05890198952181386
GGB6554 SGB9256,0.0012457185773874038,244,Random Forest,0.7415403585426574,0.05890198952181386
Oscillospiraceae bacterium NSJ 64,0.0012448250080006424,245,Random Forest,0.7415403585426574,0.05890198952181386
Sellimonas intestinalis,0.0012423290392281823,246,Random Forest,0.7415403585426574,0.05890198952181386
Clostridium sp NSJ 42,0.001229727792598457,247,Random Forest,0.7415403585426574,0.05890198952181386
Lactococcus petauri,0.0012296312381391205,248,Random Forest,0.7415403585426574,0.05890198952181386
Roseburia intestinalis,0.0012263213598819461,249,Random Forest,0.7415403585426574,0.05890198952181386
Bacteroides sp Marseille P3684,0.0012125004221097083,250,Random Forest,0.7415403585426574,0.05890198952181386
Sutterella SGB9281,0.001211330967806496,251,Random Forest,0.7415403585426574,0.05890198952181386
Intestinibacter bartlettii,0.0011942663170552185,252,Random Forest,0.7415403585426574,0.05890198952181386
Adlercreutzia equolifaciens,0.0011920718550525694,253,Random Forest,0.7415403585426574,0.05890198952181386
Actinomyces graevenitzii,0.0011912486537929584,254,Random Forest,0.7415403585426574,0.05890198952181386
Streptococcus infantis,0.0011884868038406309,255,Random Forest,0.7415403585426574,0.05890198952181386
Clostridiales bacterium Marseille P5551,0.0011880987175875348,256,Random Forest,0.7415403585426574,0.05890198952181386
GGB34228 SGB72916,0.001186132168661394,257,Random Forest,0.7415403585426574,0.05890198952181386
Prevotella denticola,0.0011840299490473026,258,Random Forest,0.7415403585426574,0.05890198952181386
Prevotella stercorea,0.001182760467296028,259,Random Forest,0.7415403585426574,0.05890198952181386
Lachnospira SGB5077,0.0011805389445780716,260,Random Forest,0.7415403585426574,0.05890198952181386
Streptococcus thermophilus,0.0011794709575442335,261,Random Forest,0.7415403585426574,0.05890198952181386
Catabacter hongkongensis,0.001177904961020241,262,Random Forest,0.7415403585426574,0.05890198952181386
Turicibacter sanguinis,0.0011777941283699594,263,Random Forest,0.7415403585426574,0.05890198952181386
Mediterraneibacter butyricigenes,0.0011767718376321885,264,Random Forest,0.7415403585426574,0.05890198952181386
Paraprevotella clara,0.001175412033947115,265,Random Forest,0.7415403585426574,0.05890198952181386
Candidatus Timburyella stercoris,0.0011753901984828433,266,Random Forest,0.7415403585426574,0.05890198952181386
Lentisphaeria bacterium,0.0011718478834201955,267,Random Forest,0.7415403585426574,0.05890198952181386
Streptococcus constellatus,0.0011687345272953149,268,Random Forest,0.7415403585426574,0.05890198952181386
Eisenbergiella tayi,0.0011657589123812433,269,Random Forest,0.7415403585426574,0.05890198952181386
Veillonella rogosae,0.0011609148750281475,270,Random Forest,0.7415403585426574,0.05890198952181386
Culturomica massiliensis,0.0011569096422105346,271,Random Forest,0.7415403585426574,0.05890198952181386
GGB9758 SGB15368,0.0011562071006635591,272,Random Forest,0.7415403585426574,0.05890198952181386
GGB9593 SGB15015,0.0011542099715120713,273,Random Forest,0.7415403585426574,0.05890198952181386
Fusobacteriaceae bacterium,0.0011532659994402028,274,Random Forest,0.7415403585426574,0.05890198952181386
Trueperella pyogenes,0.0011516966338559345,275,Random Forest,0.7415403585426574,0.05890198952181386
GGB9618 SGB15065,0.0011498067492275031,276,Random Forest,0.7415403585426574,0.05890198952181386
Bacteroides faecis,0.0011495882076556206,277,Random Forest,0.7415403585426574,0.05890198952181386
Lachnoclostridium sp An138,0.0011481872581084976,278,Random Forest,0.7415403585426574,0.05890198952181386
Bacteroides faecalis,0.001147351888558696,279,Random Forest,0.7415403585426574,0.05890198952181386
GGB9730 SGB15291,0.0011408586518090469,280,Random Forest,0.7415403585426574,0.05890198952181386
Actinomyces bouchesdurhonensis,0.0011396162137964653,281,Random Forest,0.7415403585426574,0.05890198952181386
Allisonella histaminiformans,0.0011363547388725317,282,Random Forest,0.7415403585426574,0.05890198952181386
GGB9619 SGB15067,0.0011358268736278078,283,Random Forest,0.7415403585426574,0.05890198952181386
Faecalibacterium SGB15345,0.0011356722604345007,284,Random Forest,0.7415403585426574,0.05890198952181386
GGB9557 SGB14966,0.0011340185096282208,285,Random Forest,0.7415403585426574,0.05890198952181386
Negativibacillus massiliensis,0.001133480507397756,286,Random Forest,0.7415403585426574,0.05890198952181386
Anaerococcus obesiensis,0.0011310414981022857,287,Random Forest,0.7415403585426574,0.05890198952181386
GGB9627 SGB15081,0.0011304923515264526,288,Random Forest,0.7415403585426574,0.05890198952181386
GGB9623 SGB15076,0.0011255061122828383,289,Random Forest,0.7415403585426574,0.05890198952181386
GGB9634 SGB15093,0.0011196776356443318,290,Random Forest,0.7415403585426574,0.05890198952181386
Desulfovibrio piger,0.0011163604857206985,291,Random Forest,0.7415403585426574,0.05890198952181386
Ruminococcaceae unclassified SGB15265,0.0011065215770682142,292,Random Forest,0.7415403585426574,0.05890198952181386
Enterocloster asparagiformis,0.0011006695956468514,293,Random Forest,0.7415403585426574,0.05890198952181386
Lachnospiraceae bacterium OM04 12BH,0.0010976718249085778,294,Random Forest,0.7415403585426574,0.05890198952181386
Mediterraneibacter glycyrrhizinilyticus,0.0010976663783433596,295,Random Forest,0.7415403585426574,0.05890198952181386
GGB9642 SGB15119,0.0010925405103035858,296,Random Forest,0.7415403585426574,0.05890198952181386
GGB35068 SGB47850,0.0010911832310342385,297,Random Forest,0.7415403585426574,0.05890198952181386
GGB9494 SGB14891,0.0010821020362798556,298,Random Forest,0.7415403585426574,0.05890198952181386
Streptococcus oralis,0.0010779893187096653,299,Random Forest,0.7415403585426574,0.05890198952181386
Senegalimassilia faecalis,0.0010775104154774416,300,Random Forest,0.7415403585426574,0.05890198952181386
Eubacterium siraeum,0.0010765142891187847,301,Random Forest,0.7415403585426574,0.05890198952181386
Clostridia bacterium 12CBH8,0.0010675937692430947,302,Random Forest,0.7415403585426574,0.05890198952181386
GGB3537 SGB4727,0.001065735197223356,303,Random Forest,0.7415403585426574,0.05890198952181386
Dielma fastidiosa,0.001060209734733637,304,Random Forest,0.7415403585426574,0.05890198952181386
Bittarella massiliensis,0.0010572616839677263,305,Random Forest,0.7415403585426574,0.05890198952181386
Blautia producta,0.0010557644830127705,306,Random Forest,0.7415403585426574,0.05890198952181386
Oribacterium sp oral taxon 078,0.0010556466128779965,307,Random Forest,0.7415403585426574,0.05890198952181386
GGB9636 SGB15107,0.001050983745578296,308,Random Forest,0.7415403585426574,0.05890198952181386
Clostridia unclassified SGB4367,0.0010461150627942522,309,Random Forest,0.7415403585426574,0.05890198952181386
GGB6606 SGB9340,0.0010369707413929747,310,Random Forest,0.7415403585426574,0.05890198952181386
GGB9694 SGB15201,0.001035866329692235,311,Random Forest,0.7415403585426574,0.05890198952181386
Bifidobacterium dentium,0.0010265590899764458,312,Random Forest,0.7415403585426574,0.05890198952181386
Enterococcus faecalis,0.001025907205898928,313,Random Forest,0.7415403585426574,0.05890198952181386
Escherichia marmotae,0.0010251975518006337,314,Random Forest,0.7415403585426574,0.05890198952181386
Alistipes ihumii,0.001022025001015046,315,Random Forest,0.7415403585426574,0.05890198952181386
Lachnospiraceae bacterium NSJ 29,0.0010218926650868267,316,Random Forest,0.7415403585426574,0.05890198952181386
Clostridium spiroforme,0.0010211310884300994,317,Random Forest,0.7415403585426574,0.05890198952181386
Dialister invisus,0.0010137692607314953,318,Random Forest,0.7415403585426574,0.05890198952181386
Haemophilus influenzae,0.001013570241792972,319,Random Forest,0.7415403585426574,0.05890198952181386
Leuconostoc mesenteroides,0.001009021500049902,320,Random Forest,0.7415403585426574,0.05890198952181386
Slackia exigua,0.0010072444987097202,321,Random Forest,0.7415403585426574,0.05890198952181386
Ruminococcaceae bacterium AM07 15,0.0010071201280788518,322,Random Forest,0.7415403585426574,0.05890198952181386
Intestinimonas timonensis,0.0010067790429613016,323,Random Forest,0.7415403585426574,0.05890198952181386
Enterococcus faecium,0.0010058532339155366,324,Random Forest,0.7415403585426574,0.05890198952181386
Clostridiaceae unclassified SGB4769,0.0010034291174483658,325,Random Forest,0.7415403585426574,0.05890198952181386
Clostridium sp AF36 4,0.0009950312389443287,326,Random Forest,0.7415403585426574,0.05890198952181386
Clostridia unclassified SGB71281,0.000994999954618901,327,Random Forest,0.7415403585426574,0.05890198952181386
Alistipes sp AF17 16,0.0009946353726824017,328,Random Forest,0.7415403585426574,0.05890198952181386
Eubacterium sp An11,0.0009940236348981665,329,Random Forest,0.7415403585426574,0.05890198952181386
Fusobacterium mortiferum,0.0009889621131434485,330,Random Forest,0.7415403585426574,0.05890198952181386
GGB9707 SGB15229,0.000988277029367283,331,Random Forest,0.7415403585426574,0.05890198952181386
Christensenella minuta,0.0009881014650037596,332,Random Forest,0.7415403585426574,0.05890198952181386
Lachnoclostridium SGB4598,0.0009793208672492933,333,Random Forest,0.7415403585426574,0.05890198952181386
Candidatus Pseudobutyricicoccus lothianensis,0.000977592091715571,334,Random Forest,0.7415403585426574,0.05890198952181386
Fusobacterium varium,0.0009752602722959766,335,Random Forest,0.7415403585426574,0.05890198952181386
GGB9677 SGB15180,0.0009724161806930617,336,Random Forest,0.7415403585426574,0.05890198952181386
Ruminococcaceae unclassified SGB15234,0.0009679003410577442,337,Random Forest,0.7415403585426574,0.05890198952181386
Alistipes inops,0.0009676413368989976,338,Random Forest,0.7415403585426574,0.05890198952181386
Intestinimonas gabonensis,0.0009626043501047576,339,Random Forest,0.7415403585426574,0.05890198952181386
Blautia SGB4831,0.0009598895405532063,340,Random Forest,0.7415403585426574,0.05890198952181386
GGB9568 SGB14980,0.0009594795799749244,341,Random Forest,0.7415403585426574,0.05890198952181386
Angelakisella massiliensis,0.0009575489112822943,342,Random Forest,0.7415403585426574,0.05890198952181386
Candidatus Nanosynsacchari sp TM7 ANC 38 39 G1 1,0.000954623601916684,343,Random Forest,0.7415403585426574,0.05890198952181386
Mesosutterella multiformis,0.0009528852506809811,344,Random Forest,0.7415403585426574,0.05890198952181386
GGB3570 SGB4777,0.0009507532528496759,345,Random Forest,0.7415403585426574,0.05890198952181386
Bifidobacterium breve,0.0009494621278034272,346,Random Forest,0.7415403585426574,0.05890198952181386
GGB9590 SGB15012,0.000949387595537751,347,Random Forest,0.7415403585426574,0.05890198952181386
Streptococcus equinus,0.000946149721612392,348,Random Forest,0.7415403585426574,0.05890198952181386
GGB58233 SGB79883,0.0009448632377482757,349,Random Forest,0.7415403585426574,0.05890198952181386
GGB4482 SGB6176,0.0009448049858796781,350,Random Forest,0.7415403585426574,0.05890198952181386
Phascolarctobacterium succinatutens,0.0009423550950896748,351,Random Forest,0.7415403585426574,0.05890198952181386
Alistipes dispar,0.0009399754637372595,352,Random Forest,0.7415403585426574,0.05890198952181386
GGB9637 SGB15111,0.0009376178374304166,353,Random Forest,0.7415403585426574,0.05890198952181386
Anaerostipes caccae,0.0009362692987990315,354,Random Forest,0.7415403585426574,0.05890198952181386
GGB9512 SGB14909,0.0009360509414535368,355,Random Forest,0.7415403585426574,0.05890198952181386
Ruminococcus sp AF41 9,0.0009336504361192084,356,Random Forest,0.7415403585426574,0.05890198952181386
Prevotella SGB1680,0.0009327937081039601,357,Random Forest,0.7415403585426574,0.05890198952181386
GGB9524 SGB14924,0.0009320867561780994,358,Random Forest,0.7415403585426574,0.05890198952181386
Ruminococcaceae unclassified SGB15233,0.0009311921897418802,359,Random Forest,0.7415403585426574,0.05890198952181386
Paraprevotella xylaniphila,0.0009295290382483926,360,Random Forest,0.7415403585426574,0.05890198952181386
Anaeroglobus geminatus,0.0009294642441730786,361,Random Forest,0.7415403585426574,0.05890198952181386
Actinomyces sp ICM58,0.0009285112952238259,362,Random Forest,0.7415403585426574,0.05890198952181386
Lachnospira sp NSJ 43,0.0009274517663356942,363,Random Forest,0.7415403585426574,0.05890198952181386
Massilioclostridium coli,0.0009272120758133712,364,Random Forest,0.7415403585426574,0.05890198952181386
Eggerthellaceae unclassified SGB14341,0.0009256974416753331,365,Random Forest,0.7415403585426574,0.05890198952181386
Porphyromonas endodontalis,0.0009185115141452978,366,Random Forest,0.7415403585426574,0.05890198952181386
Blautia sp AF19 10LB,0.0009178689794754772,367,Random Forest,0.7415403585426574,0.05890198952181386
GGB9635 SGB15106,0.0009130349528081374,368,Random Forest,0.7415403585426574,0.05890198952181386
GGB39918 SGB47522,0.0009100641237711349,369,Random Forest,0.7415403585426574,0.05890198952181386
Clostridium sp AM42 4,0.0009097767983767844,370,Random Forest,0.7415403585426574,0.05890198952181386
Candidatus Gallimonas merdae,0.0009065034985082454,371,Random Forest,0.7415403585426574,0.05890198952181386
Isoptericola variabilis,0.0009063211112273293,372,Random Forest,0.7415403585426574,0.05890198952181386
Sutterella parvirubra,0.0009041959262666947,373,Random Forest,0.7415403585426574,0.05890198952181386
Roseburia SGB4958,0.0009020357259560163,374,Random Forest,0.7415403585426574,0.05890198952181386
Eubacterium sulci,0.0009013039058983112,375,Random Forest,0.7415403585426574,0.05890198952181386
Holdemanella biformis,0.000899659707650385,376,Random Forest,0.7415403585426574,0.05890198952181386
Clostridium sp AF27 2AA,0.0008994369104996199,377,Random Forest,0.7415403585426574,0.05890198952181386
Parasutterella SGB9260,0.0008943132839749447,378,Random Forest,0.7415403585426574,0.05890198952181386
Neobittarella massiliensis,0.0008935643691648204,379,Random Forest,0.7415403585426574,0.05890198952181386
Eubacterium sp AF15 50,0.0008924133879726233,380,Random Forest,0.7415403585426574,0.05890198952181386
GGB9712 SGB15244,0.0008919271456081993,381,Random Forest,0.7415403585426574,0.05890198952181386
Clostridia unclassified SGB15402,0.0008853360571762587,382,Random Forest,0.7415403585426574,0.05890198952181386
Oscillibacter sp PC13,0.0008799139312383363,383,Random Forest,0.7415403585426574,0.05890198952181386
Blautia hansenii,0.0008776229908454971,384,Random Forest,0.7415403585426574,0.05890198952181386
Clostridium scindens,0.0008764860198893961,385,Random Forest,0.7415403585426574,0.05890198952181386
Lachnospira SGB5076,0.0008757858246527456,386,Random Forest,0.7415403585426574,0.05890198952181386
GGB4456 SGB6141,0.0008747494646475144,387,Random Forest,0.7415403585426574,0.05890198952181386
Kytococcus sedentarius,0.0008736815807770662,388,Random Forest,0.7415403585426574,0.05890198952181386
GGB9559 SGB14969,0.000871118588398169,389,Random Forest,0.7415403585426574,0.05890198952181386
Lactobacillus gasseri,0.0008709362481690951,390,Random Forest,0.7415403585426574,0.05890198952181386
GGB9646 SGB15123,0.0008688668774463299,391,Random Forest,0.7415403585426574,0.05890198952181386
Acidaminococcus massiliensis,0.000868234553808457,392,Random Forest,0.7415403585426574,0.05890198952181386
Streptococcus sinensis,0.0008665930802168036,393,Random Forest,0.7415403585426574,0.05890198952181386
Latilactobacillus sakei,0.0008650512255672802,394,Random Forest,0.7415403585426574,0.05890198952181386
GGB51441 SGB71759,0.0008639805103527716,395,Random Forest,0.7415403585426574,0.05890198952181386
Megasphaera micronuciformis,0.0008617871205096044,396,Random Forest,0.7415403585426574,0.05890198952181386
Faecalimonas umbilicata,0.0008592358248637373,397,Random Forest,0.7415403585426574,0.05890198952181386
Eubacterium infirmum,0.0008576187897108581,398,Random Forest,0.7415403585426574,0.05890198952181386
GGB9644 SGB15121,0.0008575897770095126,399,Random Forest,0.7415403585426574,0.05890198952181386
Hydrogeniiclostidium mannosilyticum,0.0008550463996841899,400,Random Forest,0.7415403585426574,0.05890198952181386
Morganella morganii,0.0008536805637518484,401,Random Forest,0.7415403585426574,0.05890198952181386
GGB4599 SGB6362,0.00085324330186938,402,Random Forest,0.7415403585426574,0.05890198952181386
Streptococcus cristatus,0.0008523653659247024,403,Random Forest,0.7415403585426574,0.05890198952181386
Clostridium sp AF34 13,0.0008514224618169707,404,Random Forest,0.7415403585426574,0.05890198952181386
Lachnospiraceae bacterium oral taxon 096,0.0008505954671753855,405,Random Forest,0.7415403585426574,0.05890198952181386
Roseburia sp AF02 12,0.0008487491103786233,406,Random Forest,0.7415403585426574,0.05890198952181386
Actinomyces sp ICM47,0.0008479119751870981,407,Random Forest,0.7415403585426574,0.05890198952181386
Enterocloster lavalensis,0.0008474098096537379,408,Random Forest,0.7415403585426574,0.05890198952181386
Acidaminococcaceae bacterium,0.0008428376680392738,409,Random Forest,0.7415403585426574,0.05890198952181386
GGB3887 SGB5270,0.0008426751830111188,410,Random Forest,0.7415403585426574,0.05890198952181386
Gemmiger SGB15295,0.0008398920665192435,411,Random Forest,0.7415403585426574,0.05890198952181386
Ruminococcus lactaris,0.0008386757775960107,412,Random Forest,0.7415403585426574,0.05890198952181386
Candidatus Gastranaerophilales bacterium,0.0008347846212413631,413,Random Forest,0.7415403585426574,0.05890198952181386
GGB58158 SGB79798,0.0008326213263924484,414,Random Forest,0.7415403585426574,0.05890198952181386
Massilimaliae timonensis,0.0008317199678905852,415,Random Forest,0.7415403585426574,0.05890198952181386
GGB1495 SGB2071,0.0008312336773290595,416,Random Forest,0.7415403585426574,0.05890198952181386
Lachnospiraceae bacterium BX3,0.0008299033547665306,417,Random Forest,0.7415403585426574,0.05890198952181386
Leuconostoc citreum,0.000828464245516757,418,Random Forest,0.7415403585426574,0.05890198952181386
Prevotella copri clade B,0.0008268959770466068,419,Random Forest,0.7415403585426574,0.05890198952181386
Blautia caecimuris,0.0008254873527536753,420,Random Forest,0.7415403585426574,0.05890198952181386
Clostridium sp SN20,0.000825094421808817,421,Random Forest,0.7415403585426574,0.05890198952181386
Haemophilus parahaemolyticus,0.0008231807935930136,422,Random Forest,0.7415403585426574,0.05890198952181386
Eggerthellaceae bacterium,0.0008199794526735383,423,Random Forest,0.7415403585426574,0.05890198952181386
Collinsella intestinalis,0.0008198722635700331,424,Random Forest,0.7415403585426574,0.05890198952181386
Eubacterium sp AM28 29,0.0008172026603673015,425,Random Forest,0.7415403585426574,0.05890198952181386
GGB4487 SGB6184,0.0008152445960282106,426,Random Forest,0.7415403585426574,0.05890198952181386
GGB2982 SGB3964,0.0008147032030750136,427,Random Forest,0.7415403585426574,0.05890198952181386
Bifidobacterium catenulatum,0.0008142317217717972,428,Random Forest,0.7415403585426574,0.05890198952181386
Actinomyces SGB17154,0.0008140255380845827,429,Random Forest,0.7415403585426574,0.05890198952181386
Citrobacter freundii,0.0008137283727975399,430,Random Forest,0.7415403585426574,0.05890198952181386
Clostridium disporicum,0.0008083630047376509,431,Random Forest,0.7415403585426574,0.05890198952181386
GGB9631 SGB15085,0.0008055235110730471,432,Random Forest,0.7415403585426574,0.05890198952181386
Proteus mirabilis,0.000804155715516792,433,Random Forest,0.7415403585426574,0.05890198952181386
Candidatus Neoruminococcus faecicola,0.0008003007164042928,434,Random Forest,0.7415403585426574,0.05890198952181386
Streptococcus gallolyticus,0.0008000852366873862,435,Random Forest,0.7415403585426574,0.05890198952181386
GGB1243 SGB1663,0.0007981296499334377,436,Random Forest,0.7415403585426574,0.05890198952181386
GGB9622 SGB15074,0.0007980355033510352,437,Random Forest,0.7415403585426574,0.05890198952181386
Slackia isoflavoniconvertens,0.0007956923567318766,438,Random Forest,0.7415403585426574,0.05890198952181386
GGB9667 SGB15164,0.0007931020545995642,439,Random Forest,0.7415403585426574,0.05890198952181386
TM7 phylum sp oral taxon 348,0.000790937132534764,440,Random Forest,0.7415403585426574,0.05890198952181386
Peptococcaceae bacterium,0.0007896657180709972,441,Random Forest,0.7415403585426574,0.05890198952181386
Candidatus Nanosynbacter lyticus,0.0007885614967051783,442,Random Forest,0.7415403585426574,0.05890198952181386
Streptococcus rubneri,0.0007829379093625469,443,Random Forest,0.7415403585426574,0.05890198952181386
Bifidobacterium bifidum,0.0007824005194913347,444,Random Forest,0.7415403585426574,0.05890198952181386
Ruminococcus sp NSJ 71,0.000781545387171442,445,Random Forest,0.7415403585426574,0.05890198952181386
Candidatus Parachristensenella avicola,0.0007787482991914957,446,Random Forest,0.7415403585426574,0.05890198952181386
Lawsonella clevelandensis,0.0007780661241542217,447,Random Forest,0.7415403585426574,0.05890198952181386
GGB3034 SGB4030,0.0007776463962600671,448,Random Forest,0.7415403585426574,0.05890198952181386
Mediterraneibacter sp gm002,0.0007775256298971075,449,Random Forest,0.7415403585426574,0.05890198952181386
Porphyromonas SGB1980,0.0007773335002566651,450,Random Forest,0.7415403585426574,0.05890198952181386
Eisenbergiella massiliensis,0.0007767413120878075,451,Random Forest,0.7415403585426574,0.05890198952181386
Prevotella sp P4 51,0.0007739832513472983,452,Random Forest,0.7415403585426574,0.05890198952181386
Clostridiales unclassified SGB15150,0.0007737321445438715,453,Random Forest,0.7415403585426574,0.05890198952181386
Butyricimonas synergistica,0.0007689420199521034,454,Random Forest,0.7415403585426574,0.05890198952181386
Streptococcus mutans,0.0007655477132715754,455,Random Forest,0.7415403585426574,0.05890198952181386
Eikenella corrodens,0.000764955181978539,456,Random Forest,0.7415403585426574,0.05890198952181386
Ruminococcaceae bacterium UBA1375,0.0007647410126611193,457,Random Forest,0.7415403585426574,0.05890198952181386
Blautia faecicola,0.0007637912523833642,458,Random Forest,0.7415403585426574,0.05890198952181386
GGB4651 SGB6438,0.0007607091814596084,459,Random Forest,0.7415403585426574,0.05890198952181386
Parascardovia denticolens,0.0007592554655463798,460,Random Forest,0.7415403585426574,0.05890198952181386
Lactococcus lactis,0.0007574052734621117,461,Random Forest,0.7415403585426574,0.05890198952181386
GGB45495 SGB63167,0.0007558797277013462,462,Random Forest,0.7415403585426574,0.05890198952181386
Coprobacter fastidiosus,0.0007551345948612322,463,Random Forest,0.7415403585426574,0.05890198952181386
Candidatus Pseudoruminococcus merdavium,0.0007550570233913455,464,Random Forest,0.7415403585426574,0.05890198952181386
Veillonella tobetsuensis,0.0007545212779718341,465,Random Forest,0.7415403585426574,0.05890198952181386
Blautia sp MSK 21 1,0.0007526892249053556,466,Random Forest,0.7415403585426574,0.05890198952181386
Phocaeicola abscessus,0.0007512976384240452,467,Random Forest,0.7415403585426574,0.05890198952181386
GGB9551 SGB14958,0.0007504331857848211,468,Random Forest,0.7415403585426574,0.05890198952181386
Coprobacillus cateniformis,0.0007500973285939071,469,Random Forest,0.7415403585426574,0.05890198952181386
Rikenellaceae bacterium,0.0007472459252557174,470,Random Forest,0.7415403585426574,0.05890198952181386
GGB9709 SGB15238,0.0007438633286896736,471,Random Forest,0.7415403585426574,0.05890198952181386
Gemella SGB7284,0.0007434664493450725,472,Random Forest,0.7415403585426574,0.05890198952181386
GGB45432 SGB63101,0.0007432035673083138,473,Random Forest,0.7415403585426574,0.05890198952181386
GGB9618 SGB15064,0.0007420052564789927,474,Random Forest,0.7415403585426574,0.05890198952181386
Fusobacterium pseudoperiodonticum,0.0007419324010133827,475,Random Forest,0.7415403585426574,0.05890198952181386
Prevotella pallens,0.000737874327439026,476,Random Forest,0.7415403585426574,0.05890198952181386
GGB9695 SGB15211,0.0007367418259984508,477,Random Forest,0.7415403585426574,0.05890198952181386
Amedibacillus dolichus,0.0007367155032213638,478,Random Forest,0.7415403585426574,0.05890198952181386
Clostridium sp CL 2,0.0007348888613417066,479,Random Forest,0.7415403585426574,0.05890198952181386
Fusobacterium gonidiaformans,0.0007345544308918451,480,Random Forest,0.7415403585426574,0.05890198952181386
Bacilli unclassified SGB6478,0.0007340181701509613,481,Random Forest,0.7415403585426574,0.05890198952181386
Coriobacteriia bacterium,0.0007333792856895125,482,Random Forest,0.7415403585426574,0.05890198952181386
GGB45491 SGB63163,0.0007330490434224851,483,Random Forest,0.7415403585426574,0.05890198952181386
GGB35456 SGB47582,0.000731306770260736,484,Random Forest,0.7415403585426574,0.05890198952181386
Aeromonas veronii,0.000730833456789783,485,Random Forest,0.7415403585426574,0.05890198952181386
Methanobrevibacter smithii,0.0007267333628517469,486,Random Forest,0.7415403585426574,0.05890198952181386
Megamonas hypermegale,0.0007247360265906241,487,Random Forest,0.7415403585426574,0.05890198952181386
GGB4538 SGB6256,0.0007237435060129441,488,Random Forest,0.7415403585426574,0.05890198952181386
GGB2977 SGB3959,0.0007220554064943179,489,Random Forest,0.7415403585426574,0.05890198952181386
Roseburia sp AM23 20,0.0007200979276927337,490,Random Forest,0.7415403585426574,0.05890198952181386
Rothia dentocariosa,0.0007193840769083037,491,Random Forest,0.7415403585426574,0.05890198952181386
Bacilli unclassified SGB6428,0.0007190720494847176,492,Random Forest,0.7415403585426574,0.05890198952181386
GGB3277 SGB4327,0.0007185509278759102,493,Random Forest,0.7415403585426574,0.05890198952181386
Lawsonibacter sp NSJ 51,0.0007147345254307545,494,Random Forest,0.7415403585426574,0.05890198952181386
Lachnoclostridium sp An14,0.0007131286292803833,495,Random Forest,0.7415403585426574,0.05890198952181386
Anaerotignum lactatifermentans,0.000709858777004454,496,Random Forest,0.7415403585426574,0.05890198952181386
Aggregatibacter segnis,0.0007097247135009115,497,Random Forest,0.7415403585426574,0.05890198952181386
Massilistercora timonensis,0.0007096054575337253,498,Random Forest,0.7415403585426574,0.05890198952181386
Abiotrophia defectiva,0.0007069182681996788,499,Random Forest,0.7415403585426574,0.05890198952181386
Ligilactobacillus salivarius,0.0007065480742479348,500,Random Forest,0.7415403585426574,0.05890198952181386
Parabacteroides johnsonii,0.0007054080184554163,501,Random Forest,0.7415403585426574,0.05890198952181386
GGB12796 SGB19893,0.0007036535629586836,502,Random Forest,0.7415403585426574,0.05890198952181386
GGB36331 SGB53806,0.0007006350552862105,503,Random Forest,0.7415403585426574,0.05890198952181386
Ruminococcus SGB4421,0.0006997527056787023,504,Random Forest,0.7415403585426574,0.05890198952181386
Intestinibacter SGB6139,0.0006993979611432156,505,Random Forest,0.7415403585426574,0.05890198952181386
Catenibacillus scindens,0.0006986679529157555,506,Random Forest,0.7415403585426574,0.05890198952181386
GGB3385 SGB4471,0.000698600803879616,507,Random Forest,0.7415403585426574,0.05890198952181386
Blautia sp OF03 15BH,0.0006936540547113437,508,Random Forest,0.7415403585426574,0.05890198952181386
GGB9615 SGB15051,0.0006929616676642153,509,Random Forest,0.7415403585426574,0.05890198952181386
Turicimonas muris,0.000687632908811532,510,Random Forest,0.7415403585426574,0.05890198952181386
GGB12790 SGB19845,0.0006873239436642513,511,Random Forest,0.7415403585426574,0.05890198952181386
GGB58485 SGB80143,0.0006869787833082284,512,Random Forest,0.7415403585426574,0.05890198952181386
Gemella haemolysans,0.0006856493815343824,513,Random Forest,0.7415403585426574,0.05890198952181386
Streptococcus agalactiae,0.0006804954512846493,514,Random Forest,0.7415403585426574,0.05890198952181386
Anaerococcus lactolyticus,0.0006788136166278638,515,Random Forest,0.7415403585426574,0.05890198952181386
Raoultibacter timonensis,0.0006775149478043644,516,Random Forest,0.7415403585426574,0.05890198952181386
Butyricimonas paravirosa,0.0006750547694735435,517,Random Forest,0.7415403585426574,0.05890198952181386
Erysipelotrichaceae bacterium,0.0006740319382436111,518,Random Forest,0.7415403585426574,0.05890198952181386
Catenibacterium sp AM22 15,0.0006735363112024494,519,Random Forest,0.7415403585426574,0.05890198952181386
Streptococcus dysgalactiae,0.0006735077913137534,520,Random Forest,0.7415403585426574,0.05890198952181386
Eubacterium sp AF34 35BH,0.0006720695488774688,521,Random Forest,0.7415403585426574,0.05890198952181386
GGB4549 SGB6271,0.0006690304357596093,522,Random Forest,0.7415403585426574,0.05890198952181386
Ruminococcaceae unclassified SGB15257,0.0006686590172922972,523,Random Forest,0.7415403585426574,0.05890198952181386
Eggerthellaceae unclassified SGB14322,0.0006669414074698171,524,Random Forest,0.7415403585426574,0.05890198952181386
Blautia sp MSK 20 85,0.0006668799607661482,525,Random Forest,0.7415403585426574,0.05890198952181386
Clostridium sp AF15 49,0.0006668549885484082,526,Random Forest,0.7415403585426574,0.05890198952181386
Lachnospiraceae unclassified SGB4882,0.0006664346803983351,527,Random Forest,0.7415403585426574,0.05890198952181386
GGB9610 SGB15045,0.0006642606813925427,528,Random Forest,0.7415403585426574,0.05890198952181386
GGB6612 SGB9346,0.0006635595369474289,529,Random Forest,0.7415403585426574,0.05890198952181386
Clostridia unclassified SGB6276,0.0006632759336938266,530,Random Forest,0.7415403585426574,0.05890198952181386
Alloprevotella tannerae,0.0006606394985451565,531,Random Forest,0.7415403585426574,0.05890198952181386
Candidatus Methanomethylophilus alvus,0.0006602131882674734,532,Random Forest,0.7415403585426574,0.05890198952181386
Selenomonas SGB5880,0.0006599998454369863,533,Random Forest,0.7415403585426574,0.05890198952181386
GGB9705 SGB15225,0.0006597999655174608,534,Random Forest,0.7415403585426574,0.05890198952181386
GGB6613 SGB9347,0.0006594582702761873,535,Random Forest,0.7415403585426574,0.05890198952181386
Bacteroides togonis,0.0006587135525138331,536,Random Forest,0.7415403585426574,0.05890198952181386
Eubacterium sp NSJ 61,0.0006574024496475707,537,Random Forest,0.7415403585426574,0.05890198952181386
Candidatus Alloruminococcus vanvlietii,0.000657293655209575,538,Random Forest,0.7415403585426574,0.05890198952181386
Enorma burkinafasonensis,0.00065697157050184,539,Random Forest,0.7415403585426574,0.05890198952181386
Lacticaseibacillus rhamnosus,0.0006549342561687588,540,Random Forest,0.7415403585426574,0.05890198952181386
GGB38171 SGB72433,0.0006527717396539598,541,Random Forest,0.7415403585426574,0.05890198952181386
Bacilli bacterium,0.0006517808326523317,542,Random Forest,0.7415403585426574,0.05890198952181386
Faecalicatena orotica,0.000651711896970238,543,Random Forest,0.7415403585426574,0.05890198952181386
GGB9347 SGB14313,0.0006514563671588682,544,Random Forest,0.7415403585426574,0.05890198952181386
GGB3510 SGB4687,0.000650222336021199,545,Random Forest,0.7415403585426574,0.05890198952181386
GGB9615 SGB15052,0.0006495110192121289,546,Random Forest,0.7415403585426574,0.05890198952181386
Oribacterium sinus,0.0006469757819957541,547,Random Forest,0.7415403585426574,0.05890198952181386
Campylobacter concisus,0.0006452766342481238,548,Random Forest,0.7415403585426574,0.05890198952181386
Holdemania massiliensis,0.0006446372979707305,549,Random Forest,0.7415403585426574,0.05890198952181386
GGB51510 SGB71883,0.0006437318204891856,550,Random Forest,0.7415403585426574,0.05890198952181386
Clostridium SGB6179,0.0006422050278087103,551,Random Forest,0.7415403585426574,0.05890198952181386
Ruminococcaceae bacterium D5,0.0006396715476407246,552,Random Forest,0.7415403585426574,0.05890198952181386
GGB9818 SGB15459,0.0006386131977008126,553,Random Forest,0.7415403585426574,0.05890198952181386
Ruminococcaceae unclassified SGB15236,0.0006376377151381237,554,Random Forest,0.7415403585426574,0.05890198952181386
Clostridia unclassified SGB66170,0.0006367984878323583,555,Random Forest,0.7415403585426574,0.05890198952181386
GGB9595 SGB15019,0.0006366344765457002,556,Random Forest,0.7415403585426574,0.05890198952181386
Klebsiella grimontii,0.0006327662692974743,557,Random Forest,0.7415403585426574,0.05890198952181386
GGB3569 SGB4776,0.0006326797160667832,558,Random Forest,0.7415403585426574,0.05890198952181386
Klebsiella michiganensis,0.000630246657580795,559,Random Forest,0.7415403585426574,0.05890198952181386
Desulfovibrionaceae bacterium,0.0006300381025658424,560,Random Forest,0.7415403585426574,0.05890198952181386
GGB9597 SGB15022,0.0006300085039294455,561,Random Forest,0.7415403585426574,0.05890198952181386
Gordonibacter urolithinfaciens,0.0006277752339355141,562,Random Forest,0.7415403585426574,0.05890198952181386
Aeromonas hydrophila,0.0006253387807374807,563,Random Forest,0.7415403585426574,0.05890198952181386
GGB9635 SGB15103,0.0006250186137363371,564,Random Forest,0.7415403585426574,0.05890198952181386
Lactonifactor sp BIOML A6,0.0006244524229329824,565,Random Forest,0.7415403585426574,0.05890198952181386
Desulfovibrio desulfuricans,0.0006239401923038408,566,Random Forest,0.7415403585426574,0.05890198952181386
Gardnerella vaginalis,0.0006233961078454693,567,Random Forest,0.7415403585426574,0.05890198952181386
Megasphaera sp AM44 1BH,0.0006225100527926903,568,Random Forest,0.7415403585426574,0.05890198952181386
GGB9635 SGB15104,0.000621764492158594,569,Random Forest,0.7415403585426574,0.05890198952181386
Actinomyces oris,0.0006207613301220554,570,Random Forest,0.7415403585426574,0.05890198952181386
Massilimaliae massiliensis,0.000617968120796809,571,Random Forest,0.7415403585426574,0.05890198952181386
Extibacter muris,0.000616888583818903,572,Random Forest,0.7415403585426574,0.05890198952181386
Clostridium saccharogumia,0.00061663353937941,573,Random Forest,0.7415403585426574,0.05890198952181386
Collinsella sp AF08 23,0.0006157486010906442,574,Random Forest,0.7415403585426574,0.05890198952181386
GGB4277 SGB5832,0.0006145988198878821,575,Random Forest,0.7415403585426574,0.05890198952181386
Senegalimassilia anaerobia,0.000614196502172172,576,Random Forest,0.7415403585426574,0.05890198952181386
Faecalitalea cylindroides,0.0006138888117277272,577,Random Forest,0.7415403585426574,0.05890198952181386
Eubacterium brachy,0.0006112167079100379,578,Random Forest,0.7415403585426574,0.05890198952181386
Candidatus Aristotella avistercoris,0.0006100321620311294,579,Random Forest,0.7415403585426574,0.05890198952181386
GGB9778 SGB15398,0.0006076754420407058,580,Random Forest,0.7415403585426574,0.05890198952181386
Gemmiger SGB15292,0.0006060901850987151,581,Random Forest,0.7415403585426574,0.05890198952181386
Parabacteroides acidifaciens,0.0006047600180252045,582,Random Forest,0.7415403585426574,0.05890198952181386
GGB1244 SGB1664,0.000604029942038243,583,Random Forest,0.7415403585426574,0.05890198952181386
Christensenellaceae bacterium NSJ 44,0.0006017689596457176,584,Random Forest,0.7415403585426574,0.05890198952181386
Clostridium perfringens,0.0006016272358288113,585,Random Forest,0.7415403585426574,0.05890198952181386
GGB9561 SGB14972,0.0006008007592316398,586,Random Forest,0.7415403585426574,0.05890198952181386
GGB9522 SGB14921,0.0005984401209775225,587,Random Forest,0.7415403585426574,0.05890198952181386
Erysipelotrichaceae bacterium 3 1 53,0.0005973800759301983,588,Random Forest,0.7415403585426574,0.05890198952181386
Klebsiella aerogenes,0.0005972388156651645,589,Random Forest,0.7415403585426574,0.05890198952181386
Porphyromonas gingivalis,0.0005972067133232879,590,Random Forest,0.7415403585426574,0.05890198952181386
Agathobaculum sp Marseille P7918,0.0005969933299591983,591,Random Forest,0.7415403585426574,0.05890198952181386
Rothia aeria,0.0005966603631073208,592,Random Forest,0.7415403585426574,0.05890198952181386
Selenomonas sp oral taxon 126,0.0005963718882085238,593,Random Forest,0.7415403585426574,0.05890198952181386
GGB9633 SGB15090,0.000595590728859816,594,Random Forest,0.7415403585426574,0.05890198952181386
GGB9237 SGB14179,0.0005920476686822628,595,Random Forest,0.7415403585426574,0.05890198952181386
Acidaminococcus fermentans,0.0005904884639653332,596,Random Forest,0.7415403585426574,0.05890198952181386
Anaerofustis stercorihominis,0.0005897770531877693,597,Random Forest,0.7415403585426574,0.05890198952181386
Lancefieldella rimae,0.0005865965681484158,598,Random Forest,0.7415403585426574,0.05890198952181386
GGB9537 SGB14940,0.0005859130525782514,599,Random Forest,0.7415403585426574,0.05890198952181386
Clostridium sp AF32 12BH,0.0005856334465770186,600,Random Forest,0.7415403585426574,0.05890198952181386
Mitsuokella multacida,0.0005847480772715799,601,Random Forest,0.7415403585426574,0.05890198952181386
GGB3677 SGB4990,0.0005830904463911506,602,Random Forest,0.7415403585426574,0.05890198952181386
Longicatena caecimuris,0.000582551915859547,603,Random Forest,0.7415403585426574,0.05890198952181386
Succinatimonas hippei,0.0005824979011026672,604,Random Forest,0.7415403585426574,0.05890198952181386
Anaerosacchariphilus sp NSJ 68,0.0005824296995466026,605,Random Forest,0.7415403585426574,0.05890198952181386
Lactobacillus delbrueckii,0.0005811088197067592,606,Random Forest,0.7415403585426574,0.05890198952181386
Prevotella buccae,0.0005807717704168196,607,Random Forest,0.7415403585426574,0.05890198952181386
Neisseria subflava,0.0005775329905355015,608,Random Forest,0.7415403585426574,0.05890198952181386
Cutibacterium acnes,0.000577315203566277,609,Random Forest,0.7415403585426574,0.05890198952181386
GGB3004 SGB3995,0.0005765025248161976,610,Random Forest,0.7415403585426574,0.05890198952181386
GGB9059 SGB13976,0.0005762762248955124,611,Random Forest,0.7415403585426574,0.05890198952181386
Parabacteroides gordonii,0.0005747758615691758,612,Random Forest,0.7415403585426574,0.05890198952181386
Corynebacterium aurimucosum,0.0005747480448703623,613,Random Forest,0.7415403585426574,0.05890198952181386
Victivallis vadensis,0.0005747056286024613,614,Random Forest,0.7415403585426574,0.05890198952181386
GGB1420 SGB1957,0.0005740759597972828,615,Random Forest,0.7415403585426574,0.05890198952181386
Butyricicoccus SGB14990,0.0005729545422051817,616,Random Forest,0.7415403585426574,0.05890198952181386
Enterococcus dispar,0.0005716010780193032,617,Random Forest,0.7415403585426574,0.05890198952181386
Butyricimonas faecihominis,0.0005710031268004567,618,Random Forest,0.7415403585426574,0.05890198952181386
GGB12785 SGB19827,0.000568581203142477,619,Random Forest,0.7415403585426574,0.05890198952181386
Mogibacterium timidum,0.0005673180002447471,620,Random Forest,0.7415403585426574,0.05890198952181386
Prevotella salivae,0.0005671060447453716,621,Random Forest,0.7415403585426574,0.05890198952181386
GGB6649 SGB9391,0.0005669684035627676,622,Random Forest,0.7415403585426574,0.05890198952181386
Oscillibacter SGB15077,0.0005662571799566965,623,Random Forest,0.7415403585426574,0.05890198952181386
GGB1266 SGB1699,0.0005650743292318182,624,Random Forest,0.7415403585426574,0.05890198952181386
GGB9635 SGB15101,0.000565051699046269,625,Random Forest,0.7415403585426574,0.05890198952181386
Dialister hominis,0.0005630771933967709,626,Random Forest,0.7415403585426574,0.05890198952181386
Clostridium methylpentosum,0.0005619243066599409,627,Random Forest,0.7415403585426574,0.05890198952181386
Enterococcus avium,0.0005590407015453126,628,Random Forest,0.7415403585426574,0.05890198952181386
Clostridiales bacterium UBA1390,0.0005581363010509576,629,Random Forest,0.7415403585426574,0.05890198952181386
GGB9621 SGB15073,0.0005564890501379171,630,Random Forest,0.7415403585426574,0.05890198952181386
Candidatus Metaruminococcus caecorum,0.0005558243658822998,631,Random Forest,0.7415403585426574,0.05890198952181386
Clostridium sp AM49 4BH,0.0005549837255096298,632,Random Forest,0.7415403585426574,0.05890198952181386
Bacteroides fluxus,0.0005545065530959365,633,Random Forest,0.7415403585426574,0.05890198952181386
Clostridium sp C5 48,0.0005532487282761611,634,Random Forest,0.7415403585426574,0.05890198952181386
Eubacterium saphenum,0.0005530586738481272,635,Random Forest,0.7415403585426574,0.05890198952181386
Lachnoanaerobaculum sp ICM7,0.0005530350886214728,636,Random Forest,0.7415403585426574,0.05890198952181386
GGB9608 SGB15041,0.0005528317589869884,637,Random Forest,0.7415403585426574,0.05890198952181386
Clostridium paraputrificum,0.0005525792437017079,638,Random Forest,0.7415403585426574,0.05890198952181386
Massilimicrobiota sp An134,0.0005525678158506896,639,Random Forest,0.7415403585426574,0.05890198952181386
Gemmiger SGB15299,0.0005491289592226405,640,Random Forest,0.7415403585426574,0.05890198952181386
Bacteroides pectinophilus,0.0005480721095672201,641,Random Forest,0.7415403585426574,0.05890198952181386
GGB3523 SGB4703,0.0005425745283108912,642,Random Forest,0.7415403585426574,0.05890198952181386
Emergencia timonensis,0.0005425530773267752,643,Random Forest,0.7415403585426574,0.05890198952181386
Prevotella disiens,0.0005404869954998357,644,Random Forest,0.7415403585426574,0.05890198952181386
GGB9634 SGB15097,0.0005398015215141065,645,Random Forest,0.7415403585426574,0.05890198952181386
Scardovia wiggsiae,0.0005378797994928442,646,Random Forest,0.7415403585426574,0.05890198952181386
Blautia hydrogenotrophica,0.0005368091307932122,647,Random Forest,0.7415403585426574,0.05890198952181386
Clostridiales bacterium Choco116,0.000536514082672419,648,Random Forest,0.7415403585426574,0.05890198952181386
GGB4584 SGB6338,0.0005360348291082569,649,Random Forest,0.7415403585426574,0.05890198952181386
GGB51959 SGB72479,0.00053546351271879,650,Random Forest,0.7415403585426574,0.05890198952181386
Oribacterium sp oral taxon 102,0.0005353145200031227,651,Random Forest,0.7415403585426574,0.05890198952181386
Lachnospiraceae bacterium NSJ 46,0.0005338971337078157,652,Random Forest,0.7415403585426574,0.05890198952181386
GGB4585 SGB6340,0.0005321877642181832,653,Random Forest,0.7415403585426574,0.05890198952181386
Intestinibacillus sp Marseille P6563,0.0005316215576319398,654,Random Forest,0.7415403585426574,0.05890198952181386
GGB45537 SGB63217,0.0005310535239253952,655,Random Forest,0.7415403585426574,0.05890198952181386
GGB4603 SGB6367,0.0005281397427894012,656,Random Forest,0.7415403585426574,0.05890198952181386
GGB6132 SGB8779,0.0005272500272048345,657,Random Forest,0.7415403585426574,0.05890198952181386
Ruminococcaceae unclassified SGB15309,0.0005267848614505879,658,Random Forest,0.7415403585426574,0.05890198952181386
Megasphaera sp BL7,0.0005263528308777718,659,Random Forest,0.7415403585426574,0.05890198952181386
Negativicoccus succinicivorans,0.0005261249711153396,660,Random Forest,0.7415403585426574,0.05890198952181386
GGB48169 SGB66172,0.000525379979031844,661,Random Forest,0.7415403585426574,0.05890198952181386
Oribacterium parvum,0.000525290770188847,662,Random Forest,0.7415403585426574,0.05890198952181386
Eubacterium callanderi,0.0005231619041201941,663,Random Forest,0.7415403585426574,0.05890198952181386
Corynebacterium argentoratense,0.00052242408988131,664,Random Forest,0.7415403585426574,0.05890198952181386
Porphyromonas asaccharolytica,0.0005192983353022761,665,Random Forest,0.7415403585426574,0.05890198952181386
GGB9532 SGB14933,0.0005187224885083485,666,Random Forest,0.7415403585426574,0.05890198952181386
GGB9454 SGB14846,0.0005181658967033595,667,Random Forest,0.7415403585426574,0.05890198952181386
Treponema medium,0.000518037849607999,668,Random Forest,0.7415403585426574,0.05890198952181386
GGB9691 SGB15198,0.0005177710701648071,669,Random Forest,0.7415403585426574,0.05890198952181386
GGB41458 SGB58520,0.0005160306629447074,670,Random Forest,0.7415403585426574,0.05890198952181386
Candidatus Neochristensenella gallicola,0.000515133149036324,671,Random Forest,0.7415403585426574,0.05890198952181386
Fusobacterium ulcerans,0.0005147544426793432,672,Random Forest,0.7415403585426574,0.05890198952181386
Blautia SGB4805,0.000513624970456664,673,Random Forest,0.7415403585426574,0.05890198952181386
Amedibacterium intestinale,0.0005128318789368628,674,Random Forest,0.7415403585426574,0.05890198952181386
Urinicoccus massiliensis,0.0005128296720805467,675,Random Forest,0.7415403585426574,0.05890198952181386
Candidatus Metaruminococcus gallistercoris,0.0005116342604888815,676,Random Forest,0.7415403585426574,0.05890198952181386
GGB3433 SGB4573,0.0005114298191614083,677,Random Forest,0.7415403585426574,0.05890198952181386
Clostridiales Family XIII Incertae Sedis unclassified SGB3978,0.0005080788644810243,678,Random Forest,0.7415403585426574,0.05890198952181386
Schaalia odontolytica,0.0005066016539674847,679,Random Forest,0.7415403585426574,0.05890198952181386
Veillonella ratti,0.000506552292854599,680,Random Forest,0.7415403585426574,0.05890198952181386
GGB1538 SGB2121,0.0005061666566652443,681,Random Forest,0.7415403585426574,0.05890198952181386
Prevotella marseillensis,0.0005044703682649781,682,Random Forest,0.7415403585426574,0.05890198952181386
GGB4491 SGB6188,0.0005030357810039178,683,Random Forest,0.7415403585426574,0.05890198952181386
GGB3385 SGB4472,0.0004994447989026677,684,Random Forest,0.7415403585426574,0.05890198952181386
GGB51960 SGB72480,0.0004988845330985074,685,Random Forest,0.7415403585426574,0.05890198952181386
Collinsella bouchesdurhonensis,0.0004987634894348103,686,Random Forest,0.7415403585426574,0.05890198952181386
GGB3491 SGB4665,0.0004977177309237751,687,Random Forest,0.7415403585426574,0.05890198952181386
GGB9774 SGB15394,0.0004971104330562685,688,Random Forest,0.7415403585426574,0.05890198952181386
GGB3614 SGB4886,0.0004970387254698054,689,Random Forest,0.7415403585426574,0.05890198952181386
Candidatus Pseudolachnospira avium,0.0004956149608526883,690,Random Forest,0.7415403585426574,0.05890198952181386
Christensenella massiliensis,0.0004954095452868726,691,Random Forest,0.7415403585426574,0.05890198952181386
Parabacteroides massiliensis,0.0004949132627530496,692,Random Forest,0.7415403585426574,0.05890198952181386
Clostridioides difficile,0.0004943895023913849,693,Random Forest,0.7415403585426574,0.05890198952181386
Lachnospiraceae bacterium 2 1 46FAA,0.0004911607527540641,694,Random Forest,0.7415403585426574,0.05890198952181386
Porphyromonas somerae,0.0004904643316277239,695,Random Forest,0.7415403585426574,0.05890198952181386
Bacteroides bouchesdurhonensis,0.0004904446580992552,696,Random Forest,0.7415403585426574,0.05890198952181386
Stomatobaculum SGB5266,0.0004874158782583882,697,Random Forest,0.7415403585426574,0.05890198952181386
Prevotella copri clade D,0.00048705055765465004,698,Random Forest,0.7415403585426574,0.05890198952181386
Campylobacter SGB19337,0.0004860877186792829,699,Random Forest,0.7415403585426574,0.05890198952181386
Clostridia unclassified SGB6376,0.00048546801119220593,700,Random Forest,0.7415403585426574,0.05890198952181386
Hafnia alvei,0.00048465053087093813,701,Random Forest,0.7415403585426574,0.05890198952181386
Klebsiella oxytoca,0.0004826737378536003,702,Random Forest,0.7415403585426574,0.05890198952181386
Oscillibacter ruminantium,0.0004825510475087131,703,Random Forest,0.7415403585426574,0.05890198952181386
Faecalibacillus faecis,0.00048224380391226487,704,Random Forest,0.7415403585426574,0.05890198952181386
GGB4566 SGB6305,0.00048107101619321215,705,Random Forest,0.7415403585426574,0.05890198952181386
Anaerotruncus massiliensis,0.0004801696098308085,706,Random Forest,0.7415403585426574,0.05890198952181386
Intestinibacillus massiliensis,0.0004798296741189416,707,Random Forest,0.7415403585426574,0.05890198952181386
Lachnoclostridium phocaeense,0.0004769749865202672,708,Random Forest,0.7415403585426574,0.05890198952181386
Butyricicoccus SGB14985,0.00047656404612771413,709,Random Forest,0.7415403585426574,0.05890198952181386
Fusobacterium necrophorum,0.0004750575839318493,710,Random Forest,0.7415403585426574,0.05890198952181386
Lachnoclostridium edouardi,0.00047456812342758036,711,Random Forest,0.7415403585426574,0.05890198952181386
Leclercia adecarboxylata,0.0004739711805610802,712,Random Forest,0.7415403585426574,0.05890198952181386
Bacilli unclassified SGB6473,0.00047342339131161684,713,Random Forest,0.7415403585426574,0.05890198952181386
Prevotella sp oral taxon 473,0.0004731682930860084,714,Random Forest,0.7415403585426574,0.05890198952181386
Fretibacterium fastidiosum,0.0004730639879396206,715,Random Forest,0.7415403585426574,0.05890198952181386
Lachnospiraceae unclassified SGB71704,0.00047284510684616744,716,Random Forest,0.7415403585426574,0.05890198952181386
Cuneatibacter caecimuris,0.0004726505025664362,717,Random Forest,0.7415403585426574,0.05890198952181386
Clostridiales bacterium 1 7 47FAA,0.00046920253565721997,718,Random Forest,0.7415403585426574,0.05890198952181386
Prevotella oris,0.0004666353666585961,719,Random Forest,0.7415403585426574,0.05890198952181386
GGB3817 SGB5182,0.00046660278832399505,720,Random Forest,0.7415403585426574,0.05890198952181386
GGB9620 SGB15068,0.0004656825242764174,721,Random Forest,0.7415403585426574,0.05890198952181386
Opitutales bacterium,0.00046565954105884757,722,Random Forest,0.7415403585426574,0.05890198952181386
Prevotella hominis,0.00046211585992910154,723,Random Forest,0.7415403585426574,0.05890198952181386
Clostridia unclassified SGB6369,0.00046209543129827155,724,Random Forest,0.7415403585426574,0.05890198952181386
GGB8965 SGB13825,0.0004561445815349976,725,Random Forest,0.7415403585426574,0.05890198952181386
Prevotella SGB1653,0.0004560369405440043,726,Random Forest,0.7415403585426574,0.05890198952181386
Raoultella ornithinolytica,0.0004559440905146844,727,Random Forest,0.7415403585426574,0.05890198952181386
Selenomonadales bacterium,0.00045508190378948995,728,Random Forest,0.7415403585426574,0.05890198952181386
Candidatus Nanoperiomorbus periodonticus,0.0004521603355288539,729,Random Forest,0.7415403585426574,0.05890198952181386
Enterococcus gallinarum,0.00044859599922732153,730,Random Forest,0.7415403585426574,0.05890198952181386
Phocaeicola sartorii,0.00044634481448745393,731,Random Forest,0.7415403585426574,0.05890198952181386
GGB9640 SGB15115,0.0004461907363596365,732,Random Forest,0.7415403585426574,0.05890198952181386
Alistipes provencensis,0.0004446596809841434,733,Random Forest,0.7415403585426574,0.05890198952181386
Streptococcus pneumoniae,0.00044395655541180895,734,Random Forest,0.7415403585426574,0.05890198952181386
GGB42389 SGB59559,0.00044210375886992925,735,Random Forest,0.7415403585426574,0.05890198952181386
Prevotella sp 885,0.0004417005027261187,736,Random Forest,0.7415403585426574,0.05890198952181386
Lachnoanaerobaculum orale,0.0004406026729569879,737,Random Forest,0.7415403585426574,0.05890198952181386
Treponema denticola,0.0004383669378152364,738,Random Forest,0.7415403585426574,0.05890198952181386
Acidaminococcus intestini,0.0004369925123854323,739,Random Forest,0.7415403585426574,0.05890198952181386
GGB4482 SGB6177,0.0004368690745116123,740,Random Forest,0.7415403585426574,0.05890198952181386
Prevotella jejuni,0.00043457893910633206,741,Random Forest,0.7415403585426574,0.05890198952181386
Rikenellaceae unclassified SGB2230,0.0004329465602734792,742,Random Forest,0.7415403585426574,0.05890198952181386
Fructilactobacillus sanfranciscensis,0.0004305292161056359,743,Random Forest,0.7415403585426574,0.05890198952181386
GGB49418 SGB69331,0.0004300602570540741,744,Random Forest,0.7415403585426574,0.05890198952181386
Haemophilus haemolyticus,0.0004298098769880771,745,Random Forest,0.7415403585426574,0.05890198952181386
Collinsella tanakaei,0.00042712555945666544,746,Random Forest,0.7415403585426574,0.05890198952181386
Pseudoflavonifractor sp AF19 9AC,0.0004265483124439979,747,Random Forest,0.7415403585426574,0.05890198952181386
GGB9621 SGB15072,0.00042596113556236416,748,Random Forest,0.7415403585426574,0.05890198952181386
Shewanella algae,0.0004250288792090644,749,Random Forest,0.7415403585426574,0.05890198952181386
GGB781 SGB1024,0.0004248913861123522,750,Random Forest,0.7415403585426574,0.05890198952181386
Candidatus Cryptoclostridium obscurum,0.00042478713900790885,751,Random Forest,0.7415403585426574,0.05890198952181386
GGB9729 SGB15288,0.0004244635683582452,752,Random Forest,0.7415403585426574,0.05890198952181386
Clostridia unclassified SGB71368,0.00042353727583022545,753,Random Forest,0.7415403585426574,0.05890198952181386
Lactobacillus mucosae,0.0004225256825010013,754,Random Forest,0.7415403585426574,0.05890198952181386
Clostridiales bacterium NSJ 40,0.0004221548135508421,755,Random Forest,0.7415403585426574,0.05890198952181386
Desulfovibrio fairfieldensis,0.00042075886073500765,756,Random Forest,0.7415403585426574,0.05890198952181386
Comamonas kerstersii,0.0004196173730574808,757,Random Forest,0.7415403585426574,0.05890198952181386
TM7 phylum sp oral taxon 350,0.0004191734615038163,758,Random Forest,0.7415403585426574,0.05890198952181386
Clostridiaceae bacterium NSJ 31,0.00041821823683440987,759,Random Forest,0.7415403585426574,0.05890198952181386
Synergistaceae bacterium,0.00041752424955581325,760,Random Forest,0.7415403585426574,0.05890198952181386
Dialister succinatiphilus,0.0004137947716916675,761,Random Forest,0.7415403585426574,0.05890198952181386
Lawsonibacter sp NSJ 52,0.00041285239888557015,762,Random Forest,0.7415403585426574,0.05890198952181386
Lactobacillus vaginalis,0.0004124124274371207,763,Random Forest,0.7415403585426574,0.05890198952181386
GGB9581 SGB79823,0.0004119926348306953,764,Random Forest,0.7415403585426574,0.05890198952181386
Olsenella sp oral taxon 807,0.00041084306845422074,765,Random Forest,0.7415403585426574,0.05890198952181386
Actinobaculum sp oral taxon 183,0.00040790940804907546,766,Random Forest,0.7415403585426574,0.05890198952181386
Clostridium celatum,0.0004068746300991444,767,Random Forest,0.7415403585426574,0.05890198952181386
GGB12785 SGB19823,0.00040639270946105115,768,Random Forest,0.7415403585426574,0.05890198952181386
Prevotella bivia,0.00040589724288685517,769,Random Forest,0.7415403585426574,0.05890198952181386
Candidatus Neoanaerotignum tabaqchaliae,0.00040589064436564424,770,Random Forest,0.7415403585426574,0.05890198952181386
Megasphaera stantonii,0.0004054377887126909,771,Random Forest,0.7415403585426574,0.05890198952181386
Prevotella nigrescens,0.0004048412484078122,772,Random Forest,0.7415403585426574,0.05890198952181386
GGB9695 SGB15210,0.00040472867432743843,773,Random Forest,0.7415403585426574,0.05890198952181386
Clostridiales bacterium BX7,0.0004046449534501707,774,Random Forest,0.7415403585426574,0.05890198952181386
Fusobacterium naviforme,0.00040436271297218044,775,Random Forest,0.7415403585426574,0.05890198952181386
Campylobacter rectus,0.00040105491226242595,776,Random Forest,0.7415403585426574,0.05890198952181386
GGB6561 SGB9269,0.0003983308041968261,777,Random Forest,0.7415403585426574,0.05890198952181386
Aggregatibacter sp oral taxon 458,0.00039754381708776267,778,Random Forest,0.7415403585426574,0.05890198952181386
GGB33432 SGB47280,0.00039502308858912447,779,Random Forest,0.7415403585426574,0.05890198952181386
Cloacibacillus porcorum,0.0003941489808046806,780,Random Forest,0.7415403585426574,0.05890198952181386
Clostridia bacterium UC5 1 1E11,0.0003935371513016959,781,Random Forest,0.7415403585426574,0.05890198952181386
GGB33516 SGB54347,0.0003924843165806679,782,Random Forest,0.7415403585426574,0.05890198952181386
Prevotella sp oral taxon 376,0.00039200043299713797,783,Random Forest,0.7415403585426574,0.05890198952181386
Streptococcus sobrinus,0.0003915568919093948,784,Random Forest,0.7415403585426574,0.05890198952181386
Eggerthella sinensis,0.00039134099643336627,785,Random Forest,0.7415403585426574,0.05890198952181386
Haemophilus sputorum,0.0003911916686805209,786,Random Forest,0.7415403585426574,0.05890198952181386
GGB3892 SGB5290,0.00039045551075780243,787,Random Forest,0.7415403585426574,0.05890198952181386
GGB9705 SGB15224,0.0003872635263536276,788,Random Forest,0.7415403585426574,0.05890198952181386
Parvimonas SGB6649,0.000386325963293361,789,Random Forest,0.7415403585426574,0.05890198952181386
Sutterella sp AM11 39,0.00038529960508490197,790,Random Forest,0.7415403585426574,0.05890198952181386
Clostridium transplantifaecale,0.0003842956572463329,791,Random Forest,0.7415403585426574,0.05890198952181386
Fournierella massiliensis,0.000383684265731154,792,Random Forest,0.7415403585426574,0.05890198952181386
Ruminococcaceae unclassified SGB4191,0.0003835458516257107,793,Random Forest,0.7415403585426574,0.05890198952181386
Limosilactobacillus fermentum,0.0003834531772230938,794,Random Forest,0.7415403585426574,0.05890198952181386
Enorma SGB14753,0.00038295588713656206,795,Random Forest,0.7415403585426574,0.05890198952181386
GGB3478 SGB4643,0.000382605503925306,796,Random Forest,0.7415403585426574,0.05890198952181386
Aggregatibacter aphrophilus,0.0003814333225279951,797,Random Forest,0.7415403585426574,0.05890198952181386
Mitsuokella jalaludinii,0.0003803817242479684,798,Random Forest,0.7415403585426574,0.05890198952181386
Pseudoflavonifractor capillosus,0.00038036516130913485,799,Random Forest,0.7415403585426574,0.05890198952181386
GGB1227 SGB1600,0.00038025968950059326,800,Random Forest,0.7415403585426574,0.05890198952181386
GGB6544 SGB9243,0.00038010642871327675,801,Random Forest,0.7415403585426574,0.05890198952181386
GGB3490 SGB4664,0.0003799624580814672,802,Random Forest,0.7415403585426574,0.05890198952181386
Olsenella uli,0.0003798266383047659,803,Random Forest,0.7415403585426574,0.05890198952181386
GGB32463 SGB47515,0.00037860767640474844,804,Random Forest,0.7415403585426574,0.05890198952181386
Candidatus Paralachnospira caecorum,0.00037752948514137064,805,Random Forest,0.7415403585426574,0.05890198952181386
Porphyromonas SGB1977,0.0003766580731499101,806,Random Forest,0.7415403585426574,0.05890198952181386
Ligilactobacillus ruminis,0.0003722669993129027,807,Random Forest,0.7415403585426574,0.05890198952181386
Filifactor alocis,0.0003688964620889759,808,Random Forest,0.7415403585426574,0.05890198952181386
Alphaproteobacteria bacterium,0.0003680371741602654,809,Random Forest,0.7415403585426574,0.05890198952181386
Butyrivibrio crossotus,0.000367660659844152,810,Random Forest,0.7415403585426574,0.05890198952181386
Prevotella histicola,0.0003663376212363528,811,Random Forest,0.7415403585426574,0.05890198952181386
Lactobacillus pontis,0.0003650253906821631,812,Random Forest,0.7415403585426574,0.05890198952181386
Bacteroides congonensis,0.0003642262638256496,813,Random Forest,0.7415403585426574,0.05890198952181386
Bulleidia extructa,0.00036388887284199555,814,Random Forest,0.7415403585426574,0.05890198952181386
Bacteroides cutis,0.0003626053008586102,815,Random Forest,0.7415403585426574,0.05890198952181386
GGB4669 SGB6458,0.00036176282986195634,816,Random Forest,0.7415403585426574,0.05890198952181386
GGB9787 SGB15410,0.0003614494954201137,817,Random Forest,0.7415403585426574,0.05890198952181386
Pseudoruminococcus massiliensis,0.0003614232283313761,818,Random Forest,0.7415403585426574,0.05890198952181386
Monoglobus pectinilyticus,0.0003610236599191768,819,Random Forest,0.7415403585426574,0.05890198952181386
Faecalicoccus pleomorphus,0.00036038915866251425,820,Random Forest,0.7415403585426574,0.05890198952181386
Corynebacterium durum,0.0003597192977660412,821,Random Forest,0.7415403585426574,0.05890198952181386
Christensenella sp NSJ 35,0.00035953966768832734,822,Random Forest,0.7415403585426574,0.05890198952181386
Prevotella lascolaii,0.00035847327783036987,823,Random Forest,0.7415403585426574,0.05890198952181386
Clostridia unclassified SGB3983,0.0003584218612077823,824,Random Forest,0.7415403585426574,0.05890198952181386
Bariatricus massiliensis,0.00035823845407032884,825,Random Forest,0.7415403585426574,0.05890198952181386
Clostridia unclassified SGB4373,0.00035802952204437105,826,Random Forest,0.7415403585426574,0.05890198952181386
GGB9694 SGB15203,0.0003580158822033066,827,Random Forest,0.7415403585426574,0.05890198952181386
Parabacteroides sp TM07 1AC,0.00035700471244235046,828,Random Forest,0.7415403585426574,0.05890198952181386
Cloacibacillus evryensis,0.0003564319943907621,829,Random Forest,0.7415403585426574,0.05890198952181386
Bacteroides oleiciplenus,0.00035608696822663665,830,Random Forest,0.7415403585426574,0.05890198952181386
Candidatus Borkfalkia ceftriaxoniphila,0.00035537466780447116,831,Random Forest,0.7415403585426574,0.05890198952181386
Butyricimonas faecalis,0.00035403845503787006,832,Random Forest,0.7415403585426574,0.05890198952181386
Lactobacillus amylovorus,0.0003534592557240555,833,Random Forest,0.7415403585426574,0.05890198952181386
GGB3532 SGB4720,0.00035324043413665886,834,Random Forest,0.7415403585426574,0.05890198952181386
Alloscardovia omnicolens,0.00035185243890079596,835,Random Forest,0.7415403585426574,0.05890198952181386
GGB10852 SGB17523,0.00035184167179250984,836,Random Forest,0.7415403585426574,0.05890198952181386
Meiothermus silvanus,0.0003518177959157507,837,Random Forest,0.7415403585426574,0.05890198952181386
GGB6574 SGB9289,0.0003517858158758035,838,Random Forest,0.7415403585426574,0.05890198952181386
Ruminococcus sp JE7A12,0.00035176583287122303,839,Random Forest,0.7415403585426574,0.05890198952181386
Oscillibacter sp NSJ 62,0.0003494134457298015,840,Random Forest,0.7415403585426574,0.05890198952181386
Clostridium butyricum,0.00034880476898344455,841,Random Forest,0.7415403585426574,0.05890198952181386
Roseburia sp AM59 24XD,0.0003486557003462247,842,Random Forest,0.7415403585426574,0.05890198952181386
Olsenella provencensis,0.00034761645165102607,843,Random Forest,0.7415403585426574,0.05890198952181386
GGB9695 SGB15209,0.0003475558215210523,844,Random Forest,0.7415403585426574,0.05890198952181386
Clostridiales Family XIII bacterium WCA MUC 591 APC 4B,0.00034715362579039786,845,Random Forest,0.7415403585426574,0.05890198952181386
Propionibacterium acidifaciens,0.0003465612873651427,846,Random Forest,0.7415403585426574,0.05890198952181386
Clostridiaceae bacterium NSJ 33,0.0003456748627911033,847,Random Forest,0.7415403585426574,0.05890198952181386
GGB1235 SGB1614,0.000344628988282186,848,Random Forest,0.7415403585426574,0.05890198952181386
Actinomyces dentalis,0.00034437018768847694,849,Random Forest,0.7415403585426574,0.05890198952181386
GGB9580 SGB14996,0.0003429896336521727,850,Random Forest,0.7415403585426574,0.05890198952181386
bacterium OL 1,0.0003423786465872411,851,Random Forest,0.7415403585426574,0.05890198952181386
Pseudoflavonifractor sp Marseille P3106,0.000342364465797553,852,Random Forest,0.7415403585426574,0.05890198952181386
Lactobacillus crispatus,0.00034169598496585127,853,Random Forest,0.7415403585426574,0.05890198952181386
Enterococcus raffinosus,0.0003404273729964505,854,Random Forest,0.7415403585426574,0.05890198952181386
Ruminococcus champanellensis,0.000339755026385606,855,Random Forest,0.7415403585426574,0.05890198952181386
Acidaminococcus SGB42794,0.0003392637464622872,856,Random Forest,0.7415403585426574,0.05890198952181386
Parabacteroides faecis,0.0003377613731498523,857,Random Forest,0.7415403585426574,0.05890198952181386
Leptotrichia trevisanii,0.00033705469755242466,858,Random Forest,0.7415403585426574,0.05890198952181386
Actinomyces sp oral taxon 897,0.0003369245439869436,859,Random Forest,0.7415403585426574,0.05890198952181386
Lachnospiraceae bacterium OF09 6,0.0003358724436916663,860,Random Forest,0.7415403585426574,0.05890198952181386
Microbacterium SGB53518,0.0003356823801019598,861,Random Forest,0.7415403585426574,0.05890198952181386
GGB4964 SGB6927,0.00033383092026245513,862,Random Forest,0.7415403585426574,0.05890198952181386
Helicobacter cinaedi,0.00033168879616260125,863,Random Forest,0.7415403585426574,0.05890198952181386
GGB3678 SGB4991,0.00033132065030554256,864,Random Forest,0.7415403585426574,0.05890198952181386
GGB1662 SGB2276,0.0003293819865225833,865,Random Forest,0.7415403585426574,0.05890198952181386
GGB6566 SGB9275,0.00032770473167690413,866,Random Forest,0.7415403585426574,0.05890198952181386
GGB6547 SGB9247,0.00032756322955855636,867,Random Forest,0.7415403585426574,0.05890198952181386
Clostridium cocleatum,0.00032575843054960584,868,Random Forest,0.7415403585426574,0.05890198952181386
Limosilactobacillus oris,0.0003253885583835317,869,Random Forest,0.7415403585426574,0.05890198952181386
Campylobacter ureolyticus,0.0003248881614667029,870,Random Forest,0.7415403585426574,0.05890198952181386
Roseburia SGB4939,0.0003241275964571422,871,Random Forest,0.7415403585426574,0.05890198952181386
Flavobacteriales bacterium,0.00032356346330004044,872,Random Forest,0.7415403585426574,0.05890198952181386
Roseburia SGB4949,0.0003223767921867314,873,Random Forest,0.7415403585426574,0.05890198952181386
GGB1681 SGB2313,0.0003222806876386999,874,Random Forest,0.7415403585426574,0.05890198952181386
Butyricimonas sp Marseille P3923,0.0003210861902006336,875,Random Forest,0.7415403585426574,0.05890198952181386
GGB3623 SGB4900,0.00032071459370436935,876,Random Forest,0.7415403585426574,0.05890198952181386
GGB2732 SGB58358,0.00031980295880047933,877,Random Forest,0.7415403585426574,0.05890198952181386
Subdoligranulum SGB15305,0.0003195775576148382,878,Random Forest,0.7415403585426574,0.05890198952181386
Lacticaseibacillus paracasei,0.00031885337979790376,879,Random Forest,0.7415403585426574,0.05890198952181386
GGB2734 SGB3677,0.00031805463481821976,880,Random Forest,0.7415403585426574,0.05890198952181386
GGB12790 SGB19844,0.00031755106196918045,881,Random Forest,0.7415403585426574,0.05890198952181386
GGB9278 SGB14230,0.00031754255367322796,882,Random Forest,0.7415403585426574,0.05890198952181386
GGB1239 SGB1657,0.00031637164894646636,883,Random Forest,0.7415403585426574,0.05890198952181386
Peptoniphilus harei,0.0003162737070876715,884,Random Forest,0.7415403585426574,0.05890198952181386
Streptococcus intermedius,0.00031601472427493125,885,Random Forest,0.7415403585426574,0.05890198952181386
Bacilli unclassified SGB6571,0.00031552377022739885,886,Random Forest,0.7415403585426574,0.05890198952181386
Candidatus Metalachnospira gallinarum,0.0003155121507608898,887,Random Forest,0.7415403585426574,0.05890198952181386
Methanosphaera stadtmanae,0.0003153435505539329,888,Random Forest,0.7415403585426574,0.05890198952181386
Clostridia unclassified SGB6293,0.0003148769626277613,889,Random Forest,0.7415403585426574,0.05890198952181386
Bacillus subtilis,0.0003147941569612965,890,Random Forest,0.7415403585426574,0.05890198952181386
Enorma massiliensis,0.00031378254767357465,891,Random Forest,0.7415403585426574,0.05890198952181386
Bilophila SGB15450,0.0003137602913404427,892,Random Forest,0.7415403585426574,0.05890198952181386
Clostridia unclassified SGB6385,0.00031311382881113334,893,Random Forest,0.7415403585426574,0.05890198952181386
Peptococcus niger,0.0003119622410406763,894,Random Forest,0.7415403585426574,0.05890198952181386
Anaerofilum sp BX8,0.00031194506675152347,895,Random Forest,0.7415403585426574,0.05890198952181386
Pauljensenia hongkongensis,0.00031169765949620325,896,Random Forest,0.7415403585426574,0.05890198952181386
Massilicoli timonensis,0.0003100783611864482,897,Random Forest,0.7415403585426574,0.05890198952181386
Leuconostoc lactis,0.0003097732813281258,898,Random Forest,0.7415403585426574,0.05890198952181386
Bifidobacterium animalis,0.00030867068392332773,899,Random Forest,0.7415403585426574,0.05890198952181386
Clostridium sp AM58 1XD,0.0003077948176202962,900,Random Forest,0.7415403585426574,0.05890198952181386
GGB9603 SGB15035,0.0003070963196274702,901,Random Forest,0.7415403585426574,0.05890198952181386
Bacilli unclassified SGB6540,0.00030633498156222474,902,Random Forest,0.7415403585426574,0.05890198952181386
Kluyvera georgiana,0.0003059958132765245,903,Random Forest,0.7415403585426574,0.05890198952181386
GGB1407 SGB1930,0.00030450982523731046,904,Random Forest,0.7415403585426574,0.05890198952181386
Acidaminococcaceae unclassified SGB5785,0.0003030739088976608,905,Random Forest,0.7415403585426574,0.05890198952181386
Campylobacter gracilis,0.00030295270214258875,906,Random Forest,0.7415403585426574,0.05890198952181386
Eubacterium nodatum,0.0003014838972581242,907,Random Forest,0.7415403585426574,0.05890198952181386
GGB9104 SGB14037,0.00030092332342003487,908,Random Forest,0.7415403585426574,0.05890198952181386
Dorea phocaeensis,0.00029957051485955596,909,Random Forest,0.7415403585426574,0.05890198952181386
Leuconostoc gelidum,0.0002994570753388258,910,Random Forest,0.7415403585426574,0.05890198952181386
Candidatus Heteroscilispira lomanii,0.0002992426717108712,911,Random Forest,0.7415403585426574,0.05890198952181386
Hafnia paralvei,0.0002988459930017667,912,Random Forest,0.7415403585426574,0.05890198952181386
Frisingicoccus SGB4674,0.0002983796624154278,913,Random Forest,0.7415403585426574,0.05890198952181386
Prevotella sp A2879,0.00029642636253808866,914,Random Forest,0.7415403585426574,0.05890198952181386
Flavonifractor sp An100,0.00029636062108305604,915,Random Forest,0.7415403585426574,0.05890198952181386
Enterococcus hirae,0.00029584642566299693,916,Random Forest,0.7415403585426574,0.05890198952181386
Lachnoanaerobaculum umeaense,0.0002958346933078728,917,Random Forest,0.7415403585426574,0.05890198952181386
Prevotella timonensis,0.0002955790156495639,918,Random Forest,0.7415403585426574,0.05890198952181386
Christensenellaceae bacterium NSJ 53,0.0002954632804706002,919,Random Forest,0.7415403585426574,0.05890198952181386
GGB1629 SGB2237,0.00029521137880787003,920,Random Forest,0.7415403585426574,0.05890198952181386
Cryptobacterium curtum,0.0002949149934653104,921,Random Forest,0.7415403585426574,0.05890198952181386
Pyramidobacter piscolens,0.00029418585269492517,922,Random Forest,0.7415403585426574,0.05890198952181386
GGB4588 SGB6347,0.0002935714085442431,923,Random Forest,0.7415403585426574,0.05890198952181386
Slackia piriformis,0.00029327556824184124,924,Random Forest,0.7415403585426574,0.05890198952181386
GGB1630 SGB2238,0.00029304982742140676,925,Random Forest,0.7415403585426574,0.05890198952181386
GGB9697 SGB15213,0.0002925770381470197,926,Random Forest,0.7415403585426574,0.05890198952181386
GGB3583 SGB4799,0.00029195962691588314,927,Random Forest,0.7415403585426574,0.05890198952181386
Leptotrichia sp oral taxon 212,0.00029178498977148993,928,Random Forest,0.7415403585426574,0.05890198952181386
Raoultibacter massiliensis,0.0002912416287390655,929,Random Forest,0.7415403585426574,0.05890198952181386
Candidatus Howiella intestinavium,0.00028953703375297207,930,Random Forest,0.7415403585426574,0.05890198952181386
GGB45597 SGB72777,0.00028919422311087753,931,Random Forest,0.7415403585426574,0.05890198952181386
Oscillospiraceae bacterium N12,0.00028857731893779716,932,Random Forest,0.7415403585426574,0.05890198952181386
Candidatus Heritagella intestinalis,0.000284718934382753,933,Random Forest,0.7415403585426574,0.05890198952181386
Holdemania sp Marseille P2844,0.0002839920313912964,934,Random Forest,0.7415403585426574,0.05890198952181386
GGB9742 SGB15348,0.0002828480362621202,935,Random Forest,0.7415403585426574,0.05890198952181386
Citrobacter murliniae,0.00028177367915148134,936,Random Forest,0.7415403585426574,0.05890198952181386
Prevotella sp Marseille P4119,0.00028110980648971175,937,Random Forest,0.7415403585426574,0.05890198952181386
GGB3733 SGB5066,0.0002811068769740257,938,Random Forest,0.7415403585426574,0.05890198952181386
Shuttleworthia satelles,0.00028110319614101515,939,Random Forest,0.7415403585426574,0.05890198952181386
Leptotrichia sp oral taxon 215,0.00028051265546238534,940,Random Forest,0.7415403585426574,0.05890198952181386
GGB9694 SGB15202,0.0002793429794333043,941,Random Forest,0.7415403585426574,0.05890198952181386
GGB4768 SGB6601,0.0002792773127121777,942,Random Forest,0.7415403585426574,0.05890198952181386
Duodenibacillus massiliensis,0.00027831771131996803,943,Random Forest,0.7415403585426574,0.05890198952181386
Christensenella sp Marseille P3954,0.00027677256913504064,944,Random Forest,0.7415403585426574,0.05890198952181386
GGB9634 SGB15095,0.00027627789169837406,945,Random Forest,0.7415403585426574,0.05890198952181386
GGB38987 SGB63305,0.0002746178046870193,946,Random Forest,0.7415403585426574,0.05890198952181386
Candidatus Allobutyricicoccus pentlandensis,0.0002734019789433901,947,Random Forest,0.7415403585426574,0.05890198952181386
Peptoniphilus lacrimalis,0.0002732889969186239,948,Random Forest,0.7415403585426574,0.05890198952181386
GGB1123 SGB1437,0.00027295174320261323,949,Random Forest,0.7415403585426574,0.05890198952181386
Parolsenella catena,0.00027259304488494094,950,Random Forest,0.7415403585426574,0.05890198952181386
Anaerofilum sp An201,0.00027212529143660474,951,Random Forest,0.7415403585426574,0.05890198952181386
Campylobacter hominis,0.0002711864238112365,952,Random Forest,0.7415403585426574,0.05890198952181386
Clostridium tertium,0.00027099950660790554,953,Random Forest,0.7415403585426574,0.05890198952181386
Frisingicoccus caecimuris,0.000270992529183051,954,Random Forest,0.7415403585426574,0.05890198952181386
Phocaeicola coprophilus,0.0002702513268623641,955,Random Forest,0.7415403585426574,0.05890198952181386
Candidatus Pseudoscilispira faecavium,0.00026933987569002245,956,Random Forest,0.7415403585426574,0.05890198952181386
GGB9239 SGB14181,0.00026927060618101706,957,Random Forest,0.7415403585426574,0.05890198952181386
Prevotella nanceiensis,0.0002679910325266055,958,Random Forest,0.7415403585426574,0.05890198952181386
Clostridiales bacterium S5 A14a,0.00026753325823967165,959,Random Forest,0.7415403585426574,0.05890198952181386
GGB4596 SGB6358,0.00026698781687403385,960,Random Forest,0.7415403585426574,0.05890198952181386
GGB3632 SGB4921,0.0002664312838247653,961,Random Forest,0.7415403585426574,0.05890198952181386
Candidatus Absconditabacteria unclassified SGB6894,0.00026588431188627655,962,Random Forest,0.7415403585426574,0.05890198952181386
Ralstonia pickettii,0.00026561862647690466,963,Random Forest,0.7415403585426574,0.05890198952181386
GGB9694 SGB15207,0.0002651038693968598,964,Random Forest,0.7415403585426574,0.05890198952181386
Prevotella ihumii,0.0002649776632562767,965,Random Forest,0.7415403585426574,0.05890198952181386
GGB12785 SGB19825,0.00026393071307869446,966,Random Forest,0.7415403585426574,0.05890198952181386
Ruminococcus gauvreauii,0.0002634270454050475,967,Random Forest,0.7415403585426574,0.05890198952181386
Olsenella timonensis,0.0002625752567718625,968,Random Forest,0.7415403585426574,0.05890198952181386
Actinomyces naeslundii,0.00026245830840872393,969,Random Forest,0.7415403585426574,0.05890198952181386
Candidatus Geddesella stercoravicola,0.000260521222534264,970,Random Forest,0.7415403585426574,0.05890198952181386
GGB3424 SGB4551,0.0002597353745242481,971,Random Forest,0.7415403585426574,0.05890198952181386
GGB4569 SGB6312,0.00025927413344603437,972,Random Forest,0.7415403585426574,0.05890198952181386
Enterococcus casseliflavus,0.00025906130294650517,973,Random Forest,0.7415403585426574,0.05890198952181386
Bacteroides stercorirosoris,0.0002585851754715199,974,Random Forest,0.7415403585426574,0.05890198952181386
GGB6012 SGB8640,0.0002573466414829916,975,Random Forest,0.7415403585426574,0.05890198952181386
Clostridia unclassified SGB14951,0.0002570817144154409,976,Random Forest,0.7415403585426574,0.05890198952181386
Bacteroidales bacterium,0.00025678257205932064,977,Random Forest,0.7415403585426574,0.05890198952181386
GGB3341 SGB4420,0.00025671640328425846,978,Random Forest,0.7415403585426574,0.05890198952181386
Citrobacter koseri,0.00025627313725395484,979,Random Forest,0.7415403585426574,0.05890198952181386
GGB13134 SGB20337,0.0002553395594932188,980,Random Forest,0.7415403585426574,0.05890198952181386
Leptotrichia wadei,0.00025493101688808486,981,Random Forest,0.7415403585426574,0.05890198952181386
Odoribacter sp AF15 53,0.0002549098283196059,982,Random Forest,0.7415403585426574,0.05890198952181386
Prevotella melaninogenica,0.00025471963439956954,983,Random Forest,0.7415403585426574,0.05890198952181386
Enorma phocaeensis,0.0002525759465664703,984,Random Forest,0.7415403585426574,0.05890198952181386
GGB9291 SGB14248,0.00025135656916509634,985,Random Forest,0.7415403585426574,0.05890198952181386
Lactobacillus helveticus,0.00025105551871871964,986,Random Forest,0.7415403585426574,0.05890198952181386
Actinomyces sp oral taxon 448,0.00025019491352824786,987,Random Forest,0.7415403585426574,0.05890198952181386
GGB3303 SGB4364,0.000250168580818955,988,Random Forest,0.7415403585426574,0.05890198952181386
Coriobacteriales unclassified SGB72475,0.0002494987895429672,989,Random Forest,0.7415403585426574,0.05890198952181386
Granulicatella elegans,0.0002493471637420453,990,Random Forest,0.7415403585426574,0.05890198952181386
Peptoniphilus duerdenii,0.00024795219922872863,991,Random Forest,0.7415403585426574,0.05890198952181386
Weissella cibaria,0.00024710959799584053,992,Random Forest,0.7415403585426574,0.05890198952181386
Stomatobaculum longum,0.00024674277772815595,993,Random Forest,0.7415403585426574,0.05890198952181386
Schaalia cardiffensis,0.00024500320812698617,994,Random Forest,0.7415403585426574,0.05890198952181386
GGB9739 SGB15313,0.0002435669873259343,995,Random Forest,0.7415403585426574,0.05890198952181386
Prevotella SGB1589,0.00024259169654772947,996,Random Forest,0.7415403585426574,0.05890198952181386
Rhodobacteraceae unclassified SGB53807,0.00024211513584728762,997,Random Forest,0.7415403585426574,0.05890198952181386
Candidatus Alangreenwoodia gallinarii,0.00024135270555943202,998,Random Forest,0.7415403585426574,0.05890198952181386
GGB4538 SGB6253,0.00024068275265690984,999,Random Forest,0.7415403585426574,0.05890198952181386
Clostridia unclassified SGB13972,0.00024052880698134083,1000,Random Forest,0.7415403585426574,0.05890198952181386
GGB4308 SGB5895,0.00023985098013022901,1001,Random Forest,0.7415403585426574,0.05890198952181386
Fusobacterium hwasookii,0.0002396209564675897,1002,Random Forest,0.7415403585426574,0.05890198952181386
Murimonas intestini,0.00023923828583603083,1003,Random Forest,0.7415403585426574,0.05890198952181386
GGB9176 SGB14114,0.00023787392355360758,1004,Random Forest,0.7415403585426574,0.05890198952181386
Actinomyces massiliensis,0.00023737956991713038,1005,Random Forest,0.7415403585426574,0.05890198952181386
GGB4676 SGB6465,0.00023707576883199945,1006,Random Forest,0.7415403585426574,0.05890198952181386
Candidatus Woodwardibium gallinarum,0.00023679855010136922,1007,Random Forest,0.7415403585426574,0.05890198952181386
Fenollaria timonensis,0.00023605458794665786,1008,Random Forest,0.7415403585426574,0.05890198952181386
Eisenbergiella sp OF01 20,0.00023604368088763974,1009,Random Forest,0.7415403585426574,0.05890198952181386
Pseudoflavonifractor sp An176,0.00023599493420178833,1010,Random Forest,0.7415403585426574,0.05890198952181386
Lactobacillus panis,0.0002351995815559582,1011,Random Forest,0.7415403585426574,0.05890198952181386
Actinomyces johnsonii,0.00023512956737739956,1012,Random Forest,0.7415403585426574,0.05890198952181386
GGB1247 SGB1668,0.0002331879873870261,1013,Random Forest,0.7415403585426574,0.05890198952181386
Candidatus Heteroclostridium caecigallinarum,0.0002320175924403497,1014,Random Forest,0.7415403585426574,0.05890198952181386
Clostridium hylemonae,0.00023124971130830422,1015,Random Forest,0.7415403585426574,0.05890198952181386
Candidatus Saccharibacteria unclassified SGB19782,0.00023075299468343328,1016,Random Forest,0.7415403585426574,0.05890198952181386
Sutterella seckii,0.00022960144336426057,1017,Random Forest,0.7415403585426574,0.05890198952181386
Eubacterium limosum,0.0002283455116920326,1018,Random Forest,0.7415403585426574,0.05890198952181386
Alistipes timonensis,0.00022785765776622878,1019,Random Forest,0.7415403585426574,0.05890198952181386
GGB1153 SGB1481,0.00022747767401735575,1020,Random Forest,0.7415403585426574,0.05890198952181386
Collinsella SGB14754,0.00022731534466918966,1021,Random Forest,0.7415403585426574,0.05890198952181386
GGB9350 SGB14317,0.00022683824970558584,1022,Random Forest,0.7415403585426574,0.05890198952181386
GGB6601 SGB9333,0.00022599960907882308,1023,Random Forest,0.7415403585426574,0.05890198952181386
GGB2945 SGB3918,0.0002257456903543619,1024,Random Forest,0.7415403585426574,0.05890198952181386
Candidatus Saccharibacteria bacterium oral taxon 488,0.00022487726881085705,1025,Random Forest,0.7415403585426574,0.05890198952181386
Peptoniphilus senegalensis,0.00022432059874252222,1026,Random Forest,0.7415403585426574,0.05890198952181386
Neglecta timonensis,0.00022389052607444646,1027,Random Forest,0.7415403585426574,0.05890198952181386
GGB1249 SGB1670,0.00022379171072349434,1028,Random Forest,0.7415403585426574,0.05890198952181386
Enterobacter mori,0.0002231645703320267,1029,Random Forest,0.7415403585426574,0.05890198952181386
GGB3751 SGB5099,0.00022289976895722586,1030,Random Forest,0.7415403585426574,0.05890198952181386
Lachnospiraceae unclassified SGB4892,0.00022122282621350335,1031,Random Forest,0.7415403585426574,0.05890198952181386
GGB9574 SGB14987,0.00022099328457354954,1032,Random Forest,0.7415403585426574,0.05890198952181386
Blastocystis sp subtype 1,0.00022019314855261694,1033,Random Forest,0.7415403585426574,0.05890198952181386
Methanomassiliicoccales archaeon,0.00021940348460550022,1034,Random Forest,0.7415403585426574,0.05890198952181386
GGB10022 SGB15896,0.00021868862563055683,1035,Random Forest,0.7415403585426574,0.05890198952181386
GGB9636 SGB15109,0.00021836135828804995,1036,Random Forest,0.7415403585426574,0.05890198952181386
Sanguibacteroides justesenii,0.00021825705500530014,1037,Random Forest,0.7415403585426574,0.05890198952181386
Coprococcus sp OM04 5BH,0.00021809877939178439,1038,Random Forest,0.7415403585426574,0.05890198952181386
Eubacterium tenue,0.0002174588920048082,1039,Random Forest,0.7415403585426574,0.05890198952181386
GGB13135 SGB20338,0.00021712116086475681,1040,Random Forest,0.7415403585426574,0.05890198952181386
GGB1246 SGB1667,0.00021688158970218372,1041,Random Forest,0.7415403585426574,0.05890198952181386
GGB4721 SGB6537,0.00021589820864810163,1042,Random Forest,0.7415403585426574,0.05890198952181386
Merdibacter massiliensis,0.00021443044723916862,1043,Random Forest,0.7415403585426574,0.05890198952181386
Ruminococcaceae unclassified SGB14835,0.00021406056254081536,1044,Random Forest,0.7415403585426574,0.05890198952181386
Eggerthia catenaformis,0.0002138725392152044,1045,Random Forest,0.7415403585426574,0.05890198952181386
GGB9270 SGB14221,0.00021370174880934976,1046,Random Forest,0.7415403585426574,0.05890198952181386
Streptococcus lutetiensis,0.0002136891918136852,1047,Random Forest,0.7415403585426574,0.05890198952181386
Anaerostipes rhamnosivorans,0.00021284972514026734,1048,Random Forest,0.7415403585426574,0.05890198952181386
GGB5997 SGB8620,0.00021210987109991308,1049,Random Forest,0.7415403585426574,0.05890198952181386
GGB9696 SGB15212,0.0002100839677548062,1050,Random Forest,0.7415403585426574,0.05890198952181386
GGB9288 SGB14243,0.00020986468472921038,1051,Random Forest,0.7415403585426574,0.05890198952181386
Parvimonas sp KA00067,0.0002087122137436915,1052,Random Forest,0.7415403585426574,0.05890198952181386
Porphyromonas uenonis,0.00020718576356400665,1053,Random Forest,0.7415403585426574,0.05890198952181386
Blautia sp Marseille P3201T,0.0002071833676313939,1054,Random Forest,0.7415403585426574,0.05890198952181386
GGB6648 SGB9389,0.00020619478295562239,1055,Random Forest,0.7415403585426574,0.05890198952181386
Prevotella SGB1675,0.00020594191048950737,1056,Random Forest,0.7415403585426574,0.05890198952181386
Clostridiales Family XIII bacterium RF 744 FAT WT 3,0.00020430097597065114,1057,Random Forest,0.7415403585426574,0.05890198952181386
GGB4687 SGB6484,0.00020376429134134755,1058,Random Forest,0.7415403585426574,0.05890198952181386
Dialister SGB5817,0.00020361933329604874,1059,Random Forest,0.7415403585426574,0.05890198952181386
Treponema succinifaciens,0.00020338920895250553,1060,Random Forest,0.7415403585426574,0.05890198952181386
GGB45599 SGB63311,0.0002031569979227211,1061,Random Forest,0.7415403585426574,0.05890198952181386
GGB4750 SGB6579,0.00020308560080118635,1062,Random Forest,0.7415403585426574,0.05890198952181386
GGB3643 SGB4948,0.00020287412578228484,1063,Random Forest,0.7415403585426574,0.05890198952181386
Pseudoramibacter alactolyticus,0.00020282842185767063,1064,Random Forest,0.7415403585426574,0.05890198952181386
Slackia equolifaciens,0.00020242372094618103,1065,Random Forest,0.7415403585426574,0.05890198952181386
Gordonibacter sp An232A,0.00020066347836387603,1066,Random Forest,0.7415403585426574,0.05890198952181386
GGB1631 SGB2239,0.0002004121004152074,1067,Random Forest,0.7415403585426574,0.05890198952181386
GGB6574 SGB9290,0.000199625331747421,1068,Random Forest,0.7415403585426574,0.05890198952181386
Bacteroides sp GM023,0.00019894308658378754,1069,Random Forest,0.7415403585426574,0.05890198952181386
Atopobium deltae,0.0001988833713333246,1070,Random Forest,0.7415403585426574,0.05890198952181386
Atlantibacter hermannii,0.00019842881990848367,1071,Random Forest,0.7415403585426574,0.05890198952181386
Candidatus Heritagella gallinarum,0.00019838215079164904,1072,Random Forest,0.7415403585426574,0.05890198952181386
GGB6608 SGB9342,0.00019799193798987887,1073,Random Forest,0.7415403585426574,0.05890198952181386
Candidatus Protoclostridium gallicola,0.0001976305788755121,1074,Random Forest,0.7415403585426574,0.05890198952181386
Coriobacteriia unclassified SGB14764,0.00019752751003702745,1075,Random Forest,0.7415403585426574,0.05890198952181386
GGB35551 SGB53794,0.00019682934265052957,1076,Random Forest,0.7415403585426574,0.05890198952181386
Prevotella corporis,0.00019624629074053475,1077,Random Forest,0.7415403585426574,0.05890198952181386
Blautia sp An249,0.0001960127931763331,1078,Random Forest,0.7415403585426574,0.05890198952181386
Clostridium sp chh4 2,0.0001948451306576466,1079,Random Forest,0.7415403585426574,0.05890198952181386
Fenollaria massiliensis,0.00019476965171738667,1080,Random Forest,0.7415403585426574,0.05890198952181386
Bacteroides heparinolyticus,0.00019475781753272608,1081,Random Forest,0.7415403585426574,0.05890198952181386
Clostridia unclassified SGB13993,0.00019435769466450578,1082,Random Forest,0.7415403585426574,0.05890198952181386
GGB3226 SGB4260,0.0001932512939855408,1083,Random Forest,0.7415403585426574,0.05890198952181386
Acholeplasmatales unclassified SGB6584,0.00019301807680201723,1084,Random Forest,0.7415403585426574,0.05890198952181386
Kluyvera sichuanensis,0.00019296286068502656,1085,Random Forest,0.7415403585426574,0.05890198952181386
GGB4700 SGB6506,0.00019267354318224726,1086,Random Forest,0.7415403585426574,0.05890198952181386
Lachnospiraceae unclassified SGB4924,0.0001914253387956879,1087,Random Forest,0.7415403585426574,0.05890198952181386
GGB9623 SGB15075,0.00019087869051138154,1088,Random Forest,0.7415403585426574,0.05890198952181386
Candidatus Stoquefichus sp SB1,0.00019046852109855952,1089,Random Forest,0.7415403585426574,0.05890198952181386
Megasphaera hominis,0.0001894429518935411,1090,Random Forest,0.7415403585426574,0.05890198952181386
Finegoldia magna,0.00018921000995587687,1091,Random Forest,0.7415403585426574,0.05890198952181386
GGB9524 SGB14923,0.000188690694888103,1092,Random Forest,0.7415403585426574,0.05890198952181386
GGB1237 SGB1623,0.00018857656448127585,1093,Random Forest,0.7415403585426574,0.05890198952181386
Coprobacillus sp AF33 1AC,0.0001884051011936798,1094,Random Forest,0.7415403585426574,0.05890198952181386
Robinsoniella peoriensis,0.00018830346120786938,1095,Random Forest,0.7415403585426574,0.05890198952181386
Mobiluncus SGB15488,0.00018810229815324655,1096,Random Forest,0.7415403585426574,0.05890198952181386
GGB1680 SGB2312,0.00018763892682950966,1097,Random Forest,0.7415403585426574,0.05890198952181386
GGB9348 SGB14315,0.00018672379684128127,1098,Random Forest,0.7415403585426574,0.05890198952181386
Christensenella sp AF73 05CM02,0.00018586094233020542,1099,Random Forest,0.7415403585426574,0.05890198952181386
GGB9730 SGB15290,0.00018500820615258612,1100,Random Forest,0.7415403585426574,0.05890198952181386
Pseudomonas aeruginosa,0.00018399765332361608,1101,Random Forest,0.7415403585426574,0.05890198952181386
GGB1632 SGB2240,0.000183892783403052,1102,Random Forest,0.7415403585426574,0.05890198952181386
GGB4533 SGB6246,0.00018365415117280667,1103,Random Forest,0.7415403585426574,0.05890198952181386
TM7 phylum sp oral taxon 351,0.000183496486539712,1104,Random Forest,0.7415403585426574,0.05890198952181386
GGB1380 SGB1883,0.0001831265900593274,1105,Random Forest,0.7415403585426574,0.05890198952181386
GGB9589 SGB15011,0.00018312094187074326,1106,Random Forest,0.7415403585426574,0.05890198952181386
Flavonifractor SGB15137,0.00018300944768270906,1107,Random Forest,0.7415403585426574,0.05890198952181386
GGB4272 SGB5822,0.00018282695225746128,1108,Random Forest,0.7415403585426574,0.05890198952181386
GGB4395 SGB6050,0.00018256043806050425,1109,Random Forest,0.7415403585426574,0.05890198952181386
Paraclostridium bifermentans,0.00018061914799810346,1110,Random Forest,0.7415403585426574,0.05890198952181386
Alistipes sp An66,0.0001801161863328655,1111,Random Forest,0.7415403585426574,0.05890198952181386
Lachnospiraceae bacterium NSJ 38,0.00017908663034732058,1112,Random Forest,0.7415403585426574,0.05890198952181386
Elizabethkingia bruuniana,0.00017899742180929392,1113,Random Forest,0.7415403585426574,0.05890198952181386
GGB9457 SGB14849,0.00017877421624435408,1114,Random Forest,0.7415403585426574,0.05890198952181386
Candidatus Neoclostridium roslinense,0.00017870963489996844,1115,Random Forest,0.7415403585426574,0.05890198952181386
GGB9560 SGB69175,0.00017816077062782188,1116,Random Forest,0.7415403585426574,0.05890198952181386
GGB9361 SGB14336,0.00017789345829801928,1117,Random Forest,0.7415403585426574,0.05890198952181386
Alistipes SGB2305,0.0001776188076853745,1118,Random Forest,0.7415403585426574,0.05890198952181386
Megasphaera massiliensis,0.0001775633140103458,1119,Random Forest,0.7415403585426574,0.05890198952181386
GGB4608 SGB6382,0.00017748594619753998,1120,Random Forest,0.7415403585426574,0.05890198952181386
GGB12788 SGB19831,0.00017726994480672315,1121,Random Forest,0.7415403585426574,0.05890198952181386
Citrobacter werkmanii,0.00017562933053946254,1122,Random Forest,0.7415403585426574,0.05890198952181386
GGB9559 SGB14968,0.00017545576352578302,1123,Random Forest,0.7415403585426574,0.05890198952181386
Lachnospiraceae unclassified SGB4890,0.0001746256561367748,1124,Random Forest,0.7415403585426574,0.05890198952181386
GGB3737 SGB5071,0.00017457396051168118,1125,Random Forest,0.7415403585426574,0.05890198952181386
GGB6567 SGB9277,0.00017376079154370527,1126,Random Forest,0.7415403585426574,0.05890198952181386
Oribacterium asaccharolyticum,0.00017360038076676717,1127,Random Forest,0.7415403585426574,0.05890198952181386
Rikenellaceae unclassified SGB2227,0.0001729625438871723,1128,Random Forest,0.7415403585426574,0.05890198952181386
Candidatus Neoanaerotignum galli,0.00017290101949845915,1129,Random Forest,0.7415403585426574,0.05890198952181386
GGB4769 SGB6602,0.00017256429182080395,1130,Random Forest,0.7415403585426574,0.05890198952181386
Bacilli unclassified SGB6422,0.00017213415886395942,1131,Random Forest,0.7415403585426574,0.05890198952181386
Candidatus Avispirillum faecium,0.00017208479350417938,1132,Random Forest,0.7415403585426574,0.05890198952181386
GGB5980 SGB8599,0.00017172649308922746,1133,Random Forest,0.7415403585426574,0.05890198952181386
GGB9101 SGB14033,0.00017089367122108927,1134,Random Forest,0.7415403585426574,0.05890198952181386
Bacteroidales unclassified SGB2135,0.00017047089566790338,1135,Random Forest,0.7415403585426574,0.05890198952181386
Bacteroides gallinarum,0.00017006475477022504,1136,Random Forest,0.7415403585426574,0.05890198952181386
GGB9104 SGB14036,0.00016963900210014348,1137,Random Forest,0.7415403585426574,0.05890198952181386
Lawsonella SGB3665,0.00016930017891059933,1138,Random Forest,0.7415403585426574,0.05890198952181386
GGB9701 SGB15218,0.00016806377227773038,1139,Random Forest,0.7415403585426574,0.05890198952181386
Propionibacterium freudenreichii,0.0001676961280805857,1140,Random Forest,0.7415403585426574,0.05890198952181386
GGB3859 SGB5234,0.00016698938865801325,1141,Random Forest,0.7415403585426574,0.05890198952181386
Scardovia inopinata,0.00016690688297681168,1142,Random Forest,0.7415403585426574,0.05890198952181386
Selenomonas bovis,0.0001667955935617504,1143,Random Forest,0.7415403585426574,0.05890198952181386
Desulfovibrio sp PG 178 WT 4,0.00016666322311490326,1144,Random Forest,0.7415403585426574,0.05890198952181386
GGB9628 SGB15082,0.00016617489085921387,1145,Random Forest,0.7415403585426574,0.05890198952181386
Levyella massiliensis,0.00016546857253579655,1146,Random Forest,0.7415403585426574,0.05890198952181386
Collinsella stercoris,0.00016544938706799877,1147,Random Forest,0.7415403585426574,0.05890198952181386
Arachnia SGB15899,0.00016475521862424012,1148,Random Forest,0.7415403585426574,0.05890198952181386
Olsenella umbonata,0.00016447671193027432,1149,Random Forest,0.7415403585426574,0.05890198952181386
GGB1109 SGB1423,0.0001643325648492487,1150,Random Forest,0.7415403585426574,0.05890198952181386
Criibacterium bergeronii,0.00016414422881492628,1151,Random Forest,0.7415403585426574,0.05890198952181386
Christensenella timonensis,0.00016297469247060874,1152,Random Forest,0.7415403585426574,0.05890198952181386
Lautropia mirabilis,0.0001628671763414304,1153,Random Forest,0.7415403585426574,0.05890198952181386
Veillonella denticariosi,0.0001617981628119747,1154,Random Forest,0.7415403585426574,0.05890198952181386
Drancourtella sp An57,0.0001614407518414696,1155,Random Forest,0.7415403585426574,0.05890198952181386
Clostridium cadaveris,0.0001611173052010408,1156,Random Forest,0.7415403585426574,0.05890198952181386
GGB6133 SGB8780,0.000160878713278013,1157,Random Forest,0.7415403585426574,0.05890198952181386
Bacilliculturomica massiliensis,0.000160731823196696,1158,Random Forest,0.7415403585426574,0.05890198952181386
Candidatus Heteroruminococcus faecigallinarum,0.00016012713752895562,1159,Random Forest,0.7415403585426574,0.05890198952181386
GGB1332 SGB1789,0.00015962922834529075,1160,Random Forest,0.7415403585426574,0.05890198952181386
Blautia sp An81,0.00015908065681914866,1161,Random Forest,0.7415403585426574,0.05890198952181386
Helicobacter pylori,0.0001587932481846675,1162,Random Forest,0.7415403585426574,0.05890198952181386
Lactobacillus johnsonii,0.00015784853983649542,1163,Random Forest,0.7415403585426574,0.05890198952181386
GGB45540 SGB63220,0.00015747563442894175,1164,Random Forest,0.7415403585426574,0.05890198952181386
Peptoniphilus sp Marseille P3761,0.00015727995915841553,1165,Random Forest,0.7415403585426574,0.05890198952181386
Fusobacteriaceae unclassified SGB6035,0.00015657523142624687,1166,Random Forest,0.7415403585426574,0.05890198952181386
Citrobacter farmeri,0.0001554192650111062,1167,Random Forest,0.7415403585426574,0.05890198952181386
Clostridia unclassified SGB14196,0.00015535670007305359,1168,Random Forest,0.7415403585426574,0.05890198952181386
GGB3343 SGB4423,0.00015456709092053823,1169,Random Forest,0.7415403585426574,0.05890198952181386
Muribaculum gordoncarteri,0.0001540967035037287,1170,Random Forest,0.7415403585426574,0.05890198952181386
Prevotella colorans,0.0001539983455994582,1171,Random Forest,0.7415403585426574,0.05890198952181386
Haemophilus paraphrohaemolyticus,0.00015375837882722001,1172,Random Forest,0.7415403585426574,0.05890198952181386
Varibaculum SGB15480,0.00015348139137183153,1173,Random Forest,0.7415403585426574,0.05890198952181386
Acidaminococcus provencensis,0.00015310312704264566,1174,Random Forest,0.7415403585426574,0.05890198952181386
GGB9687 SGB15191,0.00015295738268518522,1175,Random Forest,0.7415403585426574,0.05890198952181386
GGB1567 SGB2154,0.00015287715621338012,1176,Random Forest,0.7415403585426574,0.05890198952181386
GGB9635 SGB15102,0.0001525099957989607,1177,Random Forest,0.7415403585426574,0.05890198952181386
Bifidobacterium pseudolongum,0.0001524799172876056,1178,Random Forest,0.7415403585426574,0.05890198952181386
Actinomyces SGB15893,0.00015246368253708982,1179,Random Forest,0.7415403585426574,0.05890198952181386
GGB1460 SGB2023,0.00015241858722790544,1180,Random Forest,0.7415403585426574,0.05890198952181386
Leptotrichia sp oral taxon 223,0.0001512535438212856,1181,Random Forest,0.7415403585426574,0.05890198952181386
Olsenella profusa,0.00015108842014354283,1182,Random Forest,0.7415403585426574,0.05890198952181386
GGB4773 SGB6607,0.00015058214994689007,1183,Random Forest,0.7415403585426574,0.05890198952181386
GGB9710 SGB15239,0.00015048548416475658,1184,Random Forest,0.7415403585426574,0.05890198952181386
Peptoniphilus coxii,0.0001499884446016692,1185,Random Forest,0.7415403585426574,0.05890198952181386
GGB3606 SGB4870,0.0001498929494395042,1186,Random Forest,0.7415403585426574,0.05890198952181386
Edwardsiella tarda,0.00014947934933505304,1187,Random Forest,0.7415403585426574,0.05890198952181386
Bacteroides sp AF16 49,0.00014890095957033821,1188,Random Forest,0.7415403585426574,0.05890198952181386
Candidatus Nanogingivalis gingivitcus,0.00014871304055590116,1189,Random Forest,0.7415403585426574,0.05890198952181386
Subdoligranulum sp DSM 109015,0.0001486119161347782,1190,Random Forest,0.7415403585426574,0.05890198952181386
Arachnia SGB15898,0.0001475098817810514,1191,Random Forest,0.7415403585426574,0.05890198952181386
Clostridia unclassified SGB4317,0.00014733139319833655,1192,Random Forest,0.7415403585426574,0.05890198952181386
Alloprevotella rava,0.00014712746871180322,1193,Random Forest,0.7415403585426574,0.05890198952181386
Olsenella phocaeensis,0.0001462959816456144,1194,Random Forest,0.7415403585426574,0.05890198952181386
GGB9369 SGB14350,0.00014628227794599222,1195,Random Forest,0.7415403585426574,0.05890198952181386
Clostridium sp WCA 389 WT 23D1,0.00014623865567959938,1196,Random Forest,0.7415403585426574,0.05890198952181386
GGB6567 SGB9278,0.0001456551397652947,1197,Random Forest,0.7415403585426574,0.05890198952181386
Megasphaera sp MJR8396C,0.00014558130311808872,1198,Random Forest,0.7415403585426574,0.05890198952181386
GGB4713 SGB6526,0.0001455169373855753,1199,Random Forest,0.7415403585426574,0.05890198952181386
GGB3486 SGB4658,0.00014536144686230483,1200,Random Forest,0.7415403585426574,0.05890198952181386
GGB36472 SGB47660,0.00014495795614767867,1201,Random Forest,0.7415403585426574,0.05890198952181386
GGB4569 SGB6310,0.00014474209153835448,1202,Random Forest,0.7415403585426574,0.05890198952181386
Urmitella timonensis,0.0001440582173823271,1203,Random Forest,0.7415403585426574,0.05890198952181386
Prevotella multiformis,0.00014349741474890015,1204,Random Forest,0.7415403585426574,0.05890198952181386
GGB29535 SGB42321,0.00014338944961707242,1205,Random Forest,0.7415403585426574,0.05890198952181386
Lactococcus piscium,0.00014282135874634254,1206,Random Forest,0.7415403585426574,0.05890198952181386
Bacteroides sp AM10 21B,0.00014263644988481521,1207,Random Forest,0.7415403585426574,0.05890198952181386
Parvimonas sp oral taxon 393,0.00014244064893787937,1208,Random Forest,0.7415403585426574,0.05890198952181386
Rikenellaceae bacterium DSM 108975,0.00014241728733727278,1209,Random Forest,0.7415403585426574,0.05890198952181386
GGB9434 SGB14812,0.00014201196673057202,1210,Random Forest,0.7415403585426574,0.05890198952181386
Clostridium baratii,0.00014180325768694705,1211,Random Forest,0.7415403585426574,0.05890198952181386
Salmonella enterica,0.00014135065373214,1212,Random Forest,0.7415403585426574,0.05890198952181386
GGB45620 SGB63333,0.00014122214391535688,1213,Random Forest,0.7415403585426574,0.05890198952181386
GGB9209 SGB14148,0.00013949274400413286,1214,Random Forest,0.7415403585426574,0.05890198952181386
GGB3118 SGB4130,0.00013938678520802466,1215,Random Forest,0.7415403585426574,0.05890198952181386
GGB52930 SGB73859,0.00013839383131131381,1216,Random Forest,0.7415403585426574,0.05890198952181386
GGB1387 SGB1894,0.00013830418800477614,1217,Random Forest,0.7415403585426574,0.05890198952181386
GGB9452 SGB14843,0.00013820775040793908,1218,Random Forest,0.7415403585426574,0.05890198952181386
Mogibacterium pumilum,0.0001374319544493688,1219,Random Forest,0.7415403585426574,0.05890198952181386
GGB9480 SGB14875,0.00013700900269271034,1220,Random Forest,0.7415403585426574,0.05890198952181386
GGB3717 SGB5040,0.00013609755813043652,1221,Random Forest,0.7415403585426574,0.05890198952181386
Latilactobacillus curvatus,0.00013580870593166063,1222,Random Forest,0.7415403585426574,0.05890198952181386
Parabacteroides chinchillae,0.0001349890557175134,1223,Random Forest,0.7415403585426574,0.05890198952181386
Eggerthellaceae unclassified SGB14330,0.0001348886409267181,1224,Random Forest,0.7415403585426574,0.05890198952181386
Bacteroides mediterraneensis,0.00013458562608322167,1225,Random Forest,0.7415403585426574,0.05890198952181386
Megasphaera hexanoica,0.00013451201934177234,1226,Random Forest,0.7415403585426574,0.05890198952181386
GGB6010 SGB8637,0.00013444439657356018,1227,Random Forest,0.7415403585426574,0.05890198952181386
Peptoniphilus grossensis,0.00013397081419327334,1228,Random Forest,0.7415403585426574,0.05890198952181386
GGB3189 SGB4212,0.0001338780436285883,1229,Random Forest,0.7415403585426574,0.05890198952181386
Candidatus Roslinia caecavium,0.00013379816672118793,1230,Random Forest,0.7415403585426574,0.05890198952181386
GGB9045 SGB13947,0.00013364453787786896,1231,Random Forest,0.7415403585426574,0.05890198952181386
Eggerthella sp HF 1101,0.00013359520075909755,1232,Random Forest,0.7415403585426574,0.05890198952181386
Mediterraneibacter SGB4586,0.00013308522963418804,1233,Random Forest,0.7415403585426574,0.05890198952181386
Brachyspira pilosicoli,0.00012999989196268622,1234,Random Forest,0.7415403585426574,0.05890198952181386
Longibaculum muris,0.00012955828212809134,1235,Random Forest,0.7415403585426574,0.05890198952181386
GGB6544 SGB9242,0.0001282283280952316,1236,Random Forest,0.7415403585426574,0.05890198952181386
Slackia SGB14778,0.00012794491158693008,1237,Random Forest,0.7415403585426574,0.05890198952181386
Bacteroidaceae unclassified SGB1468,0.0001274086035676951,1238,Random Forest,0.7415403585426574,0.05890198952181386
GGB12762 SGB19792,0.00012632460280280483,1239,Random Forest,0.7415403585426574,0.05890198952181386
Candidatus Pseudoscilispira falkowii,0.00012624210316445123,1240,Random Forest,0.7415403585426574,0.05890198952181386
Ruminococcaceae bacterium Marseille P2935,0.00012565032378201508,1241,Random Forest,0.7415403585426574,0.05890198952181386
Actinomyces israelii,0.00012559079761993223,1242,Random Forest,0.7415403585426574,0.05890198952181386
Gemella bergeri,0.00012505990895365262,1243,Random Forest,0.7415403585426574,0.05890198952181386
Eggerthella sp YY7918,0.00012471536941828103,1244,Random Forest,0.7415403585426574,0.05890198952181386
Dialister SGB5820,0.0001239696761741028,1245,Random Forest,0.7415403585426574,0.05890198952181386
Terrisporobacter othiniensis,0.00012377105824793794,1246,Random Forest,0.7415403585426574,0.05890198952181386
Blautia hominis,0.00012376281090643236,1247,Random Forest,0.7415403585426574,0.05890198952181386
Bacilli unclassified SGB6487,0.00012363807055786584,1248,Random Forest,0.7415403585426574,0.05890198952181386
GGB1102 SGB1416,0.00012352092183208252,1249,Random Forest,0.7415403585426574,0.05890198952181386
Akkermansia sp KLE1605,0.0001231496787915967,1250,Random Forest,0.7415403585426574,0.05890198952181386
GGB1405 SGB1928,0.00012275432179876955,1251,Random Forest,0.7415403585426574,0.05890198952181386
Firmicutes bacterium AM41 11,0.0001224682257358893,1252,Random Forest,0.7415403585426574,0.05890198952181386
Lachnospiraceae bacterium WCA 693 APC MOT I,0.0001224361615664952,1253,Random Forest,0.7415403585426574,0.05890198952181386
GGB9608 SGB15042,0.00012079084140322112,1254,Random Forest,0.7415403585426574,0.05890198952181386
Clostridia unclassified SGB6317,0.00012073571973666617,1255,Random Forest,0.7415403585426574,0.05890198952181386
Porphyromonas pasteri,0.0001203511013045206,1256,Random Forest,0.7415403585426574,0.05890198952181386
Neisseria sicca,0.00012026419326682091,1257,Random Forest,0.7415403585426574,0.05890198952181386
GGB9636 SGB15108,0.00012015243526022131,1258,Random Forest,0.7415403585426574,0.05890198952181386
GGB4239 SGB5731,0.00012012293668033011,1259,Random Forest,0.7415403585426574,0.05890198952181386
GGB4672 SGB6461,0.00011989227040529456,1260,Random Forest,0.7415403585426574,0.05890198952181386
Leuconostoc pseudomesenteroides,0.00011958626325219415,1261,Random Forest,0.7415403585426574,0.05890198952181386
Actinomyces gerencseriae,0.00011931039922662278,1262,Random Forest,0.7415403585426574,0.05890198952181386
GGB42689 SGB59892,0.00011892007077283588,1263,Random Forest,0.7415403585426574,0.05890198952181386
Treponema maltophilum,0.00011861709800955961,1264,Random Forest,0.7415403585426574,0.05890198952181386
Lactiplantibacillus plantarum,0.00011744110723756291,1265,Random Forest,0.7415403585426574,0.05890198952181386
GGB9591 SGB15013,0.00011743655207937082,1266,Random Forest,0.7415403585426574,0.05890198952181386
GGB4739 SGB6564,0.00011728699922334636,1267,Random Forest,0.7415403585426574,0.05890198952181386
Flavonifractor sp An112,0.00011695486106233156,1268,Random Forest,0.7415403585426574,0.05890198952181386
GGB1691 SGB2323,0.00011632580322115126,1269,Random Forest,0.7415403585426574,0.05890198952181386
Clostridia unclassified SGB6307,0.0001162621336420197,1270,Random Forest,0.7415403585426574,0.05890198952181386
Porphyromonas sp HMSC065F10,0.0001159710483934059,1271,Random Forest,0.7415403585426574,0.05890198952181386
Sutterella SGB9293,0.00011560642124160139,1272,Random Forest,0.7415403585426574,0.05890198952181386
GGB6565 SGB9274,0.00011549698455443235,1273,Random Forest,0.7415403585426574,0.05890198952181386
Staphylococcus aureus,0.00011542835828624283,1274,Random Forest,0.7415403585426574,0.05890198952181386
GGB3523 SGB4702,0.00011515104383326264,1275,Random Forest,0.7415403585426574,0.05890198952181386
GGB1410 SGB1935,0.00011444317534730353,1276,Random Forest,0.7415403585426574,0.05890198952181386
Prevotella bergensis,0.00011434071113492724,1277,Random Forest,0.7415403585426574,0.05890198952181386
Clostridia unclassified SGB13999,0.00011419041625237215,1278,Random Forest,0.7415403585426574,0.05890198952181386
GGB6127 SGB8773,0.00011394133646323297,1279,Random Forest,0.7415403585426574,0.05890198952181386
GGB28319 SGB40892,0.00011313416494321451,1280,Random Forest,0.7415403585426574,0.05890198952181386
Tyzzerella sp An114,0.00011311843773975385,1281,Random Forest,0.7415403585426574,0.05890198952181386
Lactonifactor longoviformis,0.00011285973307348631,1282,Random Forest,0.7415403585426574,0.05890198952181386
GGB9580 SGB14998,0.00011227359523161642,1283,Random Forest,0.7415403585426574,0.05890198952181386
Desulfovibrio sp ZJ200,0.0001117431908677233,1284,Random Forest,0.7415403585426574,0.05890198952181386
Lactococcus laudensis,0.00011160309436342203,1285,Random Forest,0.7415403585426574,0.05890198952181386
Prevotella veroralis,0.00011135988037504572,1286,Random Forest,0.7415403585426574,0.05890198952181386
Alterileibacterium massiliense,0.0001111356905561967,1287,Random Forest,0.7415403585426574,0.05890198952181386
Limosilactobacillus reuteri,0.00011098893602567972,1288,Random Forest,0.7415403585426574,0.05890198952181386
Clostridiaceae bacterium DONG20 135,0.0001106028928984605,1289,Random Forest,0.7415403585426574,0.05890198952181386
GGB4711 SGB6524,0.00010942447668149658,1290,Random Forest,0.7415403585426574,0.05890198952181386
GGB9530 SGB14930,0.00010895657162338841,1291,Random Forest,0.7415403585426574,0.05890198952181386
Bifidobacterium angulatum,0.00010888221595735992,1292,Random Forest,0.7415403585426574,0.05890198952181386
Sneathia amnii,0.00010851055127358844,1293,Random Forest,0.7415403585426574,0.05890198952181386
Candidatus Flemingibacterium merdigallinarum,0.0001084554534196351,1294,Random Forest,0.7415403585426574,0.05890198952181386
Gemmiger sp An50,0.00010828889741664884,1295,Random Forest,0.7415403585426574,0.05890198952181386
Mitsuokella sp AF21 1AC,0.00010731728068387202,1296,Random Forest,0.7415403585426574,0.05890198952181386
GGB38987 SGB66207,0.0001070865900936187,1297,Random Forest,0.7415403585426574,0.05890198952181386
Coprococcus sp AF21 14LB,0.00010708311094060867,1298,Random Forest,0.7415403585426574,0.05890198952181386
Anaeromassilibacillus sp An172,0.00010694880810262059,1299,Random Forest,0.7415403585426574,0.05890198952181386
Ruminococcaceae unclassified SGB15251,0.00010636278989277988,1300,Random Forest,0.7415403585426574,0.05890198952181386
GGB9582 SGB15000,0.00010624375076961344,1301,Random Forest,0.7415403585426574,0.05890198952181386
Atopobium sp oral taxon 810,0.00010597040156746502,1302,Random Forest,0.7415403585426574,0.05890198952181386
Ezakiella SGB6726,0.00010589638570110889,1303,Random Forest,0.7415403585426574,0.05890198952181386
Clostridium ventriculi,0.00010550542165312664,1304,Random Forest,0.7415403585426574,0.05890198952181386
Peptidiphaga gingivicola,0.00010516490731478831,1305,Random Forest,0.7415403585426574,0.05890198952181386
GGB6128 SGB8774,0.00010513153779437433,1306,Random Forest,0.7415403585426574,0.05890198952181386
GGB3528 SGB4713,0.00010511006186123041,1307,Random Forest,0.7415403585426574,0.05890198952181386
GGB9673 SGB15172,0.00010470313388376328,1308,Random Forest,0.7415403585426574,0.05890198952181386
Pediococcus acidilactici,0.00010351902056949161,1309,Random Forest,0.7415403585426574,0.05890198952181386
Oribacterium SGB5283,0.00010312830368962112,1310,Random Forest,0.7415403585426574,0.05890198952181386
GGB9260 SGB14208,0.00010160408748871965,1311,Random Forest,0.7415403585426574,0.05890198952181386
GGB3617 SGB4891,0.0001014391307398223,1312,Random Forest,0.7415403585426574,0.05890198952181386
Streptococcus peroris,0.00010140426432289798,1313,Random Forest,0.7415403585426574,0.05890198952181386
GGB3236 SGB4274,0.00010100123217164036,1314,Random Forest,0.7415403585426574,0.05890198952181386
Eubacterium sp ER2,0.00010042818774774501,1315,Random Forest,0.7415403585426574,0.05890198952181386
Prevotella baroniae,0.00010004850527171485,1316,Random Forest,0.7415403585426574,0.05890198952181386
GGB9631 SGB15086,9.997213871808144e-05,1317,Random Forest,0.7415403585426574,0.05890198952181386
Parabacteroides bouchesdurhonensis,9.949963351083856e-05,1318,Random Forest,0.7415403585426574,0.05890198952181386
Haemophilus pittmaniae,9.862233105313799e-05,1319,Random Forest,0.7415403585426574,0.05890198952181386
GGB1267 SGB1701,9.804056173570404e-05,1320,Random Forest,0.7415403585426574,0.05890198952181386
GGB3862 SGB5239,9.782892996317378e-05,1321,Random Forest,0.7415403585426574,0.05890198952181386
Leuconostoc carnosum,9.754536654592828e-05,1322,Random Forest,0.7415403585426574,0.05890198952181386
Blautia SGB71764,9.717201380328338e-05,1323,Random Forest,0.7415403585426574,0.05890198952181386
Clostridia unclassified SGB6371,9.662779200022516e-05,1324,Random Forest,0.7415403585426574,0.05890198952181386
Traorella massiliensis,9.660632534116979e-05,1325,Random Forest,0.7415403585426574,0.05890198952181386
Collinsella phocaeensis,9.617947315389371e-05,1326,Random Forest,0.7415403585426574,0.05890198952181386
Prevotella buccalis,9.59207640747352e-05,1327,Random Forest,0.7415403585426574,0.05890198952181386
Bacteroides acidifaciens,9.550906107836918e-05,1328,Random Forest,0.7415403585426574,0.05890198952181386
Prevotella sp F0091,9.503060563319719e-05,1329,Random Forest,0.7415403585426574,0.05890198952181386
GGB27776 SGB40190,9.49118081969349e-05,1330,Random Forest,0.7415403585426574,0.05890198952181386
GGB9815 SGB15449,9.489184112187844e-05,1331,Random Forest,0.7415403585426574,0.05890198952181386
GGB1250 SGB1673,9.467510523735413e-05,1332,Random Forest,0.7415403585426574,0.05890198952181386
Butyricimonas SGB1783,9.371557601658818e-05,1333,Random Forest,0.7415403585426574,0.05890198952181386
GGB3654 SGB4965,9.367934487503334e-05,1334,Random Forest,0.7415403585426574,0.05890198952181386
Gemmiger sp An194,9.295149385905104e-05,1335,Random Forest,0.7415403585426574,0.05890198952181386
Fusobacteriaceae unclassified SGB59307,9.258508138033172e-05,1336,Random Forest,0.7415403585426574,0.05890198952181386
GGB4579 SGB6329,9.182429523378996e-05,1337,Random Forest,0.7415403585426574,0.05890198952181386
Clostridia unclassified SGB6302,9.15953398295105e-05,1338,Random Forest,0.7415403585426574,0.05890198952181386
Fannyhessea vaginae,9.152514301114182e-05,1339,Random Forest,0.7415403585426574,0.05890198952181386
GGB4602 SGB6365,9.139741057203376e-05,1340,Random Forest,0.7415403585426574,0.05890198952181386
Clostridiales bacterium Marseille P2846,9.059247837838091e-05,1341,Random Forest,0.7415403585426574,0.05890198952181386
GGB1270 SGB1705,8.990239093290976e-05,1342,Random Forest,0.7415403585426574,0.05890198952181386
Flavonifractor sp An135,8.939262657930788e-05,1343,Random Forest,0.7415403585426574,0.05890198952181386
Methanomassiliicoccaceae unclassified SGB380,8.917290876477629e-05,1344,Random Forest,0.7415403585426574,0.05890198952181386
Eubacterium sp AF22 8LB,8.912424848497834e-05,1345,Random Forest,0.7415403585426574,0.05890198952181386
Lachnospiraceae unclassified SGB5104,8.878017396442375e-05,1346,Random Forest,0.7415403585426574,0.05890198952181386
Leptotrichia hongkongensis,8.840241232400316e-05,1347,Random Forest,0.7415403585426574,0.05890198952181386
Eggerthellaceae unclassified SGB14332,8.837032623997869e-05,1348,Random Forest,0.7415403585426574,0.05890198952181386
GGB1222 SGB1592,8.80619767867352e-05,1349,Random Forest,0.7415403585426574,0.05890198952181386
Erysipelatoclostridium sp An15,8.801267764979444e-05,1350,Random Forest,0.7415403585426574,0.05890198952181386
Selenomonas noxia,8.795112531364909e-05,1351,Random Forest,0.7415403585426574,0.05890198952181386
Collinsella massiliensis,8.77451539215765e-05,1352,Random Forest,0.7415403585426574,0.05890198952181386
GGB1843 SGB2524,8.768890045117843e-05,1353,Random Forest,0.7415403585426574,0.05890198952181386
Bacteroidales unclassified SGB2076,8.759743939705467e-05,1354,Random Forest,0.7415403585426574,0.05890198952181386
Enterococcus durans,8.721736423377368e-05,1355,Random Forest,0.7415403585426574,0.05890198952181386
Citrobacter amalonaticus,8.634311177115996e-05,1356,Random Forest,0.7415403585426574,0.05890198952181386
GGB9594 SGB15016,8.567478211772195e-05,1357,Random Forest,0.7415403585426574,0.05890198952181386
GGB260 SGB362,8.434900700028379e-05,1358,Random Forest,0.7415403585426574,0.05890198952181386
Lachnospiraceae bacterium oral taxon 500,8.315050570979368e-05,1359,Random Forest,0.7415403585426574,0.05890198952181386
GGB4671 SGB6460,8.31426486546466e-05,1360,Random Forest,0.7415403585426574,0.05890198952181386
GGB4243 SGB5738,8.243261442123602e-05,1361,Random Forest,0.7415403585426574,0.05890198952181386
Atopobium sp oral taxon 199,8.183310400407243e-05,1362,Random Forest,0.7415403585426574,0.05890198952181386
GGB3003 SGB3994,8.178620139727479e-05,1363,Random Forest,0.7415403585426574,0.05890198952181386
GGB3678 SGB4992,8.174062897157713e-05,1364,Random Forest,0.7415403585426574,0.05890198952181386
GGB6007 SGB8634,8.146955076682169e-05,1365,Random Forest,0.7415403585426574,0.05890198952181386
Atopobium minutum,8.089053359524246e-05,1366,Random Forest,0.7415403585426574,0.05890198952181386
Marvinbryantia SGB4691,8.082384143800335e-05,1367,Random Forest,0.7415403585426574,0.05890198952181386
GGB9052 SGB13957,8.069431493609635e-05,1368,Random Forest,0.7415403585426574,0.05890198952181386
GGB1215 SGB1581,8.028477245278657e-05,1369,Random Forest,0.7415403585426574,0.05890198952181386
Clostridia unclassified SGB6344,8.017209738023715e-05,1370,Random Forest,0.7415403585426574,0.05890198952181386
Bacteroidales bacterium Oil RF 744 WCA WT 10,8.009288551195158e-05,1371,Random Forest,0.7415403585426574,0.05890198952181386
Pyramidobacter sp C12 8,7.974520940644186e-05,1372,Random Forest,0.7415403585426574,0.05890198952181386
Ruminococcaceae unclassified SGB20776,7.841263224783778e-05,1373,Random Forest,0.7415403585426574,0.05890198952181386
Enterobacter cloacae,7.813422551961503e-05,1374,Random Forest,0.7415403585426574,0.05890198952181386
GGB1407 SGB1931,7.805614426048058e-05,1375,Random Forest,0.7415403585426574,0.05890198952181386
GGB9331 SGB14294,7.726765012792054e-05,1376,Random Forest,0.7415403585426574,0.05890198952181386
GGB9528 SGB14928,7.708154742405521e-05,1377,Random Forest,0.7415403585426574,0.05890198952181386
GGB9716 SGB15269,7.678043833181324e-05,1378,Random Forest,0.7415403585426574,0.05890198952181386
Enteroscipio rubneri,7.671725346898391e-05,1379,Random Forest,0.7415403585426574,0.05890198952181386
Ligilactobacillus agilis,7.663799084101632e-05,1380,Random Forest,0.7415403585426574,0.05890198952181386
Prevotella koreensis,7.659624298694735e-05,1381,Random Forest,0.7415403585426574,0.05890198952181386
Clostridiales bacterium CHKCI006,7.615617326155036e-05,1382,Random Forest,0.7415403585426574,0.05890198952181386
GGB9285 SGB14238,7.55495837010112e-05,1383,Random Forest,0.7415403585426574,0.05890198952181386
Elusimicrobiales bacterium,7.482013643156208e-05,1384,Random Forest,0.7415403585426574,0.05890198952181386
Parolsenella SGB14378,7.448386155968687e-05,1385,Random Forest,0.7415403585426574,0.05890198952181386
Collinsella sp An268,7.443628398355846e-05,1386,Random Forest,0.7415403585426574,0.05890198952181386
Corynebacterium matruchotii,7.425921114227072e-05,1387,Random Forest,0.7415403585426574,0.05890198952181386
Lachnospiraceae unclassified SGB66069,7.41418498521931e-05,1388,Random Forest,0.7415403585426574,0.05890198952181386
Candidatus Gallimonas intestinalis,7.330839286017242e-05,1389,Random Forest,0.7415403585426574,0.05890198952181386
GGB9677 SGB15179,7.30628072637334e-05,1390,Random Forest,0.7415403585426574,0.05890198952181386
GGB5989 SGB21098,7.247201237360303e-05,1391,Random Forest,0.7415403585426574,0.05890198952181386
Oxalobacter SGB9385,7.221349787124564e-05,1392,Random Forest,0.7415403585426574,0.05890198952181386
GGB6522 SGB9214,7.21301503476306e-05,1393,Random Forest,0.7415403585426574,0.05890198952181386
Alistipes sp An31A,7.199479474428735e-05,1394,Random Forest,0.7415403585426574,0.05890198952181386
GGB18559 SGB27424,7.162224978224621e-05,1395,Random Forest,0.7415403585426574,0.05890198952181386
Adlercreutzia mucosicola,7.05981365179841e-05,1396,Random Forest,0.7415403585426574,0.05890198952181386
Lachnospiraceae unclassified SGB5063,7.045990363108295e-05,1397,Random Forest,0.7415403585426574,0.05890198952181386
Dialister micraerophilus,7.044075014963819e-05,1398,Random Forest,0.7415403585426574,0.05890198952181386
Bacilli unclassified SGB6493,7.03500394598503e-05,1399,Random Forest,0.7415403585426574,0.05890198952181386
GGB4701 SGB6508,7.009728488691425e-05,1400,Random Forest,0.7415403585426574,0.05890198952181386
GGB3474 SGB4637,6.925109662014636e-05,1401,Random Forest,0.7415403585426574,0.05890198952181386
GGB1219 SGB1586,6.884248985280939e-05,1402,Random Forest,0.7415403585426574,0.05890198952181386
Subdoligranulum variabile,6.871719214710157e-05,1403,Random Forest,0.7415403585426574,0.05890198952181386
Candidatus Paralachnospira avium,6.8670555278036e-05,1404,Random Forest,0.7415403585426574,0.05890198952181386
Pseudopropionibacterium propionicum,6.830326278008655e-05,1405,Random Forest,0.7415403585426574,0.05890198952181386
GGB9540 SGB14943,6.827921653255744e-05,1406,Random Forest,0.7415403585426574,0.05890198952181386
Porphyromonas bennonis,6.813237905960984e-05,1407,Random Forest,0.7415403585426574,0.05890198952181386
Bacteroides sp OF04 15BH,6.762978233051555e-05,1408,Random Forest,0.7415403585426574,0.05890198952181386
Bacteroides ndongoniae,6.760352955608463e-05,1409,Random Forest,0.7415403585426574,0.05890198952181386
Synergistes jonesii,6.744105566531435e-05,1410,Random Forest,0.7415403585426574,0.05890198952181386
GGB4888 SGB6837,6.731545952916716e-05,1411,Random Forest,0.7415403585426574,0.05890198952181386
GGB4698 SGB6498,6.68313613242455e-05,1412,Random Forest,0.7415403585426574,0.05890198952181386
GGB27774 SGB40188,6.679087858523046e-05,1413,Random Forest,0.7415403585426574,0.05890198952181386
Gordonibacter sp 28C,6.672487564560874e-05,1414,Random Forest,0.7415403585426574,0.05890198952181386
Coprococcus SGB5116,6.608144047039301e-05,1415,Random Forest,0.7415403585426574,0.05890198952181386
Prevotella oralis,6.588792689116826e-05,1416,Random Forest,0.7415403585426574,0.05890198952181386
GGB4770 SGB6604,6.573170559833524e-05,1417,Random Forest,0.7415403585426574,0.05890198952181386
Phocaeicola barnesiae,6.527410073221631e-05,1418,Random Forest,0.7415403585426574,0.05890198952181386
Candidatus Gallimonas faecium,6.50944971204757e-05,1419,Random Forest,0.7415403585426574,0.05890198952181386
Kluyvera cryocrescens,6.493343193751292e-05,1420,Random Forest,0.7415403585426574,0.05890198952181386
Actinomyces radicidentis,6.464114863626441e-05,1421,Random Forest,0.7415403585426574,0.05890198952181386
Aeromonas caviae,6.444237462201183e-05,1422,Random Forest,0.7415403585426574,0.05890198952181386
Corynebacterium variabile,6.420935241443904e-05,1423,Random Forest,0.7415403585426574,0.05890198952181386
GGB30311 SGB43288,6.39090241747812e-05,1424,Random Forest,0.7415403585426574,0.05890198952181386
GGB12761 SGB19791,6.32250525964267e-05,1425,Random Forest,0.7415403585426574,0.05890198952181386
GGB9333 SGB14296,6.286837093961371e-05,1426,Random Forest,0.7415403585426574,0.05890198952181386
Candidatus Gallimonas caecicola,6.279642610658457e-05,1427,Random Forest,0.7415403585426574,0.05890198952181386
Prevotella dentalis,6.218421962846057e-05,1428,Random Forest,0.7415403585426574,0.05890198952181386
GGB9284 SGB14237,6.211710311700026e-05,1429,Random Forest,0.7415403585426574,0.05890198952181386
Peptostreptococcus russellii,6.15904684242625e-05,1430,Random Forest,0.7415403585426574,0.05890198952181386
GGB26634 SGB38814,6.155823096035912e-05,1431,Random Forest,0.7415403585426574,0.05890198952181386
GGB9689 SGB15194,6.09138897625448e-05,1432,Random Forest,0.7415403585426574,0.05890198952181386
GGB3123 SGB4135,6.067581867558278e-05,1433,Random Forest,0.7415403585426574,0.05890198952181386
Candidatus Saccharibacteria bacterium oral taxon 955,6.03042141404276e-05,1434,Random Forest,0.7415403585426574,0.05890198952181386
Peptoanaerobacter stomatis,6.021722976983973e-05,1435,Random Forest,0.7415403585426574,0.05890198952181386
GGB9635 SGB15100,6.01507654161543e-05,1436,Random Forest,0.7415403585426574,0.05890198952181386
GGB9272 SGB14224,6.007332208371794e-05,1437,Random Forest,0.7415403585426574,0.05890198952181386
GGB4979 SGB6973,5.990329367360831e-05,1438,Random Forest,0.7415403585426574,0.05890198952181386
GGB3185 SGB4208,5.977944173148722e-05,1439,Random Forest,0.7415403585426574,0.05890198952181386
Catonella morbi,5.97364234144925e-05,1440,Random Forest,0.7415403585426574,0.05890198952181386
GGB6546 SGB9245,5.962644515407424e-05,1441,Random Forest,0.7415403585426574,0.05890198952181386
GGB1543 SGB2126,5.952046175776127e-05,1442,Random Forest,0.7415403585426574,0.05890198952181386
Desulfovibrio legallii,5.887820271852968e-05,1443,Random Forest,0.7415403585426574,0.05890198952181386
GGB6554 SGB9257,5.868005705782891e-05,1444,Random Forest,0.7415403585426574,0.05890198952181386
GGB1582 SGB2173,5.7496488757337086e-05,1445,Random Forest,0.7415403585426574,0.05890198952181386
Klebsiella indica,5.695989375749493e-05,1446,Random Forest,0.7415403585426574,0.05890198952181386
GGB9379 SGB14372,5.669734549204561e-05,1447,Random Forest,0.7415403585426574,0.05890198952181386
Alistipes SGB2310,5.651900209592484e-05,1448,Random Forest,0.7415403585426574,0.05890198952181386
Lactobacillus timonensis,5.644644633634749e-05,1449,Random Forest,0.7415403585426574,0.05890198952181386
Kluyvera ascorbata,5.644315620731826e-05,1450,Random Forest,0.7415403585426574,0.05890198952181386
GGB4550 SGB6272,5.630082803398163e-05,1451,Random Forest,0.7415403585426574,0.05890198952181386
GGB4674 SGB6463,5.619600543685679e-05,1452,Random Forest,0.7415403585426574,0.05890198952181386
Terrisporobacter mayombei,5.605018056892195e-05,1453,Random Forest,0.7415403585426574,0.05890198952181386
Ezakiella coagulans,5.5769395705424774e-05,1454,Random Forest,0.7415403585426574,0.05890198952181386
Bacilli unclassified SGB6502,5.518402021903603e-05,1455,Random Forest,0.7415403585426574,0.05890198952181386
GGB1387 SGB1895,5.490234872935295e-05,1456,Random Forest,0.7415403585426574,0.05890198952181386
Campylobacter curvus,5.399639046684431e-05,1457,Random Forest,0.7415403585426574,0.05890198952181386
Enterorhabdus sp P55,5.231702659659022e-05,1458,Random Forest,0.7415403585426574,0.05890198952181386
GGB1689 SGB2321,5.180789647466831e-05,1459,Random Forest,0.7415403585426574,0.05890198952181386
Eubacterium maltosivorans,5.1725816172107556e-05,1460,Random Forest,0.7415403585426574,0.05890198952181386
GGB4554 SGB6285,5.073473881530606e-05,1461,Random Forest,0.7415403585426574,0.05890198952181386
Sanguibacteroides SGB1777,5.0469201823765146e-05,1462,Random Forest,0.7415403585426574,0.05890198952181386
GGB9727 SGB15285,5.033637593434487e-05,1463,Random Forest,0.7415403585426574,0.05890198952181386
GGB1264 SGB1697,5.027773147926711e-05,1464,Random Forest,0.7415403585426574,0.05890198952181386
Prevotellaceae unclassified SGB1688,4.9866473168031706e-05,1465,Random Forest,0.7415403585426574,0.05890198952181386
GGB4702 SGB6509,4.958623922775005e-05,1466,Random Forest,0.7415403585426574,0.05890198952181386
GGB3394 SGB4498,4.91809372261755e-05,1467,Random Forest,0.7415403585426574,0.05890198952181386
GGB9712 SGB20770,4.8999561266256524e-05,1468,Random Forest,0.7415403585426574,0.05890198952181386
Campylobacteraceae bacterium,4.874681473398759e-05,1469,Random Forest,0.7415403585426574,0.05890198952181386
GGB9583 SGB15004,4.8533754942002715e-05,1470,Random Forest,0.7415403585426574,0.05890198952181386
Cetobacterium somerae,4.749168616738592e-05,1471,Random Forest,0.7415403585426574,0.05890198952181386
GGB4751 SGB6580,4.708758250972745e-05,1472,Random Forest,0.7415403585426574,0.05890198952181386
GGB9582 SGB15002,4.7067441262579585e-05,1473,Random Forest,0.7415403585426574,0.05890198952181386
GGB9686 SGB15190,4.679104359674023e-05,1474,Random Forest,0.7415403585426574,0.05890198952181386
GGB18384 SGB72500,4.630344742304185e-05,1475,Random Forest,0.7415403585426574,0.05890198952181386
Akkermansia sp BIOML A40,4.625720972243673e-05,1476,Random Forest,0.7415403585426574,0.05890198952181386
GGB1219 SGB1587,4.6072188814948196e-05,1477,Random Forest,0.7415403585426574,0.05890198952181386
GGB9768 SGB15386,4.533261195247716e-05,1478,Random Forest,0.7415403585426574,0.05890198952181386
GGB45461 SGB63131,4.5053169027224086e-05,1479,Random Forest,0.7415403585426574,0.05890198952181386
Collinsella sp An7,4.459640579201153e-05,1480,Random Forest,0.7415403585426574,0.05890198952181386
Clostridia unclassified SGB14024,4.4482052902866975e-05,1481,Random Forest,0.7415403585426574,0.05890198952181386
Giardia intestinalis,4.3454709724200756e-05,1482,Random Forest,0.7415403585426574,0.05890198952181386
GGB4710 SGB6522,4.2494145728807456e-05,1483,Random Forest,0.7415403585426574,0.05890198952181386
Lelliottia amnigena,4.211368918521768e-05,1484,Random Forest,0.7415403585426574,0.05890198952181386
Absicoccus porci,4.15565005608839e-05,1485,Random Forest,0.7415403585426574,0.05890198952181386
Treponema SGB69443,4.1017811756403446e-05,1486,Random Forest,0.7415403585426574,0.05890198952181386
GGB4727 SGB6548,4.0418760455559924e-05,1487,Random Forest,0.7415403585426574,0.05890198952181386
Lactobacillus acidophilus,3.876288533207902e-05,1488,Random Forest,0.7415403585426574,0.05890198952181386
Corynebacterium casei,3.850844499499995e-05,1489,Random Forest,0.7415403585426574,0.05890198952181386
Bacteroides pyogenes,3.846541799512558e-05,1490,Random Forest,0.7415403585426574,0.05890198952181386
GGB6521 SGB9212,3.770197266689046e-05,1491,Random Forest,0.7415403585426574,0.05890198952181386
GGB9086 SGB14014,3.6704437686773936e-05,1492,Random Forest,0.7415403585426574,0.05890198952181386
GGB3360 SGB4444,3.6581626114684656e-05,1493,Random Forest,0.7415403585426574,0.05890198952181386
GGB13418 SGB20686,3.65420959832917e-05,1494,Random Forest,0.7415403585426574,0.05890198952181386
GGB9303 SGB14264,3.597406040356661e-05,1495,Random Forest,0.7415403585426574,0.05890198952181386
Phoenicibacter congonensis,3.562013712091731e-05,1496,Random Forest,0.7415403585426574,0.05890198952181386
GGB4598 SGB6360,3.522440656362394e-05,1497,Random Forest,0.7415403585426574,0.05890198952181386
GGB1511 SGB2091,3.498883189952817e-05,1498,Random Forest,0.7415403585426574,0.05890198952181386
GGB26772 SGB38957,3.334397952840575e-05,1499,Random Forest,0.7415403585426574,0.05890198952181386
GGB2731 SGB3673,3.2449044295719396e-05,1500,Random Forest,0.7415403585426574,0.05890198952181386
GGB3640 SGB4937,3.242458972132752e-05,1501,Random Forest,0.7415403585426574,0.05890198952181386
GGB27792 SGB40208,3.191514830231457e-05,1502,Random Forest,0.7415403585426574,0.05890198952181386
Methanobacteriaceae archaeon,3.1664094492396574e-05,1503,Random Forest,0.7415403585426574,0.05890198952181386
GGB4641 SGB6420,3.124792120172234e-05,1504,Random Forest,0.7415403585426574,0.05890198952181386
GGB1503 SGB2082,3.018782622798883e-05,1505,Random Forest,0.7415403585426574,0.05890198952181386
Bifidobacterium pullorum,2.9693612358522107e-05,1506,Random Forest,0.7415403585426574,0.05890198952181386
GGB1223 SGB1593,2.9641467675624196e-05,1507,Random Forest,0.7415403585426574,0.05890198952181386
GGB4667 SGB6456,2.918057237968396e-05,1508,Random Forest,0.7415403585426574,0.05890198952181386
Blautia argi,2.8820042280265774e-05,1509,Random Forest,0.7415403585426574,0.05890198952181386
Dellaglioa algida,2.8809600809254535e-05,1510,Random Forest,0.7415403585426574,0.05890198952181386
GGB1116 SGB1430,2.8012387355215756e-05,1511,Random Forest,0.7415403585426574,0.05890198952181386
Pseudomonas sp PH1b,2.7237134362118244e-05,1512,Random Forest,0.7415403585426574,0.05890198952181386
Desulfovibrio sp OH1186 COT 070,2.699042175259255e-05,1513,Random Forest,0.7415403585426574,0.05890198952181386
Clostridia unclassified SGB14308,2.6918995298030532e-05,1514,Random Forest,0.7415403585426574,0.05890198952181386
Peptostreptococcus sp MV1,2.6888694112280616e-05,1515,Random Forest,0.7415403585426574,0.05890198952181386
GGB9604 SGB15036,2.6787320683366122e-05,1516,Random Forest,0.7415403585426574,0.05890198952181386
GGB9058 SGB13975,2.6716240286175187e-05,1517,Random Forest,0.7415403585426574,0.05890198952181386
GGB42711 SGB59916,2.6660750172503356e-05,1518,Random Forest,0.7415403585426574,0.05890198952181386
GGB9702 SGB15220,2.6561103034234992e-05,1519,Random Forest,0.7415403585426574,0.05890198952181386
Clostridia unclassified SGB20792,2.6373426112653724e-05,1520,Random Forest,0.7415403585426574,0.05890198952181386
Gemmiger sp An120,2.6002812877447502e-05,1521,Random Forest,0.7415403585426574,0.05890198952181386
GGB9668 SGB15165,2.5031324475081103e-05,1522,Random Forest,0.7415403585426574,0.05890198952181386
Lentisphaeria unclassified SGB9198,2.4441131910613202e-05,1523,Random Forest,0.7415403585426574,0.05890198952181386
Bacteroides sp An19,2.2907077051381798e-05,1524,Random Forest,0.7415403585426574,0.05890198952181386
Paraburkholderia bryophila,2.2638789476401685e-05,1525,Random Forest,0.7415403585426574,0.05890198952181386
Candidatus Gastranaerophilales unclassified SGB8630,2.2156724030004465e-05,1526,Random Forest,0.7415403585426574,0.05890198952181386
Gordonibacter massiliensis,2.1642504088090836e-05,1527,Random Forest,0.7415403585426574,0.05890198952181386
GGB1110 SGB1424,2.0855886366447578e-05,1528,Random Forest,0.7415403585426574,0.05890198952181386
Mediterranea massiliensis,2.046491695515482e-05,1529,Random Forest,0.7415403585426574,0.05890198952181386
GGB1621 SGB2219,2.030409671345466e-05,1530,Random Forest,0.7415403585426574,0.05890198952181386
GGB1551 SGB2136,2.028868173615157e-05,1531,Random Forest,0.7415403585426574,0.05890198952181386
GGB3738 SGB5072,1.964984442560499e-05,1532,Random Forest,0.7415403585426574,0.05890198952181386
GGB9423 SGB14792,1.9354131989884257e-05,1533,Random Forest,0.7415403585426574,0.05890198952181386
Treponema sp Marseille Q4130,1.87998483440586e-05,1534,Random Forest,0.7415403585426574,0.05890198952181386
GGB4616 SGB6391,1.78638053849394e-05,1535,Random Forest,0.7415403585426574,0.05890198952181386
GGB1617 SGB2214,1.7739579241984734e-05,1536,Random Forest,0.7415403585426574,0.05890198952181386
Lachnoclostridium SGB59850,1.7529623733288676e-05,1537,Random Forest,0.7415403585426574,0.05890198952181386
GGB4686 SGB6483,1.7262837790169736e-05,1538,Random Forest,0.7415403585426574,0.05890198952181386
Alistipes megaguti,1.7044661640641704e-05,1539,Random Forest,0.7415403585426574,0.05890198952181386
GGB6529 SGB9222,1.645267581306178e-05,1540,Random Forest,0.7415403585426574,0.05890198952181386
GGB4263 SGB5801,1.3964155931160549e-05,1541,Random Forest,0.7415403585426574,0.05890198952181386
GGB9332 SGB14295,1.1590734283516185e-05,1542,Random Forest,0.7415403585426574,0.05890198952181386
Cardiobacterium valvarum,1.1267797713616621e-05,1543,Random Forest,0.7415403585426574,0.05890198952181386
GGB4706 SGB6513,9.793708590572112e-06,1544,Random Forest,0.7415403585426574,0.05890198952181386
Pygmaiobacter massiliensis,9.134668637181681e-06,1545,Random Forest,0.7415403585426574,0.05890198952181386
GGB9169 SGB14107,6.738722868170234e-06,1546,Random Forest,0.7415403585426574,0.05890198952181386
